2025-10-18 03:56:24:182 | INFO     | server.py                 | <module>                  | ================================================================================ | 
2025-10-18 03:56:24:183 | INFO     | server.py                 | <module>                  | Starting new session | 
2025-10-18 03:56:24:183 | INFO     | server.py                 | <module>                  | ================================================================================ | 
2025-10-18 03:56:24:183 | INFO     | server.py                 | <module>                  | Logger initialized successfully | 
2025-10-18 03:56:24:186 | INFO     | utils.py                  | fetch_from_json           | Fetching EXCHANGE from constants.json. | 
2025-10-18 03:56:24:187 | DEBUG    | kite_connector.py         | _initialize_kite          | KiteConnect instance created. | 
2025-10-18 03:56:24:187 | INFO     | utils.py                  | fetch_from_json           | Fetching LIMIT_MARGIN from constants.json. | 
2025-10-18 03:56:24:192 | INFO     | server.py                 | <module>                  | Initializing broker and trader... | 
2025-10-18 03:56:24:192 | INFO     | server.py                 | <module>                  | Using broker: kite | 
2025-10-18 03:56:24:192 | INFO     | utils.py                  | get_access_token_from_json | Fetching access token from JSON file. | 
2025-10-18 03:56:24:194 | DEBUG    | kite_connector.py         | set_access_token          | Access token set: 6xNCWKzQp2fILy3KhzULLCzHJlw6JFtW | 
2025-10-18 03:56:24:194 | INFO     | server.py                 | <module>                  | Starting in development mode... | 
2025-10-18 03:56:25:872 | INFO     | kite_adapter.py           | download_instrument_list  | Successfully saved instruments to kite_instruments.csv | 
2025-10-18 03:56:25:882 | INFO     | trade_logic.py            | on_start                  | Trader on_start initialization... | 
2025-10-18 03:56:25:883 | INFO     | trade_logic.py            | refresh_open_positions_and_buy_price | Refreshing open positions and buy prices... | 
2025-10-18 03:56:26:231 | DEBUG    | trade_utils.py            | calculate_accurate_average_buy_price_and_update_positions | Calculating accurate average buy price and updating positions | 
2025-10-18 03:56:26:232 | ERROR    | trade_logic.py            | refresh_open_positions_and_buy_price | Frontend socket yet to be instantiated | 
2025-10-18 03:56:26:232 | INFO     | trade_logic.py            | refresh_open_positions_and_buy_price | Updated positions: 0 | 
2025-10-18 03:56:26:233 | DEBUG    | trade_logic.py            | refresh_open_positions_and_buy_price | {} | 
2025-10-18 03:56:26:233 | INFO     | trade_logic.py            | start_frontend_socket_server | Starting frontend socket server... | 
2025-10-18 03:56:26:327 | INFO     | trade_logic.py            | register_socket_handlers  | Registering socket event handlers... | 
2025-10-18 03:56:26:329 | INFO     | trade_logic.py            | start_frontend_socket_server | Frontend socket server thread has been launched. 🚀 | 
2025-10-18 03:56:26:329 | INFO     | server.py                 | start_socket              | Starting socket connection... | 
2025-10-18 03:56:26:330 | INFO     | server.py                 | start_socket              | Starting broker WebSocket connection... | 
2025-10-18 03:56:26:331 | INFO     | trade_logic.py            | start_trading_watcher_thread | Starting trading watcher thread... | 
2025-10-18 03:56:26:332 | INFO     | trade_logic.py            | start_trading_watcher_thread | Launching trading watcher thread 🚀 | 
2025-10-18 03:56:26:333 | INFO     | trade_logic.py            | setup_weekly_option_contract_subscriptions | Setting up weekly option contract subscriptions... | 
2025-10-18 03:56:26:334 | INFO     | trade_logic.py            | stop_loss_book_profit_core | Started trading watcher thread | 
2025-10-18 03:56:26:334 | INFO     | utils.py                  | fetch_from_json           | Fetching NEAR_MONTH_FUTURE_TOKEN from constants.json. | 
2025-10-18 03:56:26:335 | DEBUG    | trade_logic.py            | stop_loss_book_profit_core | Evaluating open positions for stop-loss/book-profit... | 
2025-10-18 03:56:26:337 | INFO     | kite_adapter.py           | get_instrument_details    | Fetching instrument details for CRUDEOIL25NOVFUT | 
2025-10-18 03:56:26:337 | DEBUG    | trade_logic.py            | stop_loss_book_profit_core | {} | 
2025-10-18 03:56:26:338 | INFO     | utils.py                  | find_matching_row_in_csv  | Searching for row in kite_instruments.csv where tradingsymbol == CRUDEOIL25NOVFUT | 
2025-10-18 03:56:26:352 | INFO     | kite_adapter.py           | get_instrument_details    | Instrument details fetched: {'instrument_token': '117218823', 'exchange_token': '457886', 'tradingsymbol': 'CRUDEOIL25NOVFUT', 'name': 'CRUDEOIL', 'last_price': '0.0', 'expiry': '2025-11-19', 'strike': '0.0', 'tick_size': '1.0', 'lot_size': '1', 'instrument_type': 'FUT', 'segment': 'MCX-FUT', 'exchange': 'MCX'} | 
2025-10-18 03:56:26:353 | INFO     | kite_utils.py             | instrument_details_attribute_mgmt | Instrument details before management: {'instrument_token': '117218823', 'exchange_token': '457886', 'tradingsymbol': 'CRUDEOIL25NOVFUT', 'name': 'CRUDEOIL', 'last_price': '0.0', 'expiry': '2025-11-19', 'strike': '0.0', 'tick_size': '1.0', 'lot_size': '1', 'instrument_type': 'FUT', 'segment': 'MCX-FUT', 'exchange': 'MCX'} | 
2025-10-18 03:56:26:354 | DATA     | kite_adapter.py           | get_instrument_details    | Instrument Details: {'instrument_token': '117218823', 'exchange_token': '457886', 'tradingsymbol': 'CRUDEOIL25NOVFUT', 'name': 'CRUDEOIL', 'last_price': '0.0', 'expiry': '2025-11-19', 'strike': '0.0', 'tick_size': '1.0', 'lot_size': 100, 'instrument_type': 'FUT', 'segment': 'MCX-FUT', 'exchange': 'MCX'} | 
2025-10-18 03:56:26:355 | INFO     | utils.py                  | find_matching_row_in_csv  | Searching for row in kite_instruments.csv where tradingsymbol == CRUDEOIL25NOVFUT | 
2025-10-18 03:56:26:438 | INFO     | trade_logic.py            | get_5_weekly_option_contracts | Generating 5 weekly option contracts for CRUDEOIL at price 5041.0 (CE) | 
2025-10-18 03:56:26:438 | DEBUG    | trade_utils.py            | get_expiry_date           | Calculating expiry date for underlying: CRUDEOIL | 
2025-10-18 03:56:26:439 | INFO     | trade_logic.py            | get_5_weekly_option_contracts | Calculated ATM Strike: 5000, Expiry Date: 2025-11-19 | 
2025-10-18 03:56:26:440 | INFO     | kite_adapter.py           | format_option_symbol      | Formatting option symbol for CRUDEOIL, expiry: 2025-11-19, strike: 4800, type: CE | 
2025-10-18 03:56:26:441 | INFO     | kite_adapter.py           | format_option_symbol      | Formatting option symbol for CRUDEOIL, expiry: 2025-11-19, strike: 4900, type: CE | 
2025-10-18 03:56:26:442 | INFO     | kite_adapter.py           | format_option_symbol      | Formatting option symbol for CRUDEOIL, expiry: 2025-11-19, strike: 5000, type: CE | 
2025-10-18 03:56:26:442 | INFO     | kite_adapter.py           | format_option_symbol      | Formatting option symbol for CRUDEOIL, expiry: 2025-11-19, strike: 5100, type: CE | 
2025-10-18 03:56:26:443 | INFO     | kite_adapter.py           | format_option_symbol      | Formatting option symbol for CRUDEOIL, expiry: 2025-11-19, strike: 5200, type: CE | 
2025-10-18 03:56:26:444 | DATA     | trade_logic.py            | setup_weekly_option_contract_subscriptions |  Weekly Option Contracts - {'ITM2': 'CRUDEOIL25NOV4800CE', 'ITM1': 'CRUDEOIL25NOV4900CE', 'ATM': 'CRUDEOIL25NOV5000CE', 'OTM1': 'CRUDEOIL25NOV5100CE', 'OTM2': 'CRUDEOIL25NOV5200CE'} | 
2025-10-18 03:56:26:445 | INFO     | kite_adapter.py           | get_instrument_details    | Fetching instrument details for CRUDEOIL25NOV4800CE | 
2025-10-18 03:56:26:445 | INFO     | utils.py                  | find_matching_row_in_csv  | Searching for row in kite_instruments.csv where tradingsymbol == CRUDEOIL25NOV4800CE | 
2025-10-18 03:56:26:448 | INFO     | kite_adapter.py           | get_instrument_details    | Instrument details fetched: {'instrument_token': '119559687', 'exchange_token': '467030', 'tradingsymbol': 'CRUDEOIL25NOV4800CE', 'name': 'CRUDEOIL', 'last_price': '0.0', 'expiry': '2025-11-17', 'strike': '4800.0', 'tick_size': '0.1', 'lot_size': '1', 'instrument_type': 'CE', 'segment': 'MCX-OPT', 'exchange': 'MCX'} | 
2025-10-18 03:56:26:449 | INFO     | kite_utils.py             | instrument_details_attribute_mgmt | Instrument details before management: {'instrument_token': '119559687', 'exchange_token': '467030', 'tradingsymbol': 'CRUDEOIL25NOV4800CE', 'name': 'CRUDEOIL', 'last_price': '0.0', 'expiry': '2025-11-17', 'strike': '4800.0', 'tick_size': '0.1', 'lot_size': '1', 'instrument_type': 'CE', 'segment': 'MCX-OPT', 'exchange': 'MCX'} | 
2025-10-18 03:56:26:449 | DATA     | kite_adapter.py           | get_instrument_details    | Instrument Details: {'instrument_token': '119559687', 'exchange_token': '467030', 'tradingsymbol': 'CRUDEOIL25NOV4800CE', 'name': 'CRUDEOIL', 'last_price': '0.0', 'expiry': '2025-11-17', 'strike': '4800.0', 'tick_size': '0.1', 'lot_size': 100, 'instrument_type': 'CE', 'segment': 'MCX-OPT', 'exchange': 'MCX'} | 
2025-10-18 03:56:26:450 | INFO     | utils.py                  | find_matching_row_in_csv  | Searching for row in kite_instruments.csv where tradingsymbol == CRUDEOIL25NOV4800CE | 
2025-10-18 03:56:26:567 | INFO     | trade_logic.py            | weekly_options_initialize | Initializing weekly option CRUDEOIL25NOV4800CE at LTP 343.1 | 
2025-10-18 03:56:26:568 | INFO     | trade_logic.py            | weekly_options_initialize |  Determining Lot size 100 | 
2025-10-18 03:56:26:568 | INFO     | kite_adapter.py           | get_instrument_details    | Fetching instrument details for CRUDEOIL25NOV4900CE | 
2025-10-18 03:56:26:569 | INFO     | utils.py                  | find_matching_row_in_csv  | Searching for row in kite_instruments.csv where tradingsymbol == CRUDEOIL25NOV4900CE | 
2025-10-18 03:56:26:571 | INFO     | kite_adapter.py           | get_instrument_details    | Instrument details fetched: {'instrument_token': '119559175', 'exchange_token': '467028', 'tradingsymbol': 'CRUDEOIL25NOV4900CE', 'name': 'CRUDEOIL', 'last_price': '0.0', 'expiry': '2025-11-17', 'strike': '4900.0', 'tick_size': '0.1', 'lot_size': '1', 'instrument_type': 'CE', 'segment': 'MCX-OPT', 'exchange': 'MCX'} | 
2025-10-18 03:56:26:571 | INFO     | kite_utils.py             | instrument_details_attribute_mgmt | Instrument details before management: {'instrument_token': '119559175', 'exchange_token': '467028', 'tradingsymbol': 'CRUDEOIL25NOV4900CE', 'name': 'CRUDEOIL', 'last_price': '0.0', 'expiry': '2025-11-17', 'strike': '4900.0', 'tick_size': '0.1', 'lot_size': '1', 'instrument_type': 'CE', 'segment': 'MCX-OPT', 'exchange': 'MCX'} | 
2025-10-18 03:56:26:572 | DATA     | kite_adapter.py           | get_instrument_details    | Instrument Details: {'instrument_token': '119559175', 'exchange_token': '467028', 'tradingsymbol': 'CRUDEOIL25NOV4900CE', 'name': 'CRUDEOIL', 'last_price': '0.0', 'expiry': '2025-11-17', 'strike': '4900.0', 'tick_size': '0.1', 'lot_size': 100, 'instrument_type': 'CE', 'segment': 'MCX-OPT', 'exchange': 'MCX'} | 
2025-10-18 03:56:26:573 | INFO     | utils.py                  | find_matching_row_in_csv  | Searching for row in kite_instruments.csv where tradingsymbol == CRUDEOIL25NOV4900CE | 
2025-10-18 03:56:26:590 | INFO     | kite_adapter.py           | on_connect                | Connected to Kite WebSocket | 
2025-10-18 03:56:26:637 | INFO     | trade_logic.py            | weekly_options_initialize | Initializing weekly option CRUDEOIL25NOV4900CE at LTP 281.7 | 
2025-10-18 03:56:26:638 | INFO     | trade_logic.py            | weekly_options_initialize |  Determining Lot size 100 | 
2025-10-18 03:56:26:638 | INFO     | kite_adapter.py           | get_instrument_details    | Fetching instrument details for CRUDEOIL25NOV5000CE | 
2025-10-18 03:56:26:639 | INFO     | utils.py                  | find_matching_row_in_csv  | Searching for row in kite_instruments.csv where tradingsymbol == CRUDEOIL25NOV5000CE | 
2025-10-18 03:56:26:641 | INFO     | kite_adapter.py           | get_instrument_details    | Instrument details fetched: {'instrument_token': '119558663', 'exchange_token': '467026', 'tradingsymbol': 'CRUDEOIL25NOV5000CE', 'name': 'CRUDEOIL', 'last_price': '0.0', 'expiry': '2025-11-17', 'strike': '5000.0', 'tick_size': '0.1', 'lot_size': '1', 'instrument_type': 'CE', 'segment': 'MCX-OPT', 'exchange': 'MCX'} | 
2025-10-18 03:56:26:641 | INFO     | kite_utils.py             | instrument_details_attribute_mgmt | Instrument details before management: {'instrument_token': '119558663', 'exchange_token': '467026', 'tradingsymbol': 'CRUDEOIL25NOV5000CE', 'name': 'CRUDEOIL', 'last_price': '0.0', 'expiry': '2025-11-17', 'strike': '5000.0', 'tick_size': '0.1', 'lot_size': '1', 'instrument_type': 'CE', 'segment': 'MCX-OPT', 'exchange': 'MCX'} | 
2025-10-18 03:56:26:642 | DATA     | kite_adapter.py           | get_instrument_details    | Instrument Details: {'instrument_token': '119558663', 'exchange_token': '467026', 'tradingsymbol': 'CRUDEOIL25NOV5000CE', 'name': 'CRUDEOIL', 'last_price': '0.0', 'expiry': '2025-11-17', 'strike': '5000.0', 'tick_size': '0.1', 'lot_size': 100, 'instrument_type': 'CE', 'segment': 'MCX-OPT', 'exchange': 'MCX'} | 
2025-10-18 03:56:26:643 | INFO     | utils.py                  | find_matching_row_in_csv  | Searching for row in kite_instruments.csv where tradingsymbol == CRUDEOIL25NOV5000CE | 
2025-10-18 03:56:26:742 | INFO     | trade_logic.py            | weekly_options_initialize | Initializing weekly option CRUDEOIL25NOV5000CE at LTP 224.8 | 
2025-10-18 03:56:26:743 | INFO     | trade_logic.py            | weekly_options_initialize |  Determining Lot size 100 | 
2025-10-18 03:56:26:743 | INFO     | kite_adapter.py           | get_instrument_details    | Fetching instrument details for CRUDEOIL25NOV5100CE | 
2025-10-18 03:56:26:744 | INFO     | utils.py                  | find_matching_row_in_csv  | Searching for row in kite_instruments.csv where tradingsymbol == CRUDEOIL25NOV5100CE | 
2025-10-18 03:56:26:746 | INFO     | kite_adapter.py           | get_instrument_details    | Instrument details fetched: {'instrument_token': '119558151', 'exchange_token': '467024', 'tradingsymbol': 'CRUDEOIL25NOV5100CE', 'name': 'CRUDEOIL', 'last_price': '0.0', 'expiry': '2025-11-17', 'strike': '5100.0', 'tick_size': '0.1', 'lot_size': '1', 'instrument_type': 'CE', 'segment': 'MCX-OPT', 'exchange': 'MCX'} | 
2025-10-18 03:56:26:746 | INFO     | kite_utils.py             | instrument_details_attribute_mgmt | Instrument details before management: {'instrument_token': '119558151', 'exchange_token': '467024', 'tradingsymbol': 'CRUDEOIL25NOV5100CE', 'name': 'CRUDEOIL', 'last_price': '0.0', 'expiry': '2025-11-17', 'strike': '5100.0', 'tick_size': '0.1', 'lot_size': '1', 'instrument_type': 'CE', 'segment': 'MCX-OPT', 'exchange': 'MCX'} | 
2025-10-18 03:56:26:747 | DATA     | kite_adapter.py           | get_instrument_details    | Instrument Details: {'instrument_token': '119558151', 'exchange_token': '467024', 'tradingsymbol': 'CRUDEOIL25NOV5100CE', 'name': 'CRUDEOIL', 'last_price': '0.0', 'expiry': '2025-11-17', 'strike': '5100.0', 'tick_size': '0.1', 'lot_size': 100, 'instrument_type': 'CE', 'segment': 'MCX-OPT', 'exchange': 'MCX'} | 
2025-10-18 03:56:26:747 | INFO     | utils.py                  | find_matching_row_in_csv  | Searching for row in kite_instruments.csv where tradingsymbol == CRUDEOIL25NOV5100CE | 
2025-10-18 03:56:26:845 | INFO     | trade_logic.py            | weekly_options_initialize | Initializing weekly option CRUDEOIL25NOV5100CE at LTP 174 | 
2025-10-18 03:56:26:845 | INFO     | trade_logic.py            | weekly_options_initialize |  Determining Lot size 100 | 
2025-10-18 03:56:26:846 | INFO     | kite_adapter.py           | get_instrument_details    | Fetching instrument details for CRUDEOIL25NOV5200CE | 
2025-10-18 03:56:26:847 | INFO     | utils.py                  | find_matching_row_in_csv  | Searching for row in kite_instruments.csv where tradingsymbol == CRUDEOIL25NOV5200CE | 
2025-10-18 03:56:26:850 | INFO     | kite_adapter.py           | get_instrument_details    | Instrument details fetched: {'instrument_token': '119557639', 'exchange_token': '467022', 'tradingsymbol': 'CRUDEOIL25NOV5200CE', 'name': 'CRUDEOIL', 'last_price': '0.0', 'expiry': '2025-11-17', 'strike': '5200.0', 'tick_size': '0.1', 'lot_size': '1', 'instrument_type': 'CE', 'segment': 'MCX-OPT', 'exchange': 'MCX'} | 
2025-10-18 03:56:26:850 | INFO     | kite_utils.py             | instrument_details_attribute_mgmt | Instrument details before management: {'instrument_token': '119557639', 'exchange_token': '467022', 'tradingsymbol': 'CRUDEOIL25NOV5200CE', 'name': 'CRUDEOIL', 'last_price': '0.0', 'expiry': '2025-11-17', 'strike': '5200.0', 'tick_size': '0.1', 'lot_size': '1', 'instrument_type': 'CE', 'segment': 'MCX-OPT', 'exchange': 'MCX'} | 
2025-10-18 03:56:26:851 | DATA     | kite_adapter.py           | get_instrument_details    | Instrument Details: {'instrument_token': '119557639', 'exchange_token': '467022', 'tradingsymbol': 'CRUDEOIL25NOV5200CE', 'name': 'CRUDEOIL', 'last_price': '0.0', 'expiry': '2025-11-17', 'strike': '5200.0', 'tick_size': '0.1', 'lot_size': 100, 'instrument_type': 'CE', 'segment': 'MCX-OPT', 'exchange': 'MCX'} | 
2025-10-18 03:56:26:852 | INFO     | utils.py                  | find_matching_row_in_csv  | Searching for row in kite_instruments.csv where tradingsymbol == CRUDEOIL25NOV5200CE | 
2025-10-18 03:56:26:973 | INFO     | trade_logic.py            | weekly_options_initialize | Initializing weekly option CRUDEOIL25NOV5200CE at LTP 135 | 
2025-10-18 03:56:26:974 | INFO     | trade_logic.py            | weekly_options_initialize |  Determining Lot size 100 | 
2025-10-18 03:56:26:975 | INFO     | trade_logic.py            | setup_weekly_option_contract_subscriptions | Completed CALL weekly options setup. | 
2025-10-18 03:56:26:975 | INFO     | trade_logic.py            | setup_weekly_option_contract_subscriptions | Setting up PUT weekly options... | 
2025-10-18 03:56:26:976 | INFO     | trade_logic.py            | get_5_weekly_option_contracts | Generating 5 weekly option contracts for CRUDEOIL at price 5041 (PE) | 
2025-10-18 03:56:26:976 | DEBUG    | trade_utils.py            | get_expiry_date           | Calculating expiry date for underlying: CRUDEOIL | 
2025-10-18 03:56:26:977 | INFO     | trade_logic.py            | get_5_weekly_option_contracts | Calculated ATM Strike: 5000, Expiry Date: 2025-11-19 | 
2025-10-18 03:56:26:977 | INFO     | kite_adapter.py           | format_option_symbol      | Formatting option symbol for CRUDEOIL, expiry: 2025-11-19, strike: 5200, type: PE | 
2025-10-18 03:56:26:978 | INFO     | kite_adapter.py           | format_option_symbol      | Formatting option symbol for CRUDEOIL, expiry: 2025-11-19, strike: 5100, type: PE | 
2025-10-18 03:56:26:979 | INFO     | kite_adapter.py           | format_option_symbol      | Formatting option symbol for CRUDEOIL, expiry: 2025-11-19, strike: 5000, type: PE | 
2025-10-18 03:56:26:979 | INFO     | kite_adapter.py           | format_option_symbol      | Formatting option symbol for CRUDEOIL, expiry: 2025-11-19, strike: 4900, type: PE | 
2025-10-18 03:56:26:980 | INFO     | kite_adapter.py           | format_option_symbol      | Formatting option symbol for CRUDEOIL, expiry: 2025-11-19, strike: 4800, type: PE | 
2025-10-18 03:56:26:980 | INFO     | kite_adapter.py           | get_instrument_details    | Fetching instrument details for CRUDEOIL25NOV5200PE | 
2025-10-18 03:56:26:981 | INFO     | utils.py                  | find_matching_row_in_csv  | Searching for row in kite_instruments.csv where tradingsymbol == CRUDEOIL25NOV5200PE | 
2025-10-18 03:56:26:983 | INFO     | kite_adapter.py           | get_instrument_details    | Instrument details fetched: {'instrument_token': '119570439', 'exchange_token': '467072', 'tradingsymbol': 'CRUDEOIL25NOV5200PE', 'name': 'CRUDEOIL', 'last_price': '0.0', 'expiry': '2025-11-17', 'strike': '5200.0', 'tick_size': '0.1', 'lot_size': '1', 'instrument_type': 'PE', 'segment': 'MCX-OPT', 'exchange': 'MCX'} | 
2025-10-18 03:56:26:984 | INFO     | kite_utils.py             | instrument_details_attribute_mgmt | Instrument details before management: {'instrument_token': '119570439', 'exchange_token': '467072', 'tradingsymbol': 'CRUDEOIL25NOV5200PE', 'name': 'CRUDEOIL', 'last_price': '0.0', 'expiry': '2025-11-17', 'strike': '5200.0', 'tick_size': '0.1', 'lot_size': '1', 'instrument_type': 'PE', 'segment': 'MCX-OPT', 'exchange': 'MCX'} | 
2025-10-18 03:56:26:985 | DATA     | kite_adapter.py           | get_instrument_details    | Instrument Details: {'instrument_token': '119570439', 'exchange_token': '467072', 'tradingsymbol': 'CRUDEOIL25NOV5200PE', 'name': 'CRUDEOIL', 'last_price': '0.0', 'expiry': '2025-11-17', 'strike': '5200.0', 'tick_size': '0.1', 'lot_size': 100, 'instrument_type': 'PE', 'segment': 'MCX-OPT', 'exchange': 'MCX'} | 
2025-10-18 03:56:26:985 | INFO     | utils.py                  | find_matching_row_in_csv  | Searching for row in kite_instruments.csv where tradingsymbol == CRUDEOIL25NOV5200PE | 
2025-10-18 03:56:27:060 | INFO     | trade_logic.py            | weekly_options_initialize | Initializing weekly option CRUDEOIL25NOV5200PE at LTP 287.7 | 
2025-10-18 03:56:27:061 | INFO     | trade_logic.py            | weekly_options_initialize |  Determining Lot size 100 | 
2025-10-18 03:56:27:061 | INFO     | kite_adapter.py           | get_instrument_details    | Fetching instrument details for CRUDEOIL25NOV5100PE | 
2025-10-18 03:56:27:062 | INFO     | utils.py                  | find_matching_row_in_csv  | Searching for row in kite_instruments.csv where tradingsymbol == CRUDEOIL25NOV5100PE | 
2025-10-18 03:56:27:064 | INFO     | kite_adapter.py           | get_instrument_details    | Instrument details fetched: {'instrument_token': '119570951', 'exchange_token': '467074', 'tradingsymbol': 'CRUDEOIL25NOV5100PE', 'name': 'CRUDEOIL', 'last_price': '0.0', 'expiry': '2025-11-17', 'strike': '5100.0', 'tick_size': '0.1', 'lot_size': '1', 'instrument_type': 'PE', 'segment': 'MCX-OPT', 'exchange': 'MCX'} | 
2025-10-18 03:56:27:082 | INFO     | kite_utils.py             | instrument_details_attribute_mgmt | Instrument details before management: {'instrument_token': '119570951', 'exchange_token': '467074', 'tradingsymbol': 'CRUDEOIL25NOV5100PE', 'name': 'CRUDEOIL', 'last_price': '0.0', 'expiry': '2025-11-17', 'strike': '5100.0', 'tick_size': '0.1', 'lot_size': '1', 'instrument_type': 'PE', 'segment': 'MCX-OPT', 'exchange': 'MCX'} | 
2025-10-18 03:56:27:084 | DATA     | kite_adapter.py           | get_instrument_details    | Instrument Details: {'instrument_token': '119570951', 'exchange_token': '467074', 'tradingsymbol': 'CRUDEOIL25NOV5100PE', 'name': 'CRUDEOIL', 'last_price': '0.0', 'expiry': '2025-11-17', 'strike': '5100.0', 'tick_size': '0.1', 'lot_size': 100, 'instrument_type': 'PE', 'segment': 'MCX-OPT', 'exchange': 'MCX'} | 
2025-10-18 03:56:27:085 | INFO     | utils.py                  | find_matching_row_in_csv  | Searching for row in kite_instruments.csv where tradingsymbol == CRUDEOIL25NOV5100PE | 
2025-10-18 03:56:27:182 | INFO     | trade_logic.py            | weekly_options_initialize | Initializing weekly option CRUDEOIL25NOV5100PE at LTP 236.4 | 
2025-10-18 03:56:27:182 | INFO     | trade_logic.py            | weekly_options_initialize |  Determining Lot size 100 | 
2025-10-18 03:56:27:183 | INFO     | kite_adapter.py           | get_instrument_details    | Fetching instrument details for CRUDEOIL25NOV5000PE | 
2025-10-18 03:56:27:184 | INFO     | utils.py                  | find_matching_row_in_csv  | Searching for row in kite_instruments.csv where tradingsymbol == CRUDEOIL25NOV5000PE | 
2025-10-18 03:56:27:187 | INFO     | kite_adapter.py           | get_instrument_details    | Instrument details fetched: {'instrument_token': '119571463', 'exchange_token': '467076', 'tradingsymbol': 'CRUDEOIL25NOV5000PE', 'name': 'CRUDEOIL', 'last_price': '0.0', 'expiry': '2025-11-17', 'strike': '5000.0', 'tick_size': '0.1', 'lot_size': '1', 'instrument_type': 'PE', 'segment': 'MCX-OPT', 'exchange': 'MCX'} | 
2025-10-18 03:56:27:188 | INFO     | kite_utils.py             | instrument_details_attribute_mgmt | Instrument details before management: {'instrument_token': '119571463', 'exchange_token': '467076', 'tradingsymbol': 'CRUDEOIL25NOV5000PE', 'name': 'CRUDEOIL', 'last_price': '0.0', 'expiry': '2025-11-17', 'strike': '5000.0', 'tick_size': '0.1', 'lot_size': '1', 'instrument_type': 'PE', 'segment': 'MCX-OPT', 'exchange': 'MCX'} | 
2025-10-18 03:56:27:189 | DATA     | kite_adapter.py           | get_instrument_details    | Instrument Details: {'instrument_token': '119571463', 'exchange_token': '467076', 'tradingsymbol': 'CRUDEOIL25NOV5000PE', 'name': 'CRUDEOIL', 'last_price': '0.0', 'expiry': '2025-11-17', 'strike': '5000.0', 'tick_size': '0.1', 'lot_size': 100, 'instrument_type': 'PE', 'segment': 'MCX-OPT', 'exchange': 'MCX'} | 
2025-10-18 03:56:27:189 | INFO     | utils.py                  | find_matching_row_in_csv  | Searching for row in kite_instruments.csv where tradingsymbol == CRUDEOIL25NOV5000PE | 
2025-10-18 03:56:27:253 | INFO     | trade_logic.py            | weekly_options_initialize | Initializing weekly option CRUDEOIL25NOV5000PE at LTP 187.2 | 
2025-10-18 03:56:27:254 | INFO     | trade_logic.py            | weekly_options_initialize |  Determining Lot size 100 | 
2025-10-18 03:56:27:254 | INFO     | kite_adapter.py           | get_instrument_details    | Fetching instrument details for CRUDEOIL25NOV4900PE | 
2025-10-18 03:56:27:255 | INFO     | utils.py                  | find_matching_row_in_csv  | Searching for row in kite_instruments.csv where tradingsymbol == CRUDEOIL25NOV4900PE | 
2025-10-18 03:56:27:257 | INFO     | kite_adapter.py           | get_instrument_details    | Instrument details fetched: {'instrument_token': '119571975', 'exchange_token': '467078', 'tradingsymbol': 'CRUDEOIL25NOV4900PE', 'name': 'CRUDEOIL', 'last_price': '0.0', 'expiry': '2025-11-17', 'strike': '4900.0', 'tick_size': '0.1', 'lot_size': '1', 'instrument_type': 'PE', 'segment': 'MCX-OPT', 'exchange': 'MCX'} | 
2025-10-18 03:56:27:258 | INFO     | kite_utils.py             | instrument_details_attribute_mgmt | Instrument details before management: {'instrument_token': '119571975', 'exchange_token': '467078', 'tradingsymbol': 'CRUDEOIL25NOV4900PE', 'name': 'CRUDEOIL', 'last_price': '0.0', 'expiry': '2025-11-17', 'strike': '4900.0', 'tick_size': '0.1', 'lot_size': '1', 'instrument_type': 'PE', 'segment': 'MCX-OPT', 'exchange': 'MCX'} | 
2025-10-18 03:56:27:258 | DATA     | kite_adapter.py           | get_instrument_details    | Instrument Details: {'instrument_token': '119571975', 'exchange_token': '467078', 'tradingsymbol': 'CRUDEOIL25NOV4900PE', 'name': 'CRUDEOIL', 'last_price': '0.0', 'expiry': '2025-11-17', 'strike': '4900.0', 'tick_size': '0.1', 'lot_size': 100, 'instrument_type': 'PE', 'segment': 'MCX-OPT', 'exchange': 'MCX'} | 
2025-10-18 03:56:27:259 | INFO     | utils.py                  | find_matching_row_in_csv  | Searching for row in kite_instruments.csv where tradingsymbol == CRUDEOIL25NOV4900PE | 
2025-10-18 03:56:27:357 | INFO     | trade_logic.py            | weekly_options_initialize | Initializing weekly option CRUDEOIL25NOV4900PE at LTP 144.8 | 
2025-10-18 03:56:27:358 | INFO     | trade_logic.py            | weekly_options_initialize |  Determining Lot size 100 | 
2025-10-18 03:56:27:359 | INFO     | kite_adapter.py           | get_instrument_details    | Fetching instrument details for CRUDEOIL25NOV4800PE | 
2025-10-18 03:56:27:359 | INFO     | utils.py                  | find_matching_row_in_csv  | Searching for row in kite_instruments.csv where tradingsymbol == CRUDEOIL25NOV4800PE | 
2025-10-18 03:56:27:362 | INFO     | kite_adapter.py           | get_instrument_details    | Instrument details fetched: {'instrument_token': '119572487', 'exchange_token': '467080', 'tradingsymbol': 'CRUDEOIL25NOV4800PE', 'name': 'CRUDEOIL', 'last_price': '0.0', 'expiry': '2025-11-17', 'strike': '4800.0', 'tick_size': '0.1', 'lot_size': '1', 'instrument_type': 'PE', 'segment': 'MCX-OPT', 'exchange': 'MCX'} | 
2025-10-18 03:56:27:363 | INFO     | kite_utils.py             | instrument_details_attribute_mgmt | Instrument details before management: {'instrument_token': '119572487', 'exchange_token': '467080', 'tradingsymbol': 'CRUDEOIL25NOV4800PE', 'name': 'CRUDEOIL', 'last_price': '0.0', 'expiry': '2025-11-17', 'strike': '4800.0', 'tick_size': '0.1', 'lot_size': '1', 'instrument_type': 'PE', 'segment': 'MCX-OPT', 'exchange': 'MCX'} | 
2025-10-18 03:56:27:363 | DATA     | kite_adapter.py           | get_instrument_details    | Instrument Details: {'instrument_token': '119572487', 'exchange_token': '467080', 'tradingsymbol': 'CRUDEOIL25NOV4800PE', 'name': 'CRUDEOIL', 'last_price': '0.0', 'expiry': '2025-11-17', 'strike': '4800.0', 'tick_size': '0.1', 'lot_size': 100, 'instrument_type': 'PE', 'segment': 'MCX-OPT', 'exchange': 'MCX'} | 
2025-10-18 03:56:27:364 | INFO     | utils.py                  | find_matching_row_in_csv  | Searching for row in kite_instruments.csv where tradingsymbol == CRUDEOIL25NOV4800PE | 
2025-10-18 03:56:27:460 | INFO     | trade_logic.py            | weekly_options_initialize | Initializing weekly option CRUDEOIL25NOV4800PE at LTP 112.5 | 
2025-10-18 03:56:27:461 | INFO     | trade_logic.py            | weekly_options_initialize |  Determining Lot size 100 | 
2025-10-18 03:56:27:461 | INFO     | trade_logic.py            | setup_weekly_option_contract_subscriptions | Completed PUT weekly options setup. | 
2025-10-18 03:56:27:462 | INFO     | trade_logic.py            | refresh_subscriptions     | Refreshing subscriptions to instruments... | 
2025-10-18 03:56:27:462 | INFO     | trade_logic.py            | refresh_open_positions_and_buy_price | Refreshing open positions and buy prices... | 
2025-10-18 03:56:27:795 | DEBUG    | trade_utils.py            | calculate_accurate_average_buy_price_and_update_positions | Calculating accurate average buy price and updating positions | 
2025-10-18 03:56:27:796 | INFO     | trade_logic.py            | refresh_open_positions_and_buy_price | Updated positions: 0 | 
2025-10-18 03:56:27:797 | DEBUG    | trade_logic.py            | refresh_open_positions_and_buy_price | {} | 
2025-10-18 03:56:27:797 | INFO     | trade_logic.py            | get_relevant_instruments_to_track | Compiling list of relevant instruments to track... | 
2025-10-18 03:56:27:798 | INFO     | trade_logic.py            | get_relevant_instruments_to_track | Subscribing to 11 instruments. | 
2025-10-18 03:56:27:799 | DEBUG    | kite_adapter.py           | subscribe_to_all          | Subscribed to [119559687, 119559175, 119558663, 119558151, 119557639, 119570439, 119570951, 119571463, 119571975, 119572487, 117218823] | 
2025-10-18 03:56:31:339 | DEBUG    | trade_logic.py            | stop_loss_book_profit_core | Evaluating open positions for stop-loss/book-profit... | 
2025-10-18 03:56:31:341 | DEBUG    | trade_logic.py            | stop_loss_book_profit_core | {} | 
2025-10-18 03:56:36:358 | DEBUG    | trade_logic.py            | stop_loss_book_profit_core | Evaluating open positions for stop-loss/book-profit... | 
2025-10-18 03:56:36:360 | DEBUG    | trade_logic.py            | stop_loss_book_profit_core | {} | 
2025-10-18 03:56:41:371 | DEBUG    | trade_logic.py            | stop_loss_book_profit_core | Evaluating open positions for stop-loss/book-profit... | 
2025-10-18 03:56:41:372 | DEBUG    | trade_logic.py            | stop_loss_book_profit_core | {} | 
2025-10-18 03:56:41:890 | INFO     | server.py                 | home_page                 | Rendering home page | 
2025-10-18 03:56:44:741 | INFO     | server.py                 | dashboard                 | Rendering buy dashboard page | 
2025-10-18 03:56:44:893 | INFO     | server.py                 | get_fund_summary          | Fetching fund summary | 
2025-10-18 03:56:44:910 | INFO     | trade_logic.py            | handle_connect            | Client connected to socket server. | 
2025-10-18 03:56:44:938 | INFO     | trade_logic.py            | handle_request_weekly_options | Received 'request_weekly_options' from client. Sending weekly contracts... | 
2025-10-18 03:56:44:944 | INFO     | trade_logic.py            | handle_request_open_positions | Received 'request_open_positions' from client. Sending position data... | 
2025-10-18 03:56:44:970 | DATA     | server.py                 | get_fund_summary          | Fund Summary: {'cash_balance': 2467.7, 'utilized': 0} | 
2025-10-18 03:56:46:376 | DEBUG    | trade_logic.py            | stop_loss_book_profit_core | Evaluating open positions for stop-loss/book-profit... | 
2025-10-18 03:56:46:377 | DEBUG    | trade_logic.py            | stop_loss_book_profit_core | {} | 
2025-10-18 03:56:51:377 | DEBUG    | trade_logic.py            | stop_loss_book_profit_core | Evaluating open positions for stop-loss/book-profit... | 
2025-10-18 03:56:51:380 | DEBUG    | trade_logic.py            | stop_loss_book_profit_core | {} | 
2025-10-18 03:56:51:712 | INFO     | trade_logic.py            | handle_disconnect         | Client disconnected. | 
2025-10-18 03:56:56:392 | DEBUG    | trade_logic.py            | stop_loss_book_profit_core | Evaluating open positions for stop-loss/book-profit... | 
2025-10-18 03:56:56:393 | DEBUG    | trade_logic.py            | stop_loss_book_profit_core | {} | 
2025-10-18 03:57:01:393 | DEBUG    | trade_logic.py            | stop_loss_book_profit_core | Evaluating open positions for stop-loss/book-profit... | 
2025-10-18 03:57:01:395 | DEBUG    | trade_logic.py            | stop_loss_book_profit_core | {} | 
2025-10-18 03:57:06:400 | DEBUG    | trade_logic.py            | stop_loss_book_profit_core | Evaluating open positions for stop-loss/book-profit... | 
2025-10-18 03:57:06:401 | DEBUG    | trade_logic.py            | stop_loss_book_profit_core | {} | 
2025-10-18 03:57:11:405 | DEBUG    | trade_logic.py            | stop_loss_book_profit_core | Evaluating open positions for stop-loss/book-profit... | 
2025-10-18 03:57:11:405 | DEBUG    | trade_logic.py            | stop_loss_book_profit_core | {} | 
2025-10-18 03:57:16:427 | DEBUG    | trade_logic.py            | stop_loss_book_profit_core | Evaluating open positions for stop-loss/book-profit... | 
2025-10-18 03:57:16:427 | DEBUG    | trade_logic.py            | stop_loss_book_profit_core | {} | 
2025-10-18 03:57:21:446 | DEBUG    | trade_logic.py            | stop_loss_book_profit_core | Evaluating open positions for stop-loss/book-profit... | 
2025-10-18 03:57:21:447 | DEBUG    | trade_logic.py            | stop_loss_book_profit_core | {} | 
2025-10-18 03:57:26:463 | DEBUG    | trade_logic.py            | stop_loss_book_profit_core | Evaluating open positions for stop-loss/book-profit... | 
2025-10-18 03:57:26:463 | DEBUG    | trade_logic.py            | stop_loss_book_profit_core | {} | 
2025-10-18 03:57:31:470 | DEBUG    | trade_logic.py            | stop_loss_book_profit_core | Evaluating open positions for stop-loss/book-profit... | 
2025-10-18 03:57:31:471 | DEBUG    | trade_logic.py            | stop_loss_book_profit_core | {} | 
2025-10-18 03:57:36:470 | DEBUG    | trade_logic.py            | stop_loss_book_profit_core | Evaluating open positions for stop-loss/book-profit... | 
2025-10-18 03:57:36:471 | DEBUG    | trade_logic.py            | stop_loss_book_profit_core | {} | 
2025-10-18 03:57:41:477 | DEBUG    | trade_logic.py            | stop_loss_book_profit_core | Evaluating open positions for stop-loss/book-profit... | 
2025-10-18 03:57:41:478 | DEBUG    | trade_logic.py            | stop_loss_book_profit_core | {} | 
2025-10-18 03:57:46:485 | DEBUG    | trade_logic.py            | stop_loss_book_profit_core | Evaluating open positions for stop-loss/book-profit... | 
2025-10-18 03:57:46:486 | DEBUG    | trade_logic.py            | stop_loss_book_profit_core | {} | 
2025-10-18 03:57:51:493 | DEBUG    | trade_logic.py            | stop_loss_book_profit_core | Evaluating open positions for stop-loss/book-profit... | 
2025-10-18 03:57:51:493 | DEBUG    | trade_logic.py            | stop_loss_book_profit_core | {} | 
2025-10-18 03:57:56:508 | DEBUG    | trade_logic.py            | stop_loss_book_profit_core | Evaluating open positions for stop-loss/book-profit... | 
2025-10-18 03:57:56:509 | DEBUG    | trade_logic.py            | stop_loss_book_profit_core | {} | 
2025-10-18 03:58:01:510 | DEBUG    | trade_logic.py            | stop_loss_book_profit_core | Evaluating open positions for stop-loss/book-profit... | 
2025-10-18 03:58:01:512 | DEBUG    | trade_logic.py            | stop_loss_book_profit_core | {} | 
2025-10-18 03:58:06:520 | DEBUG    | trade_logic.py            | stop_loss_book_profit_core | Evaluating open positions for stop-loss/book-profit... | 
2025-10-18 03:58:06:521 | DEBUG    | trade_logic.py            | stop_loss_book_profit_core | {} | 
2025-10-18 03:58:11:527 | DEBUG    | trade_logic.py            | stop_loss_book_profit_core | Evaluating open positions for stop-loss/book-profit... | 
2025-10-18 03:58:11:528 | DEBUG    | trade_logic.py            | stop_loss_book_profit_core | {} | 
2025-10-18 03:58:16:533 | DEBUG    | trade_logic.py            | stop_loss_book_profit_core | Evaluating open positions for stop-loss/book-profit... | 
2025-10-18 03:58:16:534 | DEBUG    | trade_logic.py            | stop_loss_book_profit_core | {} | 
2025-10-18 03:58:22:403 | INFO     | server.py                 | <module>                  | ================================================================================ | 
2025-10-18 03:58:22:404 | INFO     | server.py                 | <module>                  | Starting new session | 
2025-10-18 03:58:22:405 | INFO     | server.py                 | <module>                  | ================================================================================ | 
2025-10-18 03:58:22:405 | INFO     | server.py                 | <module>                  | Logger initialized successfully | 
2025-10-18 03:58:22:407 | INFO     | utils.py                  | fetch_from_json           | Fetching EXCHANGE from constants.json. | 
2025-10-18 03:58:22:408 | DEBUG    | kite_connector.py         | _initialize_kite          | KiteConnect instance created. | 
2025-10-18 03:58:22:408 | INFO     | utils.py                  | fetch_from_json           | Fetching LIMIT_MARGIN from constants.json. | 
2025-10-18 03:58:22:412 | INFO     | server.py                 | <module>                  | Initializing broker and trader... | 
2025-10-18 03:58:22:413 | INFO     | server.py                 | <module>                  | Using broker: kite | 
2025-10-18 03:58:22:413 | INFO     | utils.py                  | get_access_token_from_json | Fetching access token from JSON file. | 
2025-10-18 03:58:22:414 | DEBUG    | kite_connector.py         | set_access_token          | Access token set: 6xNCWKzQp2fILy3KhzULLCzHJlw6JFtW | 
2025-10-18 03:58:22:415 | INFO     | server.py                 | <module>                  | Starting in development mode... | 
2025-10-18 03:58:25:151 | INFO     | kite_adapter.py           | download_instrument_list  | Successfully saved instruments to kite_instruments.csv | 
2025-10-18 03:58:25:158 | INFO     | trade_logic.py            | on_start                  | Trader on_start initialization... | 
2025-10-18 03:58:25:159 | INFO     | trade_logic.py            | refresh_open_positions_and_buy_price | Refreshing open positions and buy prices... | 
2025-10-18 03:58:25:423 | DEBUG    | trade_utils.py            | calculate_accurate_average_buy_price_and_update_positions | Calculating accurate average buy price and updating positions | 
2025-10-18 03:58:25:424 | ERROR    | trade_logic.py            | refresh_open_positions_and_buy_price | Frontend socket yet to be instantiated | 
2025-10-18 03:58:25:424 | INFO     | trade_logic.py            | refresh_open_positions_and_buy_price | Updated positions: 0 | 
2025-10-18 03:58:25:425 | DEBUG    | trade_logic.py            | refresh_open_positions_and_buy_price | {} | 
2025-10-18 03:58:25:425 | INFO     | trade_logic.py            | start_frontend_socket_server | Starting frontend socket server... | 
2025-10-18 03:58:25:475 | INFO     | trade_logic.py            | register_socket_handlers  | Registering socket event handlers... | 
2025-10-18 03:58:25:476 | INFO     | trade_logic.py            | start_frontend_socket_server | Frontend socket server thread has been launched. 🚀 | 
2025-10-18 03:58:25:477 | INFO     | server.py                 | start_socket              | Starting socket connection... | 
2025-10-18 03:58:25:477 | INFO     | trade_logic.py            | start_trading_watcher_thread | Starting trading watcher thread... | 
2025-10-18 03:58:25:478 | INFO     | server.py                 | start_socket              | Starting broker WebSocket connection... | 
2025-10-18 03:58:25:479 | INFO     | trade_logic.py            | start_trading_watcher_thread | Launching trading watcher thread 🚀 | 
2025-10-18 03:58:25:479 | INFO     | trade_logic.py            | stop_loss_book_profit_core | Started trading watcher thread | 
2025-10-18 03:58:25:481 | DEBUG    | trade_logic.py            | stop_loss_book_profit_core | Evaluating open positions for stop-loss/book-profit... | 
2025-10-18 03:58:25:483 | DEBUG    | trade_logic.py            | stop_loss_book_profit_core | {} | 
2025-10-18 03:58:25:484 | INFO     | trade_logic.py            | setup_weekly_option_contract_subscriptions | Setting up weekly option contract subscriptions... | 
2025-10-18 03:58:25:487 | INFO     | utils.py                  | fetch_from_json           | Fetching NEAR_MONTH_FUTURE_TOKEN from constants.json. | 
2025-10-18 03:58:25:488 | INFO     | kite_adapter.py           | get_instrument_details    | Fetching instrument details for CRUDEOIL25NOVFUT | 
2025-10-18 03:58:25:489 | INFO     | utils.py                  | find_matching_row_in_csv  | Searching for row in kite_instruments.csv where tradingsymbol == CRUDEOIL25NOVFUT | 
2025-10-18 03:58:25:502 | INFO     | kite_adapter.py           | get_instrument_details    | Instrument details fetched: {'instrument_token': '117218823', 'exchange_token': '457886', 'tradingsymbol': 'CRUDEOIL25NOVFUT', 'name': 'CRUDEOIL', 'last_price': '0.0', 'expiry': '2025-11-19', 'strike': '0.0', 'tick_size': '1.0', 'lot_size': '1', 'instrument_type': 'FUT', 'segment': 'MCX-FUT', 'exchange': 'MCX'} | 
2025-10-18 03:58:25:503 | INFO     | kite_utils.py             | instrument_details_attribute_mgmt | Instrument details before management: {'instrument_token': '117218823', 'exchange_token': '457886', 'tradingsymbol': 'CRUDEOIL25NOVFUT', 'name': 'CRUDEOIL', 'last_price': '0.0', 'expiry': '2025-11-19', 'strike': '0.0', 'tick_size': '1.0', 'lot_size': '1', 'instrument_type': 'FUT', 'segment': 'MCX-FUT', 'exchange': 'MCX'} | 
2025-10-18 03:58:25:504 | DATA     | kite_adapter.py           | get_instrument_details    | Instrument Details: {'instrument_token': '117218823', 'exchange_token': '457886', 'tradingsymbol': 'CRUDEOIL25NOVFUT', 'name': 'CRUDEOIL', 'last_price': '0.0', 'expiry': '2025-11-19', 'strike': '0.0', 'tick_size': '1.0', 'lot_size': 100, 'instrument_type': 'FUT', 'segment': 'MCX-FUT', 'exchange': 'MCX'} | 
2025-10-18 03:58:25:504 | INFO     | utils.py                  | find_matching_row_in_csv  | Searching for row in kite_instruments.csv where tradingsymbol == CRUDEOIL25NOVFUT | 
2025-10-18 03:58:25:621 | INFO     | trade_logic.py            | get_5_weekly_option_contracts | Generating 5 weekly option contracts for CRUDEOIL at price 5041.0 (CE) | 
2025-10-18 03:58:25:622 | DEBUG    | trade_utils.py            | get_expiry_date           | Calculating expiry date for underlying: CRUDEOIL | 
2025-10-18 03:58:25:622 | INFO     | trade_logic.py            | get_5_weekly_option_contracts | Calculated ATM Strike: 5000, Expiry Date: 2025-11-19 | 
2025-10-18 03:58:25:623 | INFO     | kite_adapter.py           | format_option_symbol      | Formatting option symbol for CRUDEOIL, expiry: 2025-11-19, strike: 4800, type: CE | 
2025-10-18 03:58:25:624 | INFO     | kite_adapter.py           | format_option_symbol      | Formatting option symbol for CRUDEOIL, expiry: 2025-11-19, strike: 4900, type: CE | 
2025-10-18 03:58:25:624 | INFO     | kite_adapter.py           | format_option_symbol      | Formatting option symbol for CRUDEOIL, expiry: 2025-11-19, strike: 5000, type: CE | 
2025-10-18 03:58:25:625 | INFO     | kite_adapter.py           | format_option_symbol      | Formatting option symbol for CRUDEOIL, expiry: 2025-11-19, strike: 5100, type: CE | 
2025-10-18 03:58:25:626 | INFO     | kite_adapter.py           | format_option_symbol      | Formatting option symbol for CRUDEOIL, expiry: 2025-11-19, strike: 5200, type: CE | 
2025-10-18 03:58:25:627 | DATA     | trade_logic.py            | setup_weekly_option_contract_subscriptions |  Weekly Option Contracts - {'ITM2': 'CRUDEOIL25NOV4800CE', 'ITM1': 'CRUDEOIL25NOV4900CE', 'ATM': 'CRUDEOIL25NOV5000CE', 'OTM1': 'CRUDEOIL25NOV5100CE', 'OTM2': 'CRUDEOIL25NOV5200CE'} | 
2025-10-18 03:58:25:628 | INFO     | kite_adapter.py           | get_instrument_details    | Fetching instrument details for CRUDEOIL25NOV4800CE | 
2025-10-18 03:58:25:628 | INFO     | utils.py                  | find_matching_row_in_csv  | Searching for row in kite_instruments.csv where tradingsymbol == CRUDEOIL25NOV4800CE | 
2025-10-18 03:58:25:633 | INFO     | kite_adapter.py           | get_instrument_details    | Instrument details fetched: {'instrument_token': '119559687', 'exchange_token': '467030', 'tradingsymbol': 'CRUDEOIL25NOV4800CE', 'name': 'CRUDEOIL', 'last_price': '0.0', 'expiry': '2025-11-17', 'strike': '4800.0', 'tick_size': '0.1', 'lot_size': '1', 'instrument_type': 'CE', 'segment': 'MCX-OPT', 'exchange': 'MCX'} | 
2025-10-18 03:58:25:634 | INFO     | kite_utils.py             | instrument_details_attribute_mgmt | Instrument details before management: {'instrument_token': '119559687', 'exchange_token': '467030', 'tradingsymbol': 'CRUDEOIL25NOV4800CE', 'name': 'CRUDEOIL', 'last_price': '0.0', 'expiry': '2025-11-17', 'strike': '4800.0', 'tick_size': '0.1', 'lot_size': '1', 'instrument_type': 'CE', 'segment': 'MCX-OPT', 'exchange': 'MCX'} | 
2025-10-18 03:58:25:635 | DATA     | kite_adapter.py           | get_instrument_details    | Instrument Details: {'instrument_token': '119559687', 'exchange_token': '467030', 'tradingsymbol': 'CRUDEOIL25NOV4800CE', 'name': 'CRUDEOIL', 'last_price': '0.0', 'expiry': '2025-11-17', 'strike': '4800.0', 'tick_size': '0.1', 'lot_size': 100, 'instrument_type': 'CE', 'segment': 'MCX-OPT', 'exchange': 'MCX'} | 
2025-10-18 03:58:25:635 | INFO     | utils.py                  | find_matching_row_in_csv  | Searching for row in kite_instruments.csv where tradingsymbol == CRUDEOIL25NOV4800CE | 
2025-10-18 03:58:25:759 | INFO     | kite_adapter.py           | on_connect                | Connected to Kite WebSocket | 
2025-10-18 03:58:25:762 | INFO     | trade_logic.py            | weekly_options_initialize | Initializing weekly option CRUDEOIL25NOV4800CE at LTP 343.1 | 
2025-10-18 03:58:25:763 | INFO     | trade_logic.py            | weekly_options_initialize |  Determining Lot size 100 | 
2025-10-18 03:58:25:764 | INFO     | kite_adapter.py           | get_instrument_details    | Fetching instrument details for CRUDEOIL25NOV4900CE | 
2025-10-18 03:58:25:765 | INFO     | utils.py                  | find_matching_row_in_csv  | Searching for row in kite_instruments.csv where tradingsymbol == CRUDEOIL25NOV4900CE | 
2025-10-18 03:58:25:771 | INFO     | kite_adapter.py           | get_instrument_details    | Instrument details fetched: {'instrument_token': '119559175', 'exchange_token': '467028', 'tradingsymbol': 'CRUDEOIL25NOV4900CE', 'name': 'CRUDEOIL', 'last_price': '0.0', 'expiry': '2025-11-17', 'strike': '4900.0', 'tick_size': '0.1', 'lot_size': '1', 'instrument_type': 'CE', 'segment': 'MCX-OPT', 'exchange': 'MCX'} | 
2025-10-18 03:58:25:772 | INFO     | kite_utils.py             | instrument_details_attribute_mgmt | Instrument details before management: {'instrument_token': '119559175', 'exchange_token': '467028', 'tradingsymbol': 'CRUDEOIL25NOV4900CE', 'name': 'CRUDEOIL', 'last_price': '0.0', 'expiry': '2025-11-17', 'strike': '4900.0', 'tick_size': '0.1', 'lot_size': '1', 'instrument_type': 'CE', 'segment': 'MCX-OPT', 'exchange': 'MCX'} | 
2025-10-18 03:58:25:773 | DATA     | kite_adapter.py           | get_instrument_details    | Instrument Details: {'instrument_token': '119559175', 'exchange_token': '467028', 'tradingsymbol': 'CRUDEOIL25NOV4900CE', 'name': 'CRUDEOIL', 'last_price': '0.0', 'expiry': '2025-11-17', 'strike': '4900.0', 'tick_size': '0.1', 'lot_size': 100, 'instrument_type': 'CE', 'segment': 'MCX-OPT', 'exchange': 'MCX'} | 
2025-10-18 03:58:25:774 | INFO     | utils.py                  | find_matching_row_in_csv  | Searching for row in kite_instruments.csv where tradingsymbol == CRUDEOIL25NOV4900CE | 
2025-10-18 03:58:25:842 | INFO     | trade_logic.py            | weekly_options_initialize | Initializing weekly option CRUDEOIL25NOV4900CE at LTP 281.7 | 
2025-10-18 03:58:25:842 | INFO     | trade_logic.py            | weekly_options_initialize |  Determining Lot size 100 | 
2025-10-18 03:58:25:843 | INFO     | kite_adapter.py           | get_instrument_details    | Fetching instrument details for CRUDEOIL25NOV5000CE | 
2025-10-18 03:58:25:844 | INFO     | utils.py                  | find_matching_row_in_csv  | Searching for row in kite_instruments.csv where tradingsymbol == CRUDEOIL25NOV5000CE | 
2025-10-18 03:58:25:848 | INFO     | kite_adapter.py           | get_instrument_details    | Instrument details fetched: {'instrument_token': '119558663', 'exchange_token': '467026', 'tradingsymbol': 'CRUDEOIL25NOV5000CE', 'name': 'CRUDEOIL', 'last_price': '0.0', 'expiry': '2025-11-17', 'strike': '5000.0', 'tick_size': '0.1', 'lot_size': '1', 'instrument_type': 'CE', 'segment': 'MCX-OPT', 'exchange': 'MCX'} | 
2025-10-18 03:58:25:849 | INFO     | kite_utils.py             | instrument_details_attribute_mgmt | Instrument details before management: {'instrument_token': '119558663', 'exchange_token': '467026', 'tradingsymbol': 'CRUDEOIL25NOV5000CE', 'name': 'CRUDEOIL', 'last_price': '0.0', 'expiry': '2025-11-17', 'strike': '5000.0', 'tick_size': '0.1', 'lot_size': '1', 'instrument_type': 'CE', 'segment': 'MCX-OPT', 'exchange': 'MCX'} | 
2025-10-18 03:58:25:850 | DATA     | kite_adapter.py           | get_instrument_details    | Instrument Details: {'instrument_token': '119558663', 'exchange_token': '467026', 'tradingsymbol': 'CRUDEOIL25NOV5000CE', 'name': 'CRUDEOIL', 'last_price': '0.0', 'expiry': '2025-11-17', 'strike': '5000.0', 'tick_size': '0.1', 'lot_size': 100, 'instrument_type': 'CE', 'segment': 'MCX-OPT', 'exchange': 'MCX'} | 
2025-10-18 03:58:25:856 | INFO     | utils.py                  | find_matching_row_in_csv  | Searching for row in kite_instruments.csv where tradingsymbol == CRUDEOIL25NOV5000CE | 
2025-10-18 03:58:26:038 | INFO     | trade_logic.py            | weekly_options_initialize | Initializing weekly option CRUDEOIL25NOV5000CE at LTP 224.8 | 
2025-10-18 03:58:26:038 | INFO     | trade_logic.py            | weekly_options_initialize |  Determining Lot size 100 | 
2025-10-18 03:58:26:039 | INFO     | kite_adapter.py           | get_instrument_details    | Fetching instrument details for CRUDEOIL25NOV5100CE | 
2025-10-18 03:58:26:039 | INFO     | utils.py                  | find_matching_row_in_csv  | Searching for row in kite_instruments.csv where tradingsymbol == CRUDEOIL25NOV5100CE | 
2025-10-18 03:58:26:042 | INFO     | kite_adapter.py           | get_instrument_details    | Instrument details fetched: {'instrument_token': '119558151', 'exchange_token': '467024', 'tradingsymbol': 'CRUDEOIL25NOV5100CE', 'name': 'CRUDEOIL', 'last_price': '0.0', 'expiry': '2025-11-17', 'strike': '5100.0', 'tick_size': '0.1', 'lot_size': '1', 'instrument_type': 'CE', 'segment': 'MCX-OPT', 'exchange': 'MCX'} | 
2025-10-18 03:58:26:042 | INFO     | kite_utils.py             | instrument_details_attribute_mgmt | Instrument details before management: {'instrument_token': '119558151', 'exchange_token': '467024', 'tradingsymbol': 'CRUDEOIL25NOV5100CE', 'name': 'CRUDEOIL', 'last_price': '0.0', 'expiry': '2025-11-17', 'strike': '5100.0', 'tick_size': '0.1', 'lot_size': '1', 'instrument_type': 'CE', 'segment': 'MCX-OPT', 'exchange': 'MCX'} | 
2025-10-18 03:58:26:043 | DATA     | kite_adapter.py           | get_instrument_details    | Instrument Details: {'instrument_token': '119558151', 'exchange_token': '467024', 'tradingsymbol': 'CRUDEOIL25NOV5100CE', 'name': 'CRUDEOIL', 'last_price': '0.0', 'expiry': '2025-11-17', 'strike': '5100.0', 'tick_size': '0.1', 'lot_size': 100, 'instrument_type': 'CE', 'segment': 'MCX-OPT', 'exchange': 'MCX'} | 
2025-10-18 03:58:26:044 | INFO     | utils.py                  | find_matching_row_in_csv  | Searching for row in kite_instruments.csv where tradingsymbol == CRUDEOIL25NOV5100CE | 
2025-10-18 03:58:26:166 | INFO     | trade_logic.py            | weekly_options_initialize | Initializing weekly option CRUDEOIL25NOV5100CE at LTP 174 | 
2025-10-18 03:58:26:167 | INFO     | trade_logic.py            | weekly_options_initialize |  Determining Lot size 100 | 
2025-10-18 03:58:26:167 | INFO     | kite_adapter.py           | get_instrument_details    | Fetching instrument details for CRUDEOIL25NOV5200CE | 
2025-10-18 03:58:26:168 | INFO     | utils.py                  | find_matching_row_in_csv  | Searching for row in kite_instruments.csv where tradingsymbol == CRUDEOIL25NOV5200CE | 
2025-10-18 03:58:26:170 | INFO     | kite_adapter.py           | get_instrument_details    | Instrument details fetched: {'instrument_token': '119557639', 'exchange_token': '467022', 'tradingsymbol': 'CRUDEOIL25NOV5200CE', 'name': 'CRUDEOIL', 'last_price': '0.0', 'expiry': '2025-11-17', 'strike': '5200.0', 'tick_size': '0.1', 'lot_size': '1', 'instrument_type': 'CE', 'segment': 'MCX-OPT', 'exchange': 'MCX'} | 
2025-10-18 03:58:26:171 | INFO     | kite_utils.py             | instrument_details_attribute_mgmt | Instrument details before management: {'instrument_token': '119557639', 'exchange_token': '467022', 'tradingsymbol': 'CRUDEOIL25NOV5200CE', 'name': 'CRUDEOIL', 'last_price': '0.0', 'expiry': '2025-11-17', 'strike': '5200.0', 'tick_size': '0.1', 'lot_size': '1', 'instrument_type': 'CE', 'segment': 'MCX-OPT', 'exchange': 'MCX'} | 
2025-10-18 03:58:26:171 | DATA     | kite_adapter.py           | get_instrument_details    | Instrument Details: {'instrument_token': '119557639', 'exchange_token': '467022', 'tradingsymbol': 'CRUDEOIL25NOV5200CE', 'name': 'CRUDEOIL', 'last_price': '0.0', 'expiry': '2025-11-17', 'strike': '5200.0', 'tick_size': '0.1', 'lot_size': 100, 'instrument_type': 'CE', 'segment': 'MCX-OPT', 'exchange': 'MCX'} | 
2025-10-18 03:58:26:172 | INFO     | utils.py                  | find_matching_row_in_csv  | Searching for row in kite_instruments.csv where tradingsymbol == CRUDEOIL25NOV5200CE | 
2025-10-18 03:58:26:237 | INFO     | trade_logic.py            | weekly_options_initialize | Initializing weekly option CRUDEOIL25NOV5200CE at LTP 135 | 
2025-10-18 03:58:26:237 | INFO     | trade_logic.py            | weekly_options_initialize |  Determining Lot size 100 | 
2025-10-18 03:58:26:238 | INFO     | trade_logic.py            | setup_weekly_option_contract_subscriptions | Completed CALL weekly options setup. | 
2025-10-18 03:58:26:238 | INFO     | trade_logic.py            | setup_weekly_option_contract_subscriptions | Setting up PUT weekly options... | 
2025-10-18 03:58:26:239 | INFO     | trade_logic.py            | get_5_weekly_option_contracts | Generating 5 weekly option contracts for CRUDEOIL at price 5041 (PE) | 
2025-10-18 03:58:26:239 | DEBUG    | trade_utils.py            | get_expiry_date           | Calculating expiry date for underlying: CRUDEOIL | 
2025-10-18 03:58:26:240 | INFO     | trade_logic.py            | get_5_weekly_option_contracts | Calculated ATM Strike: 5000, Expiry Date: 2025-11-19 | 
2025-10-18 03:58:26:240 | INFO     | kite_adapter.py           | format_option_symbol      | Formatting option symbol for CRUDEOIL, expiry: 2025-11-19, strike: 5200, type: PE | 
2025-10-18 03:58:26:241 | INFO     | kite_adapter.py           | format_option_symbol      | Formatting option symbol for CRUDEOIL, expiry: 2025-11-19, strike: 5100, type: PE | 
2025-10-18 03:58:26:241 | INFO     | kite_adapter.py           | format_option_symbol      | Formatting option symbol for CRUDEOIL, expiry: 2025-11-19, strike: 5000, type: PE | 
2025-10-18 03:58:26:242 | INFO     | kite_adapter.py           | format_option_symbol      | Formatting option symbol for CRUDEOIL, expiry: 2025-11-19, strike: 4900, type: PE | 
2025-10-18 03:58:26:242 | INFO     | kite_adapter.py           | format_option_symbol      | Formatting option symbol for CRUDEOIL, expiry: 2025-11-19, strike: 4800, type: PE | 
2025-10-18 03:58:26:243 | INFO     | kite_adapter.py           | get_instrument_details    | Fetching instrument details for CRUDEOIL25NOV5200PE | 
2025-10-18 03:58:26:243 | INFO     | utils.py                  | find_matching_row_in_csv  | Searching for row in kite_instruments.csv where tradingsymbol == CRUDEOIL25NOV5200PE | 
2025-10-18 03:58:26:246 | INFO     | kite_adapter.py           | get_instrument_details    | Instrument details fetched: {'instrument_token': '119570439', 'exchange_token': '467072', 'tradingsymbol': 'CRUDEOIL25NOV5200PE', 'name': 'CRUDEOIL', 'last_price': '0.0', 'expiry': '2025-11-17', 'strike': '5200.0', 'tick_size': '0.1', 'lot_size': '1', 'instrument_type': 'PE', 'segment': 'MCX-OPT', 'exchange': 'MCX'} | 
2025-10-18 03:58:26:247 | INFO     | kite_utils.py             | instrument_details_attribute_mgmt | Instrument details before management: {'instrument_token': '119570439', 'exchange_token': '467072', 'tradingsymbol': 'CRUDEOIL25NOV5200PE', 'name': 'CRUDEOIL', 'last_price': '0.0', 'expiry': '2025-11-17', 'strike': '5200.0', 'tick_size': '0.1', 'lot_size': '1', 'instrument_type': 'PE', 'segment': 'MCX-OPT', 'exchange': 'MCX'} | 
2025-10-18 03:58:26:249 | DATA     | kite_adapter.py           | get_instrument_details    | Instrument Details: {'instrument_token': '119570439', 'exchange_token': '467072', 'tradingsymbol': 'CRUDEOIL25NOV5200PE', 'name': 'CRUDEOIL', 'last_price': '0.0', 'expiry': '2025-11-17', 'strike': '5200.0', 'tick_size': '0.1', 'lot_size': 100, 'instrument_type': 'PE', 'segment': 'MCX-OPT', 'exchange': 'MCX'} | 
2025-10-18 03:58:26:249 | INFO     | utils.py                  | find_matching_row_in_csv  | Searching for row in kite_instruments.csv where tradingsymbol == CRUDEOIL25NOV5200PE | 
2025-10-18 03:58:26:369 | INFO     | trade_logic.py            | weekly_options_initialize | Initializing weekly option CRUDEOIL25NOV5200PE at LTP 287.7 | 
2025-10-18 03:58:26:369 | INFO     | trade_logic.py            | weekly_options_initialize |  Determining Lot size 100 | 
2025-10-18 03:58:26:370 | INFO     | kite_adapter.py           | get_instrument_details    | Fetching instrument details for CRUDEOIL25NOV5100PE | 
2025-10-18 03:58:26:371 | INFO     | utils.py                  | find_matching_row_in_csv  | Searching for row in kite_instruments.csv where tradingsymbol == CRUDEOIL25NOV5100PE | 
2025-10-18 03:58:26:375 | INFO     | kite_adapter.py           | get_instrument_details    | Instrument details fetched: {'instrument_token': '119570951', 'exchange_token': '467074', 'tradingsymbol': 'CRUDEOIL25NOV5100PE', 'name': 'CRUDEOIL', 'last_price': '0.0', 'expiry': '2025-11-17', 'strike': '5100.0', 'tick_size': '0.1', 'lot_size': '1', 'instrument_type': 'PE', 'segment': 'MCX-OPT', 'exchange': 'MCX'} | 
2025-10-18 03:58:26:376 | INFO     | kite_utils.py             | instrument_details_attribute_mgmt | Instrument details before management: {'instrument_token': '119570951', 'exchange_token': '467074', 'tradingsymbol': 'CRUDEOIL25NOV5100PE', 'name': 'CRUDEOIL', 'last_price': '0.0', 'expiry': '2025-11-17', 'strike': '5100.0', 'tick_size': '0.1', 'lot_size': '1', 'instrument_type': 'PE', 'segment': 'MCX-OPT', 'exchange': 'MCX'} | 
2025-10-18 03:58:26:377 | DATA     | kite_adapter.py           | get_instrument_details    | Instrument Details: {'instrument_token': '119570951', 'exchange_token': '467074', 'tradingsymbol': 'CRUDEOIL25NOV5100PE', 'name': 'CRUDEOIL', 'last_price': '0.0', 'expiry': '2025-11-17', 'strike': '5100.0', 'tick_size': '0.1', 'lot_size': 100, 'instrument_type': 'PE', 'segment': 'MCX-OPT', 'exchange': 'MCX'} | 
2025-10-18 03:58:26:378 | INFO     | utils.py                  | find_matching_row_in_csv  | Searching for row in kite_instruments.csv where tradingsymbol == CRUDEOIL25NOV5100PE | 
2025-10-18 03:58:26:448 | INFO     | trade_logic.py            | weekly_options_initialize | Initializing weekly option CRUDEOIL25NOV5100PE at LTP 236.4 | 
2025-10-18 03:58:26:449 | INFO     | trade_logic.py            | weekly_options_initialize |  Determining Lot size 100 | 
2025-10-18 03:58:26:450 | INFO     | kite_adapter.py           | get_instrument_details    | Fetching instrument details for CRUDEOIL25NOV5000PE | 
2025-10-18 03:58:26:451 | INFO     | utils.py                  | find_matching_row_in_csv  | Searching for row in kite_instruments.csv where tradingsymbol == CRUDEOIL25NOV5000PE | 
2025-10-18 03:58:26:454 | INFO     | kite_adapter.py           | get_instrument_details    | Instrument details fetched: {'instrument_token': '119571463', 'exchange_token': '467076', 'tradingsymbol': 'CRUDEOIL25NOV5000PE', 'name': 'CRUDEOIL', 'last_price': '0.0', 'expiry': '2025-11-17', 'strike': '5000.0', 'tick_size': '0.1', 'lot_size': '1', 'instrument_type': 'PE', 'segment': 'MCX-OPT', 'exchange': 'MCX'} | 
2025-10-18 03:58:26:455 | INFO     | kite_utils.py             | instrument_details_attribute_mgmt | Instrument details before management: {'instrument_token': '119571463', 'exchange_token': '467076', 'tradingsymbol': 'CRUDEOIL25NOV5000PE', 'name': 'CRUDEOIL', 'last_price': '0.0', 'expiry': '2025-11-17', 'strike': '5000.0', 'tick_size': '0.1', 'lot_size': '1', 'instrument_type': 'PE', 'segment': 'MCX-OPT', 'exchange': 'MCX'} | 
2025-10-18 03:58:26:456 | DATA     | kite_adapter.py           | get_instrument_details    | Instrument Details: {'instrument_token': '119571463', 'exchange_token': '467076', 'tradingsymbol': 'CRUDEOIL25NOV5000PE', 'name': 'CRUDEOIL', 'last_price': '0.0', 'expiry': '2025-11-17', 'strike': '5000.0', 'tick_size': '0.1', 'lot_size': 100, 'instrument_type': 'PE', 'segment': 'MCX-OPT', 'exchange': 'MCX'} | 
2025-10-18 03:58:26:456 | INFO     | utils.py                  | find_matching_row_in_csv  | Searching for row in kite_instruments.csv where tradingsymbol == CRUDEOIL25NOV5000PE | 
2025-10-18 03:58:26:552 | INFO     | trade_logic.py            | weekly_options_initialize | Initializing weekly option CRUDEOIL25NOV5000PE at LTP 187.2 | 
2025-10-18 03:58:26:553 | INFO     | trade_logic.py            | weekly_options_initialize |  Determining Lot size 100 | 
2025-10-18 03:58:26:554 | INFO     | kite_adapter.py           | get_instrument_details    | Fetching instrument details for CRUDEOIL25NOV4900PE | 
2025-10-18 03:58:26:556 | INFO     | utils.py                  | find_matching_row_in_csv  | Searching for row in kite_instruments.csv where tradingsymbol == CRUDEOIL25NOV4900PE | 
2025-10-18 03:58:26:562 | INFO     | kite_adapter.py           | get_instrument_details    | Instrument details fetched: {'instrument_token': '119571975', 'exchange_token': '467078', 'tradingsymbol': 'CRUDEOIL25NOV4900PE', 'name': 'CRUDEOIL', 'last_price': '0.0', 'expiry': '2025-11-17', 'strike': '4900.0', 'tick_size': '0.1', 'lot_size': '1', 'instrument_type': 'PE', 'segment': 'MCX-OPT', 'exchange': 'MCX'} | 
2025-10-18 03:58:26:564 | INFO     | kite_utils.py             | instrument_details_attribute_mgmt | Instrument details before management: {'instrument_token': '119571975', 'exchange_token': '467078', 'tradingsymbol': 'CRUDEOIL25NOV4900PE', 'name': 'CRUDEOIL', 'last_price': '0.0', 'expiry': '2025-11-17', 'strike': '4900.0', 'tick_size': '0.1', 'lot_size': '1', 'instrument_type': 'PE', 'segment': 'MCX-OPT', 'exchange': 'MCX'} | 
2025-10-18 03:58:26:565 | DATA     | kite_adapter.py           | get_instrument_details    | Instrument Details: {'instrument_token': '119571975', 'exchange_token': '467078', 'tradingsymbol': 'CRUDEOIL25NOV4900PE', 'name': 'CRUDEOIL', 'last_price': '0.0', 'expiry': '2025-11-17', 'strike': '4900.0', 'tick_size': '0.1', 'lot_size': 100, 'instrument_type': 'PE', 'segment': 'MCX-OPT', 'exchange': 'MCX'} | 
2025-10-18 03:58:26:566 | INFO     | utils.py                  | find_matching_row_in_csv  | Searching for row in kite_instruments.csv where tradingsymbol == CRUDEOIL25NOV4900PE | 
2025-10-18 03:58:26:653 | INFO     | trade_logic.py            | weekly_options_initialize | Initializing weekly option CRUDEOIL25NOV4900PE at LTP 144.8 | 
2025-10-18 03:58:26:653 | INFO     | trade_logic.py            | weekly_options_initialize |  Determining Lot size 100 | 
2025-10-18 03:58:26:654 | INFO     | kite_adapter.py           | get_instrument_details    | Fetching instrument details for CRUDEOIL25NOV4800PE | 
2025-10-18 03:58:26:654 | INFO     | utils.py                  | find_matching_row_in_csv  | Searching for row in kite_instruments.csv where tradingsymbol == CRUDEOIL25NOV4800PE | 
2025-10-18 03:58:26:656 | INFO     | kite_adapter.py           | get_instrument_details    | Instrument details fetched: {'instrument_token': '119572487', 'exchange_token': '467080', 'tradingsymbol': 'CRUDEOIL25NOV4800PE', 'name': 'CRUDEOIL', 'last_price': '0.0', 'expiry': '2025-11-17', 'strike': '4800.0', 'tick_size': '0.1', 'lot_size': '1', 'instrument_type': 'PE', 'segment': 'MCX-OPT', 'exchange': 'MCX'} | 
2025-10-18 03:58:26:657 | INFO     | kite_utils.py             | instrument_details_attribute_mgmt | Instrument details before management: {'instrument_token': '119572487', 'exchange_token': '467080', 'tradingsymbol': 'CRUDEOIL25NOV4800PE', 'name': 'CRUDEOIL', 'last_price': '0.0', 'expiry': '2025-11-17', 'strike': '4800.0', 'tick_size': '0.1', 'lot_size': '1', 'instrument_type': 'PE', 'segment': 'MCX-OPT', 'exchange': 'MCX'} | 
2025-10-18 03:58:26:657 | DATA     | kite_adapter.py           | get_instrument_details    | Instrument Details: {'instrument_token': '119572487', 'exchange_token': '467080', 'tradingsymbol': 'CRUDEOIL25NOV4800PE', 'name': 'CRUDEOIL', 'last_price': '0.0', 'expiry': '2025-11-17', 'strike': '4800.0', 'tick_size': '0.1', 'lot_size': 100, 'instrument_type': 'PE', 'segment': 'MCX-OPT', 'exchange': 'MCX'} | 
2025-10-18 03:58:26:658 | INFO     | utils.py                  | find_matching_row_in_csv  | Searching for row in kite_instruments.csv where tradingsymbol == CRUDEOIL25NOV4800PE | 
2025-10-18 03:58:26:755 | INFO     | trade_logic.py            | weekly_options_initialize | Initializing weekly option CRUDEOIL25NOV4800PE at LTP 112.5 | 
2025-10-18 03:58:26:756 | INFO     | trade_logic.py            | weekly_options_initialize |  Determining Lot size 100 | 
2025-10-18 03:58:26:757 | INFO     | trade_logic.py            | setup_weekly_option_contract_subscriptions | Completed PUT weekly options setup. | 
2025-10-18 03:58:26:757 | INFO     | trade_logic.py            | refresh_subscriptions     | Refreshing subscriptions to instruments... | 
2025-10-18 03:58:26:758 | INFO     | trade_logic.py            | refresh_open_positions_and_buy_price | Refreshing open positions and buy prices... | 
2025-10-18 03:58:27:062 | DEBUG    | trade_utils.py            | calculate_accurate_average_buy_price_and_update_positions | Calculating accurate average buy price and updating positions | 
2025-10-18 03:58:27:063 | INFO     | trade_logic.py            | refresh_open_positions_and_buy_price | Updated positions: 0 | 
2025-10-18 03:58:27:063 | DEBUG    | trade_logic.py            | refresh_open_positions_and_buy_price | {} | 
2025-10-18 03:58:27:064 | INFO     | trade_logic.py            | get_relevant_instruments_to_track | Compiling list of relevant instruments to track... | 
2025-10-18 03:58:27:064 | INFO     | trade_logic.py            | get_relevant_instruments_to_track | Subscribing to 11 instruments. | 
2025-10-18 03:58:27:065 | DEBUG    | kite_adapter.py           | subscribe_to_all          | Subscribed to [119559687, 119559175, 119558663, 119558151, 119557639, 119570439, 119570951, 119571463, 119571975, 119572487, 117218823] | 
2025-10-18 03:58:29:387 | INFO     | server.py                 | settings                  | Rendering settings page | 
2025-10-18 03:58:30:487 | DEBUG    | trade_logic.py            | stop_loss_book_profit_core | Evaluating open positions for stop-loss/book-profit... | 
2025-10-18 03:58:30:489 | DEBUG    | trade_logic.py            | stop_loss_book_profit_core | {} | 
2025-10-18 03:58:35:509 | DEBUG    | trade_logic.py            | stop_loss_book_profit_core | Evaluating open positions for stop-loss/book-profit... | 
2025-10-18 03:58:35:511 | DEBUG    | trade_logic.py            | stop_loss_book_profit_core | {} | 
2025-10-18 03:58:40:528 | DEBUG    | trade_logic.py            | stop_loss_book_profit_core | Evaluating open positions for stop-loss/book-profit... | 
2025-10-18 03:58:40:529 | DEBUG    | trade_logic.py            | stop_loss_book_profit_core | {} | 
2025-10-18 03:58:45:545 | DEBUG    | trade_logic.py            | stop_loss_book_profit_core | Evaluating open positions for stop-loss/book-profit... | 
2025-10-18 03:58:45:546 | DEBUG    | trade_logic.py            | stop_loss_book_profit_core | {} | 
2025-10-18 03:58:50:567 | DEBUG    | trade_logic.py            | stop_loss_book_profit_core | Evaluating open positions for stop-loss/book-profit... | 
2025-10-18 03:58:50:568 | DEBUG    | trade_logic.py            | stop_loss_book_profit_core | {} | 
2025-10-18 03:58:55:588 | DEBUG    | trade_logic.py            | stop_loss_book_profit_core | Evaluating open positions for stop-loss/book-profit... | 
2025-10-18 03:58:55:589 | DEBUG    | trade_logic.py            | stop_loss_book_profit_core | {} | 
2025-10-18 03:59:00:608 | DEBUG    | trade_logic.py            | stop_loss_book_profit_core | Evaluating open positions for stop-loss/book-profit... | 
2025-10-18 03:59:00:609 | DEBUG    | trade_logic.py            | stop_loss_book_profit_core | {} | 
2025-10-18 03:59:05:612 | DEBUG    | trade_logic.py            | stop_loss_book_profit_core | Evaluating open positions for stop-loss/book-profit... | 
2025-10-18 03:59:05:613 | DEBUG    | trade_logic.py            | stop_loss_book_profit_core | {} | 
2025-10-18 03:59:10:629 | DEBUG    | trade_logic.py            | stop_loss_book_profit_core | Evaluating open positions for stop-loss/book-profit... | 
2025-10-18 03:59:10:629 | DEBUG    | trade_logic.py            | stop_loss_book_profit_core | {} | 
2025-10-18 03:59:15:638 | DEBUG    | trade_logic.py            | stop_loss_book_profit_core | Evaluating open positions for stop-loss/book-profit... | 
2025-10-18 03:59:15:639 | DEBUG    | trade_logic.py            | stop_loss_book_profit_core | {} | 
2025-10-18 03:59:20:658 | DEBUG    | trade_logic.py            | stop_loss_book_profit_core | Evaluating open positions for stop-loss/book-profit... | 
2025-10-18 03:59:20:659 | DEBUG    | trade_logic.py            | stop_loss_book_profit_core | {} | 
2025-10-18 03:59:25:667 | DEBUG    | trade_logic.py            | stop_loss_book_profit_core | Evaluating open positions for stop-loss/book-profit... | 
2025-10-18 03:59:25:667 | DEBUG    | trade_logic.py            | stop_loss_book_profit_core | {} | 
2025-10-18 03:59:30:669 | DEBUG    | trade_logic.py            | stop_loss_book_profit_core | Evaluating open positions for stop-loss/book-profit... | 
2025-10-18 03:59:30:670 | DEBUG    | trade_logic.py            | stop_loss_book_profit_core | {} | 
2025-10-18 03:59:35:685 | DEBUG    | trade_logic.py            | stop_loss_book_profit_core | Evaluating open positions for stop-loss/book-profit... | 
2025-10-18 03:59:35:686 | DEBUG    | trade_logic.py            | stop_loss_book_profit_core | {} | 
2025-10-18 03:59:40:699 | DEBUG    | trade_logic.py            | stop_loss_book_profit_core | Evaluating open positions for stop-loss/book-profit... | 
2025-10-18 03:59:40:699 | DEBUG    | trade_logic.py            | stop_loss_book_profit_core | {} | 
2025-10-18 03:59:45:709 | DEBUG    | trade_logic.py            | stop_loss_book_profit_core | Evaluating open positions for stop-loss/book-profit... | 
2025-10-18 03:59:45:710 | DEBUG    | trade_logic.py            | stop_loss_book_profit_core | {} | 
2025-10-18 03:59:50:713 | DEBUG    | trade_logic.py            | stop_loss_book_profit_core | Evaluating open positions for stop-loss/book-profit... | 
2025-10-18 03:59:50:714 | DEBUG    | trade_logic.py            | stop_loss_book_profit_core | {} | 
2025-10-18 03:59:55:718 | DEBUG    | trade_logic.py            | stop_loss_book_profit_core | Evaluating open positions for stop-loss/book-profit... | 
2025-10-18 03:59:55:719 | DEBUG    | trade_logic.py            | stop_loss_book_profit_core | {} | 
2025-10-18 04:00:00:723 | DEBUG    | trade_logic.py            | stop_loss_book_profit_core | Evaluating open positions for stop-loss/book-profit... | 
2025-10-18 04:00:00:724 | DEBUG    | trade_logic.py            | stop_loss_book_profit_core | {} | 
2025-10-18 04:00:05:734 | DEBUG    | trade_logic.py            | stop_loss_book_profit_core | Evaluating open positions for stop-loss/book-profit... | 
2025-10-18 04:00:05:736 | DEBUG    | trade_logic.py            | stop_loss_book_profit_core | {} | 
2025-10-18 04:00:10:748 | DEBUG    | trade_logic.py            | stop_loss_book_profit_core | Evaluating open positions for stop-loss/book-profit... | 
2025-10-18 04:00:10:749 | DEBUG    | trade_logic.py            | stop_loss_book_profit_core | {} | 
2025-10-18 04:00:15:754 | DEBUG    | trade_logic.py            | stop_loss_book_profit_core | Evaluating open positions for stop-loss/book-profit... | 
2025-10-18 04:00:15:755 | DEBUG    | trade_logic.py            | stop_loss_book_profit_core | {} | 
2025-10-18 04:00:20:757 | DEBUG    | trade_logic.py            | stop_loss_book_profit_core | Evaluating open positions for stop-loss/book-profit... | 
2025-10-18 04:00:20:758 | DEBUG    | trade_logic.py            | stop_loss_book_profit_core | {} | 
2025-10-18 04:00:25:775 | DEBUG    | trade_logic.py            | stop_loss_book_profit_core | Evaluating open positions for stop-loss/book-profit... | 
2025-10-18 04:00:25:778 | DEBUG    | trade_logic.py            | stop_loss_book_profit_core | {} | 
2025-10-18 04:00:30:791 | DEBUG    | trade_logic.py            | stop_loss_book_profit_core | Evaluating open positions for stop-loss/book-profit... | 
2025-10-18 04:00:30:792 | DEBUG    | trade_logic.py            | stop_loss_book_profit_core | {} | 
2025-10-18 04:00:35:804 | DEBUG    | trade_logic.py            | stop_loss_book_profit_core | Evaluating open positions for stop-loss/book-profit... | 
2025-10-18 04:00:35:805 | DEBUG    | trade_logic.py            | stop_loss_book_profit_core | {} | 
2025-10-18 04:00:40:822 | DEBUG    | trade_logic.py            | stop_loss_book_profit_core | Evaluating open positions for stop-loss/book-profit... | 
2025-10-18 04:00:40:823 | DEBUG    | trade_logic.py            | stop_loss_book_profit_core | {} | 
2025-10-18 04:00:45:839 | DEBUG    | trade_logic.py            | stop_loss_book_profit_core | Evaluating open positions for stop-loss/book-profit... | 
2025-10-18 04:00:45:840 | DEBUG    | trade_logic.py            | stop_loss_book_profit_core | {} | 
2025-10-18 04:00:50:857 | DEBUG    | trade_logic.py            | stop_loss_book_profit_core | Evaluating open positions for stop-loss/book-profit... | 
2025-10-18 04:00:50:859 | DEBUG    | trade_logic.py            | stop_loss_book_profit_core | {} | 
2025-10-18 04:00:55:878 | DEBUG    | trade_logic.py            | stop_loss_book_profit_core | Evaluating open positions for stop-loss/book-profit... | 
2025-10-18 04:00:55:880 | DEBUG    | trade_logic.py            | stop_loss_book_profit_core | {} | 
2025-10-18 04:01:00:895 | DEBUG    | trade_logic.py            | stop_loss_book_profit_core | Evaluating open positions for stop-loss/book-profit... | 
2025-10-18 04:01:00:896 | DEBUG    | trade_logic.py            | stop_loss_book_profit_core | {} | 
2025-10-18 04:01:05:915 | DEBUG    | trade_logic.py            | stop_loss_book_profit_core | Evaluating open positions for stop-loss/book-profit... | 
2025-10-18 04:01:05:916 | DEBUG    | trade_logic.py            | stop_loss_book_profit_core | {} | 
2025-10-18 04:01:10:928 | DEBUG    | trade_logic.py            | stop_loss_book_profit_core | Evaluating open positions for stop-loss/book-profit... | 
2025-10-18 04:01:10:929 | DEBUG    | trade_logic.py            | stop_loss_book_profit_core | {} | 
2025-10-18 04:01:15:936 | DEBUG    | trade_logic.py            | stop_loss_book_profit_core | Evaluating open positions for stop-loss/book-profit... | 
2025-10-18 04:01:15:937 | DEBUG    | trade_logic.py            | stop_loss_book_profit_core | {} | 
2025-10-18 04:01:20:945 | DEBUG    | trade_logic.py            | stop_loss_book_profit_core | Evaluating open positions for stop-loss/book-profit... | 
2025-10-18 04:01:20:946 | DEBUG    | trade_logic.py            | stop_loss_book_profit_core | {} | 
2025-10-18 04:01:25:965 | DEBUG    | trade_logic.py            | stop_loss_book_profit_core | Evaluating open positions for stop-loss/book-profit... | 
2025-10-18 04:01:25:966 | DEBUG    | trade_logic.py            | stop_loss_book_profit_core | {} | 
2025-10-18 04:01:30:974 | DEBUG    | trade_logic.py            | stop_loss_book_profit_core | Evaluating open positions for stop-loss/book-profit... | 
2025-10-18 04:01:30:975 | DEBUG    | trade_logic.py            | stop_loss_book_profit_core | {} | 
2025-10-18 04:01:35:978 | DEBUG    | trade_logic.py            | stop_loss_book_profit_core | Evaluating open positions for stop-loss/book-profit... | 
2025-10-18 04:01:35:978 | DEBUG    | trade_logic.py            | stop_loss_book_profit_core | {} | 
2025-10-18 04:01:40:993 | DEBUG    | trade_logic.py            | stop_loss_book_profit_core | Evaluating open positions for stop-loss/book-profit... | 
2025-10-18 04:01:40:994 | DEBUG    | trade_logic.py            | stop_loss_book_profit_core | {} | 
2025-10-18 04:01:46:002 | DEBUG    | trade_logic.py            | stop_loss_book_profit_core | Evaluating open positions for stop-loss/book-profit... | 
2025-10-18 04:01:46:003 | DEBUG    | trade_logic.py            | stop_loss_book_profit_core | {} | 
2025-10-18 04:01:51:010 | DEBUG    | trade_logic.py            | stop_loss_book_profit_core | Evaluating open positions for stop-loss/book-profit... | 
2025-10-18 04:01:51:011 | DEBUG    | trade_logic.py            | stop_loss_book_profit_core | {} | 
2025-10-18 04:01:56:016 | DEBUG    | trade_logic.py            | stop_loss_book_profit_core | Evaluating open positions for stop-loss/book-profit... | 
2025-10-18 04:01:56:017 | DEBUG    | trade_logic.py            | stop_loss_book_profit_core | {} | 
2025-10-18 04:02:01:021 | DEBUG    | trade_logic.py            | stop_loss_book_profit_core | Evaluating open positions for stop-loss/book-profit... | 
2025-10-18 04:02:01:022 | DEBUG    | trade_logic.py            | stop_loss_book_profit_core | {} | 
2025-10-18 04:02:06:024 | DEBUG    | trade_logic.py            | stop_loss_book_profit_core | Evaluating open positions for stop-loss/book-profit... | 
2025-10-18 04:02:06:025 | DEBUG    | trade_logic.py            | stop_loss_book_profit_core | {} | 
2025-10-18 04:02:11:045 | DEBUG    | trade_logic.py            | stop_loss_book_profit_core | Evaluating open positions for stop-loss/book-profit... | 
2025-10-18 04:02:11:046 | DEBUG    | trade_logic.py            | stop_loss_book_profit_core | {} | 
2025-10-18 04:02:16:063 | DEBUG    | trade_logic.py            | stop_loss_book_profit_core | Evaluating open positions for stop-loss/book-profit... | 
2025-10-18 04:02:16:064 | DEBUG    | trade_logic.py            | stop_loss_book_profit_core | {} | 
2025-10-18 04:02:21:083 | DEBUG    | trade_logic.py            | stop_loss_book_profit_core | Evaluating open positions for stop-loss/book-profit... | 
2025-10-18 04:02:21:084 | DEBUG    | trade_logic.py            | stop_loss_book_profit_core | {} | 
2025-10-18 04:02:26:105 | DEBUG    | trade_logic.py            | stop_loss_book_profit_core | Evaluating open positions for stop-loss/book-profit... | 
2025-10-18 04:02:26:107 | DEBUG    | trade_logic.py            | stop_loss_book_profit_core | {} | 
2025-10-18 04:02:31:124 | DEBUG    | trade_logic.py            | stop_loss_book_profit_core | Evaluating open positions for stop-loss/book-profit... | 
2025-10-18 04:02:31:125 | DEBUG    | trade_logic.py            | stop_loss_book_profit_core | {} | 
2025-10-18 04:02:36:135 | DEBUG    | trade_logic.py            | stop_loss_book_profit_core | Evaluating open positions for stop-loss/book-profit... | 
2025-10-18 04:02:36:137 | DEBUG    | trade_logic.py            | stop_loss_book_profit_core | {} | 
2025-10-18 04:02:41:153 | DEBUG    | trade_logic.py            | stop_loss_book_profit_core | Evaluating open positions for stop-loss/book-profit... | 
2025-10-18 04:02:41:154 | DEBUG    | trade_logic.py            | stop_loss_book_profit_core | {} | 
2025-10-18 04:02:46:174 | DEBUG    | trade_logic.py            | stop_loss_book_profit_core | Evaluating open positions for stop-loss/book-profit... | 
2025-10-18 04:02:46:176 | DEBUG    | trade_logic.py            | stop_loss_book_profit_core | {} | 
2025-10-18 04:02:51:192 | DEBUG    | trade_logic.py            | stop_loss_book_profit_core | Evaluating open positions for stop-loss/book-profit... | 
2025-10-18 04:02:51:194 | DEBUG    | trade_logic.py            | stop_loss_book_profit_core | {} | 
2025-10-18 04:02:56:213 | DEBUG    | trade_logic.py            | stop_loss_book_profit_core | Evaluating open positions for stop-loss/book-profit... | 
2025-10-18 04:02:56:214 | DEBUG    | trade_logic.py            | stop_loss_book_profit_core | {} | 
2025-10-18 04:03:01:227 | DEBUG    | trade_logic.py            | stop_loss_book_profit_core | Evaluating open positions for stop-loss/book-profit... | 
2025-10-18 04:03:01:228 | DEBUG    | trade_logic.py            | stop_loss_book_profit_core | {} | 
2025-10-18 04:03:06:231 | DEBUG    | trade_logic.py            | stop_loss_book_profit_core | Evaluating open positions for stop-loss/book-profit... | 
2025-10-18 04:03:06:232 | DEBUG    | trade_logic.py            | stop_loss_book_profit_core | {} | 
2025-10-18 04:03:11:239 | DEBUG    | trade_logic.py            | stop_loss_book_profit_core | Evaluating open positions for stop-loss/book-profit... | 
2025-10-18 04:03:11:240 | DEBUG    | trade_logic.py            | stop_loss_book_profit_core | {} | 
2025-10-18 04:03:16:244 | DEBUG    | trade_logic.py            | stop_loss_book_profit_core | Evaluating open positions for stop-loss/book-profit... | 
2025-10-18 04:03:16:245 | DEBUG    | trade_logic.py            | stop_loss_book_profit_core | {} | 
2025-10-18 04:03:21:252 | DEBUG    | trade_logic.py            | stop_loss_book_profit_core | Evaluating open positions for stop-loss/book-profit... | 
2025-10-18 04:03:21:253 | DEBUG    | trade_logic.py            | stop_loss_book_profit_core | {} | 
2025-10-18 04:03:26:263 | DEBUG    | trade_logic.py            | stop_loss_book_profit_core | Evaluating open positions for stop-loss/book-profit... | 
2025-10-18 04:03:26:263 | DEBUG    | trade_logic.py            | stop_loss_book_profit_core | {} | 
2025-10-18 04:03:31:268 | DEBUG    | trade_logic.py            | stop_loss_book_profit_core | Evaluating open positions for stop-loss/book-profit... | 
2025-10-18 04:03:31:268 | DEBUG    | trade_logic.py            | stop_loss_book_profit_core | {} | 
2025-10-18 04:03:36:275 | DEBUG    | trade_logic.py            | stop_loss_book_profit_core | Evaluating open positions for stop-loss/book-profit... | 
2025-10-18 04:03:36:275 | DEBUG    | trade_logic.py            | stop_loss_book_profit_core | {} | 
2025-10-18 04:03:41:289 | DEBUG    | trade_logic.py            | stop_loss_book_profit_core | Evaluating open positions for stop-loss/book-profit... | 
2025-10-18 04:03:41:290 | DEBUG    | trade_logic.py            | stop_loss_book_profit_core | {} | 
2025-10-18 04:03:46:300 | DEBUG    | trade_logic.py            | stop_loss_book_profit_core | Evaluating open positions for stop-loss/book-profit... | 
2025-10-18 04:03:46:301 | DEBUG    | trade_logic.py            | stop_loss_book_profit_core | {} | 
2025-10-18 04:03:51:309 | DEBUG    | trade_logic.py            | stop_loss_book_profit_core | Evaluating open positions for stop-loss/book-profit... | 
2025-10-18 04:03:51:309 | DEBUG    | trade_logic.py            | stop_loss_book_profit_core | {} | 
2025-10-18 04:03:56:315 | DEBUG    | trade_logic.py            | stop_loss_book_profit_core | Evaluating open positions for stop-loss/book-profit... | 
2025-10-18 04:03:56:315 | DEBUG    | trade_logic.py            | stop_loss_book_profit_core | {} | 
2025-10-18 04:04:01:317 | DEBUG    | trade_logic.py            | stop_loss_book_profit_core | Evaluating open positions for stop-loss/book-profit... | 
2025-10-18 04:04:01:317 | DEBUG    | trade_logic.py            | stop_loss_book_profit_core | {} | 
2025-10-18 04:04:06:322 | DEBUG    | trade_logic.py            | stop_loss_book_profit_core | Evaluating open positions for stop-loss/book-profit... | 
2025-10-18 04:04:06:324 | DEBUG    | trade_logic.py            | stop_loss_book_profit_core | {} | 
2025-10-18 04:04:11:322 | DEBUG    | trade_logic.py            | stop_loss_book_profit_core | Evaluating open positions for stop-loss/book-profit... | 
2025-10-18 04:04:11:324 | DEBUG    | trade_logic.py            | stop_loss_book_profit_core | {} | 
2025-10-18 04:04:16:325 | DEBUG    | trade_logic.py            | stop_loss_book_profit_core | Evaluating open positions for stop-loss/book-profit... | 
2025-10-18 04:04:16:325 | DEBUG    | trade_logic.py            | stop_loss_book_profit_core | {} | 
2025-10-18 04:04:21:326 | DEBUG    | trade_logic.py            | stop_loss_book_profit_core | Evaluating open positions for stop-loss/book-profit... | 
2025-10-18 04:04:21:328 | DEBUG    | trade_logic.py            | stop_loss_book_profit_core | {} | 
2025-10-18 04:04:26:334 | DEBUG    | trade_logic.py            | stop_loss_book_profit_core | Evaluating open positions for stop-loss/book-profit... | 
2025-10-18 04:04:26:335 | DEBUG    | trade_logic.py            | stop_loss_book_profit_core | {} | 
2025-10-18 04:04:31:335 | DEBUG    | trade_logic.py            | stop_loss_book_profit_core | Evaluating open positions for stop-loss/book-profit... | 
2025-10-18 04:04:31:336 | DEBUG    | trade_logic.py            | stop_loss_book_profit_core | {} | 
2025-10-18 04:04:36:345 | DEBUG    | trade_logic.py            | stop_loss_book_profit_core | Evaluating open positions for stop-loss/book-profit... | 
2025-10-18 04:04:36:346 | DEBUG    | trade_logic.py            | stop_loss_book_profit_core | {} | 
2025-10-18 04:04:41:350 | DEBUG    | trade_logic.py            | stop_loss_book_profit_core | Evaluating open positions for stop-loss/book-profit... | 
2025-10-18 04:04:41:351 | DEBUG    | trade_logic.py            | stop_loss_book_profit_core | {} | 
2025-10-18 04:04:46:351 | DEBUG    | trade_logic.py            | stop_loss_book_profit_core | Evaluating open positions for stop-loss/book-profit... | 
2025-10-18 04:04:46:352 | DEBUG    | trade_logic.py            | stop_loss_book_profit_core | {} | 
2025-10-18 04:04:51:352 | DEBUG    | trade_logic.py            | stop_loss_book_profit_core | Evaluating open positions for stop-loss/book-profit... | 
2025-10-18 04:04:51:354 | DEBUG    | trade_logic.py            | stop_loss_book_profit_core | {} | 
2025-10-18 04:04:56:355 | DEBUG    | trade_logic.py            | stop_loss_book_profit_core | Evaluating open positions for stop-loss/book-profit... | 
2025-10-18 04:04:56:358 | DEBUG    | trade_logic.py            | stop_loss_book_profit_core | {} | 
2025-10-18 04:05:01:365 | DEBUG    | trade_logic.py            | stop_loss_book_profit_core | Evaluating open positions for stop-loss/book-profit... | 
2025-10-18 04:05:01:366 | DEBUG    | trade_logic.py            | stop_loss_book_profit_core | {} | 
2025-10-18 04:05:06:376 | DEBUG    | trade_logic.py            | stop_loss_book_profit_core | Evaluating open positions for stop-loss/book-profit... | 
2025-10-18 04:05:06:377 | DEBUG    | trade_logic.py            | stop_loss_book_profit_core | {} | 
2025-10-18 04:05:11:395 | DEBUG    | trade_logic.py            | stop_loss_book_profit_core | Evaluating open positions for stop-loss/book-profit... | 
2025-10-18 04:05:11:396 | DEBUG    | trade_logic.py            | stop_loss_book_profit_core | {} | 
2025-10-18 04:05:16:399 | DEBUG    | trade_logic.py            | stop_loss_book_profit_core | Evaluating open positions for stop-loss/book-profit... | 
2025-10-18 04:05:16:400 | DEBUG    | trade_logic.py            | stop_loss_book_profit_core | {} | 
2025-10-18 04:05:21:404 | DEBUG    | trade_logic.py            | stop_loss_book_profit_core | Evaluating open positions for stop-loss/book-profit... | 
2025-10-18 04:05:21:405 | DEBUG    | trade_logic.py            | stop_loss_book_profit_core | {} | 
2025-10-18 04:05:26:424 | DEBUG    | trade_logic.py            | stop_loss_book_profit_core | Evaluating open positions for stop-loss/book-profit... | 
2025-10-18 04:05:26:425 | DEBUG    | trade_logic.py            | stop_loss_book_profit_core | {} | 
2025-10-18 04:05:31:440 | DEBUG    | trade_logic.py            | stop_loss_book_profit_core | Evaluating open positions for stop-loss/book-profit... | 
2025-10-18 04:05:31:441 | DEBUG    | trade_logic.py            | stop_loss_book_profit_core | {} | 
2025-10-18 04:05:36:459 | DEBUG    | trade_logic.py            | stop_loss_book_profit_core | Evaluating open positions for stop-loss/book-profit... | 
2025-10-18 04:05:36:460 | DEBUG    | trade_logic.py            | stop_loss_book_profit_core | {} | 
2025-10-18 04:05:41:468 | DEBUG    | trade_logic.py            | stop_loss_book_profit_core | Evaluating open positions for stop-loss/book-profit... | 
2025-10-18 04:05:41:469 | DEBUG    | trade_logic.py            | stop_loss_book_profit_core | {} | 
2025-10-18 04:05:46:474 | DEBUG    | trade_logic.py            | stop_loss_book_profit_core | Evaluating open positions for stop-loss/book-profit... | 
2025-10-18 04:05:46:475 | DEBUG    | trade_logic.py            | stop_loss_book_profit_core | {} | 
2025-10-18 04:05:51:491 | DEBUG    | trade_logic.py            | stop_loss_book_profit_core | Evaluating open positions for stop-loss/book-profit... | 
2025-10-18 04:05:51:492 | DEBUG    | trade_logic.py            | stop_loss_book_profit_core | {} | 
2025-10-18 04:06:30:977 | INFO     | server.py                 | <module>                  | ================================================================================ | 
2025-10-18 04:06:30:977 | INFO     | server.py                 | <module>                  | Starting new session | 
2025-10-18 04:06:30:978 | INFO     | server.py                 | <module>                  | ================================================================================ | 
2025-10-18 04:06:30:978 | INFO     | server.py                 | <module>                  | Logger initialized successfully | 
2025-10-18 04:06:30:980 | INFO     | utils.py                  | fetch_from_json           | Fetching EXCHANGE from constants.json. | 
2025-10-18 04:06:30:981 | DEBUG    | kite_connector.py         | _initialize_kite          | KiteConnect instance created. | 
2025-10-18 04:06:30:981 | INFO     | utils.py                  | fetch_from_json           | Fetching LIMIT_MARGIN from constants.json. | 
2025-10-18 04:06:30:988 | INFO     | server.py                 | <module>                  | Initializing broker and trader... | 
2025-10-18 04:06:30:988 | INFO     | server.py                 | <module>                  | Using broker: kite | 
2025-10-18 04:06:30:989 | INFO     | utils.py                  | get_access_token_from_json | Fetching access token from JSON file. | 
2025-10-18 04:06:30:990 | DEBUG    | kite_connector.py         | set_access_token          | Access token set: 6xNCWKzQp2fILy3KhzULLCzHJlw6JFtW | 
2025-10-18 04:06:30:990 | INFO     | server.py                 | <module>                  | Starting in development mode... | 
2025-10-18 04:06:32:352 | INFO     | kite_adapter.py           | download_instrument_list  | Successfully saved instruments to kite_instruments.csv | 
2025-10-18 04:06:32:361 | INFO     | trade_logic.py            | on_start                  | Trader on_start initialization... | 
2025-10-18 04:06:32:362 | INFO     | trade_logic.py            | refresh_open_positions_and_buy_price | Refreshing open positions and buy prices... | 
2025-10-18 04:06:32:640 | DEBUG    | trade_utils.py            | calculate_accurate_average_buy_price_and_update_positions | Calculating accurate average buy price and updating positions | 
2025-10-18 04:06:32:641 | ERROR    | trade_logic.py            | refresh_open_positions_and_buy_price | Frontend socket yet to be instantiated | 
2025-10-18 04:06:32:641 | INFO     | trade_logic.py            | refresh_open_positions_and_buy_price | Updated positions: 0 | 
2025-10-18 04:06:32:642 | DEBUG    | trade_logic.py            | refresh_open_positions_and_buy_price | {} | 
2025-10-18 04:06:32:642 | INFO     | trade_logic.py            | start_frontend_socket_server | Starting frontend socket server... | 
2025-10-18 04:06:32:696 | INFO     | trade_logic.py            | register_socket_handlers  | Registering socket event handlers... | 
2025-10-18 04:06:32:698 | INFO     | trade_logic.py            | start_frontend_socket_server | Frontend socket server thread has been launched. 🚀 | 
2025-10-18 04:06:32:699 | INFO     | server.py                 | start_socket              | Starting socket connection... | 
2025-10-18 04:06:32:699 | INFO     | trade_logic.py            | start_trading_watcher_thread | Starting trading watcher thread... | 
2025-10-18 04:06:32:700 | INFO     | server.py                 | start_socket              | Starting broker WebSocket connection... | 
2025-10-18 04:06:32:700 | INFO     | trade_logic.py            | start_trading_watcher_thread | Launching trading watcher thread 🚀 | 
2025-10-18 04:06:32:702 | INFO     | trade_logic.py            | stop_loss_book_profit_core | Started trading watcher thread | 
2025-10-18 04:06:32:703 | INFO     | trade_logic.py            | setup_weekly_option_contract_subscriptions | Setting up weekly option contract subscriptions... | 
2025-10-18 04:06:32:703 | DEBUG    | trade_logic.py            | stop_loss_book_profit_core | Evaluating open positions for stop-loss/book-profit... | 
2025-10-18 04:06:32:704 | INFO     | utils.py                  | fetch_from_json           | Fetching NEAR_MONTH_FUTURE_TOKEN from constants.json. | 
2025-10-18 04:06:32:705 | DEBUG    | trade_logic.py            | stop_loss_book_profit_core | {} | 
2025-10-18 04:06:32:707 | INFO     | kite_adapter.py           | get_instrument_details    | Fetching instrument details for CRUDEOIL25NOVFUT | 
2025-10-18 04:06:32:708 | INFO     | utils.py                  | find_matching_row_in_csv  | Searching for row in kite_instruments.csv where tradingsymbol == CRUDEOIL25NOVFUT | 
2025-10-18 04:06:32:724 | INFO     | kite_adapter.py           | get_instrument_details    | Instrument details fetched: {'instrument_token': '117218823', 'exchange_token': '457886', 'tradingsymbol': 'CRUDEOIL25NOVFUT', 'name': 'CRUDEOIL', 'last_price': '0.0', 'expiry': '2025-11-19', 'strike': '0.0', 'tick_size': '1.0', 'lot_size': '1', 'instrument_type': 'FUT', 'segment': 'MCX-FUT', 'exchange': 'MCX'} | 
2025-10-18 04:06:32:725 | INFO     | kite_utils.py             | instrument_details_attribute_mgmt | Instrument details before management: {'instrument_token': '117218823', 'exchange_token': '457886', 'tradingsymbol': 'CRUDEOIL25NOVFUT', 'name': 'CRUDEOIL', 'last_price': '0.0', 'expiry': '2025-11-19', 'strike': '0.0', 'tick_size': '1.0', 'lot_size': '1', 'instrument_type': 'FUT', 'segment': 'MCX-FUT', 'exchange': 'MCX'} | 
2025-10-18 04:06:32:725 | DATA     | kite_adapter.py           | get_instrument_details    | Instrument Details: {'instrument_token': '117218823', 'exchange_token': '457886', 'tradingsymbol': 'CRUDEOIL25NOVFUT', 'name': 'CRUDEOIL', 'last_price': '0.0', 'expiry': '2025-11-19', 'strike': '0.0', 'tick_size': '1.0', 'lot_size': 100, 'instrument_type': 'FUT', 'segment': 'MCX-FUT', 'exchange': 'MCX'} | 
2025-10-18 04:06:32:726 | INFO     | utils.py                  | find_matching_row_in_csv  | Searching for row in kite_instruments.csv where tradingsymbol == CRUDEOIL25NOVFUT | 
2025-10-18 04:06:32:852 | INFO     | trade_logic.py            | get_5_weekly_option_contracts | Generating 5 weekly option contracts for CRUDEOIL at price 5041.0 (CE) | 
2025-10-18 04:06:32:853 | DEBUG    | trade_utils.py            | get_expiry_date           | Calculating expiry date for underlying: CRUDEOIL | 
2025-10-18 04:06:32:854 | INFO     | trade_logic.py            | get_5_weekly_option_contracts | Calculated ATM Strike: 5000, Expiry Date: 2025-11-19 | 
2025-10-18 04:06:32:854 | INFO     | kite_adapter.py           | format_option_symbol      | Formatting option symbol for CRUDEOIL, expiry: 2025-11-19, strike: 4800, type: CE | 
2025-10-18 04:06:32:855 | INFO     | kite_adapter.py           | format_option_symbol      | Formatting option symbol for CRUDEOIL, expiry: 2025-11-19, strike: 4900, type: CE | 
2025-10-18 04:06:32:855 | INFO     | kite_adapter.py           | format_option_symbol      | Formatting option symbol for CRUDEOIL, expiry: 2025-11-19, strike: 5000, type: CE | 
2025-10-18 04:06:32:856 | INFO     | kite_adapter.py           | format_option_symbol      | Formatting option symbol for CRUDEOIL, expiry: 2025-11-19, strike: 5100, type: CE | 
2025-10-18 04:06:32:856 | INFO     | kite_adapter.py           | format_option_symbol      | Formatting option symbol for CRUDEOIL, expiry: 2025-11-19, strike: 5200, type: CE | 
2025-10-18 04:06:32:857 | DATA     | trade_logic.py            | setup_weekly_option_contract_subscriptions |  Weekly Option Contracts - {'ITM2': 'CRUDEOIL25NOV4800CE', 'ITM1': 'CRUDEOIL25NOV4900CE', 'ATM': 'CRUDEOIL25NOV5000CE', 'OTM1': 'CRUDEOIL25NOV5100CE', 'OTM2': 'CRUDEOIL25NOV5200CE'} | 
2025-10-18 04:06:32:857 | INFO     | kite_adapter.py           | get_instrument_details    | Fetching instrument details for CRUDEOIL25NOV4800CE | 
2025-10-18 04:06:32:858 | INFO     | utils.py                  | find_matching_row_in_csv  | Searching for row in kite_instruments.csv where tradingsymbol == CRUDEOIL25NOV4800CE | 
2025-10-18 04:06:32:860 | INFO     | kite_adapter.py           | get_instrument_details    | Instrument details fetched: {'instrument_token': '119559687', 'exchange_token': '467030', 'tradingsymbol': 'CRUDEOIL25NOV4800CE', 'name': 'CRUDEOIL', 'last_price': '0.0', 'expiry': '2025-11-17', 'strike': '4800.0', 'tick_size': '0.1', 'lot_size': '1', 'instrument_type': 'CE', 'segment': 'MCX-OPT', 'exchange': 'MCX'} | 
2025-10-18 04:06:32:861 | INFO     | kite_utils.py             | instrument_details_attribute_mgmt | Instrument details before management: {'instrument_token': '119559687', 'exchange_token': '467030', 'tradingsymbol': 'CRUDEOIL25NOV4800CE', 'name': 'CRUDEOIL', 'last_price': '0.0', 'expiry': '2025-11-17', 'strike': '4800.0', 'tick_size': '0.1', 'lot_size': '1', 'instrument_type': 'CE', 'segment': 'MCX-OPT', 'exchange': 'MCX'} | 
2025-10-18 04:06:32:861 | DATA     | kite_adapter.py           | get_instrument_details    | Instrument Details: {'instrument_token': '119559687', 'exchange_token': '467030', 'tradingsymbol': 'CRUDEOIL25NOV4800CE', 'name': 'CRUDEOIL', 'last_price': '0.0', 'expiry': '2025-11-17', 'strike': '4800.0', 'tick_size': '0.1', 'lot_size': 100, 'instrument_type': 'CE', 'segment': 'MCX-OPT', 'exchange': 'MCX'} | 
2025-10-18 04:06:32:862 | INFO     | utils.py                  | find_matching_row_in_csv  | Searching for row in kite_instruments.csv where tradingsymbol == CRUDEOIL25NOV4800CE | 
2025-10-18 04:06:32:895 | INFO     | kite_adapter.py           | on_connect                | Connected to Kite WebSocket | 
2025-10-18 04:06:32:948 | INFO     | trade_logic.py            | weekly_options_initialize | Initializing weekly option CRUDEOIL25NOV4800CE at LTP 343.1 | 
2025-10-18 04:06:32:948 | INFO     | trade_logic.py            | weekly_options_initialize |  Determining Lot size 100 | 
2025-10-18 04:06:32:949 | INFO     | kite_adapter.py           | get_instrument_details    | Fetching instrument details for CRUDEOIL25NOV4900CE | 
2025-10-18 04:06:32:949 | INFO     | utils.py                  | find_matching_row_in_csv  | Searching for row in kite_instruments.csv where tradingsymbol == CRUDEOIL25NOV4900CE | 
2025-10-18 04:06:32:952 | INFO     | kite_adapter.py           | get_instrument_details    | Instrument details fetched: {'instrument_token': '119559175', 'exchange_token': '467028', 'tradingsymbol': 'CRUDEOIL25NOV4900CE', 'name': 'CRUDEOIL', 'last_price': '0.0', 'expiry': '2025-11-17', 'strike': '4900.0', 'tick_size': '0.1', 'lot_size': '1', 'instrument_type': 'CE', 'segment': 'MCX-OPT', 'exchange': 'MCX'} | 
2025-10-18 04:06:32:952 | INFO     | kite_utils.py             | instrument_details_attribute_mgmt | Instrument details before management: {'instrument_token': '119559175', 'exchange_token': '467028', 'tradingsymbol': 'CRUDEOIL25NOV4900CE', 'name': 'CRUDEOIL', 'last_price': '0.0', 'expiry': '2025-11-17', 'strike': '4900.0', 'tick_size': '0.1', 'lot_size': '1', 'instrument_type': 'CE', 'segment': 'MCX-OPT', 'exchange': 'MCX'} | 
2025-10-18 04:06:32:953 | DATA     | kite_adapter.py           | get_instrument_details    | Instrument Details: {'instrument_token': '119559175', 'exchange_token': '467028', 'tradingsymbol': 'CRUDEOIL25NOV4900CE', 'name': 'CRUDEOIL', 'last_price': '0.0', 'expiry': '2025-11-17', 'strike': '4900.0', 'tick_size': '0.1', 'lot_size': 100, 'instrument_type': 'CE', 'segment': 'MCX-OPT', 'exchange': 'MCX'} | 
2025-10-18 04:06:32:953 | INFO     | utils.py                  | find_matching_row_in_csv  | Searching for row in kite_instruments.csv where tradingsymbol == CRUDEOIL25NOV4900CE | 
2025-10-18 04:06:33:050 | INFO     | trade_logic.py            | weekly_options_initialize | Initializing weekly option CRUDEOIL25NOV4900CE at LTP 281.7 | 
2025-10-18 04:06:33:051 | INFO     | trade_logic.py            | weekly_options_initialize |  Determining Lot size 100 | 
2025-10-18 04:06:33:051 | INFO     | kite_adapter.py           | get_instrument_details    | Fetching instrument details for CRUDEOIL25NOV5000CE | 
2025-10-18 04:06:33:052 | INFO     | utils.py                  | find_matching_row_in_csv  | Searching for row in kite_instruments.csv where tradingsymbol == CRUDEOIL25NOV5000CE | 
2025-10-18 04:06:33:055 | INFO     | kite_adapter.py           | get_instrument_details    | Instrument details fetched: {'instrument_token': '119558663', 'exchange_token': '467026', 'tradingsymbol': 'CRUDEOIL25NOV5000CE', 'name': 'CRUDEOIL', 'last_price': '0.0', 'expiry': '2025-11-17', 'strike': '5000.0', 'tick_size': '0.1', 'lot_size': '1', 'instrument_type': 'CE', 'segment': 'MCX-OPT', 'exchange': 'MCX'} | 
2025-10-18 04:06:33:056 | INFO     | kite_utils.py             | instrument_details_attribute_mgmt | Instrument details before management: {'instrument_token': '119558663', 'exchange_token': '467026', 'tradingsymbol': 'CRUDEOIL25NOV5000CE', 'name': 'CRUDEOIL', 'last_price': '0.0', 'expiry': '2025-11-17', 'strike': '5000.0', 'tick_size': '0.1', 'lot_size': '1', 'instrument_type': 'CE', 'segment': 'MCX-OPT', 'exchange': 'MCX'} | 
2025-10-18 04:06:33:056 | DATA     | kite_adapter.py           | get_instrument_details    | Instrument Details: {'instrument_token': '119558663', 'exchange_token': '467026', 'tradingsymbol': 'CRUDEOIL25NOV5000CE', 'name': 'CRUDEOIL', 'last_price': '0.0', 'expiry': '2025-11-17', 'strike': '5000.0', 'tick_size': '0.1', 'lot_size': 100, 'instrument_type': 'CE', 'segment': 'MCX-OPT', 'exchange': 'MCX'} | 
2025-10-18 04:06:33:057 | INFO     | utils.py                  | find_matching_row_in_csv  | Searching for row in kite_instruments.csv where tradingsymbol == CRUDEOIL25NOV5000CE | 
2025-10-18 04:06:33:153 | INFO     | trade_logic.py            | weekly_options_initialize | Initializing weekly option CRUDEOIL25NOV5000CE at LTP 224.8 | 
2025-10-18 04:06:33:153 | INFO     | trade_logic.py            | weekly_options_initialize |  Determining Lot size 100 | 
2025-10-18 04:06:33:154 | INFO     | kite_adapter.py           | get_instrument_details    | Fetching instrument details for CRUDEOIL25NOV5100CE | 
2025-10-18 04:06:33:154 | INFO     | utils.py                  | find_matching_row_in_csv  | Searching for row in kite_instruments.csv where tradingsymbol == CRUDEOIL25NOV5100CE | 
2025-10-18 04:06:33:156 | INFO     | kite_adapter.py           | get_instrument_details    | Instrument details fetched: {'instrument_token': '119558151', 'exchange_token': '467024', 'tradingsymbol': 'CRUDEOIL25NOV5100CE', 'name': 'CRUDEOIL', 'last_price': '0.0', 'expiry': '2025-11-17', 'strike': '5100.0', 'tick_size': '0.1', 'lot_size': '1', 'instrument_type': 'CE', 'segment': 'MCX-OPT', 'exchange': 'MCX'} | 
2025-10-18 04:06:33:157 | INFO     | kite_utils.py             | instrument_details_attribute_mgmt | Instrument details before management: {'instrument_token': '119558151', 'exchange_token': '467024', 'tradingsymbol': 'CRUDEOIL25NOV5100CE', 'name': 'CRUDEOIL', 'last_price': '0.0', 'expiry': '2025-11-17', 'strike': '5100.0', 'tick_size': '0.1', 'lot_size': '1', 'instrument_type': 'CE', 'segment': 'MCX-OPT', 'exchange': 'MCX'} | 
2025-10-18 04:06:33:157 | DATA     | kite_adapter.py           | get_instrument_details    | Instrument Details: {'instrument_token': '119558151', 'exchange_token': '467024', 'tradingsymbol': 'CRUDEOIL25NOV5100CE', 'name': 'CRUDEOIL', 'last_price': '0.0', 'expiry': '2025-11-17', 'strike': '5100.0', 'tick_size': '0.1', 'lot_size': 100, 'instrument_type': 'CE', 'segment': 'MCX-OPT', 'exchange': 'MCX'} | 
2025-10-18 04:06:33:158 | INFO     | utils.py                  | find_matching_row_in_csv  | Searching for row in kite_instruments.csv where tradingsymbol == CRUDEOIL25NOV5100CE | 
2025-10-18 04:06:33:257 | INFO     | trade_logic.py            | weekly_options_initialize | Initializing weekly option CRUDEOIL25NOV5100CE at LTP 174 | 
2025-10-18 04:06:33:259 | INFO     | trade_logic.py            | weekly_options_initialize |  Determining Lot size 100 | 
2025-10-18 04:06:33:260 | INFO     | kite_adapter.py           | get_instrument_details    | Fetching instrument details for CRUDEOIL25NOV5200CE | 
2025-10-18 04:06:33:262 | INFO     | utils.py                  | find_matching_row_in_csv  | Searching for row in kite_instruments.csv where tradingsymbol == CRUDEOIL25NOV5200CE | 
2025-10-18 04:06:33:268 | INFO     | kite_adapter.py           | get_instrument_details    | Instrument details fetched: {'instrument_token': '119557639', 'exchange_token': '467022', 'tradingsymbol': 'CRUDEOIL25NOV5200CE', 'name': 'CRUDEOIL', 'last_price': '0.0', 'expiry': '2025-11-17', 'strike': '5200.0', 'tick_size': '0.1', 'lot_size': '1', 'instrument_type': 'CE', 'segment': 'MCX-OPT', 'exchange': 'MCX'} | 
2025-10-18 04:06:33:270 | INFO     | kite_utils.py             | instrument_details_attribute_mgmt | Instrument details before management: {'instrument_token': '119557639', 'exchange_token': '467022', 'tradingsymbol': 'CRUDEOIL25NOV5200CE', 'name': 'CRUDEOIL', 'last_price': '0.0', 'expiry': '2025-11-17', 'strike': '5200.0', 'tick_size': '0.1', 'lot_size': '1', 'instrument_type': 'CE', 'segment': 'MCX-OPT', 'exchange': 'MCX'} | 
2025-10-18 04:06:33:271 | DATA     | kite_adapter.py           | get_instrument_details    | Instrument Details: {'instrument_token': '119557639', 'exchange_token': '467022', 'tradingsymbol': 'CRUDEOIL25NOV5200CE', 'name': 'CRUDEOIL', 'last_price': '0.0', 'expiry': '2025-11-17', 'strike': '5200.0', 'tick_size': '0.1', 'lot_size': 100, 'instrument_type': 'CE', 'segment': 'MCX-OPT', 'exchange': 'MCX'} | 
2025-10-18 04:06:33:273 | INFO     | utils.py                  | find_matching_row_in_csv  | Searching for row in kite_instruments.csv where tradingsymbol == CRUDEOIL25NOV5200CE | 
2025-10-18 04:06:33:359 | INFO     | trade_logic.py            | weekly_options_initialize | Initializing weekly option CRUDEOIL25NOV5200CE at LTP 135 | 
2025-10-18 04:06:33:360 | INFO     | trade_logic.py            | weekly_options_initialize |  Determining Lot size 100 | 
2025-10-18 04:06:33:360 | INFO     | trade_logic.py            | setup_weekly_option_contract_subscriptions | Completed CALL weekly options setup. | 
2025-10-18 04:06:33:361 | INFO     | trade_logic.py            | setup_weekly_option_contract_subscriptions | Setting up PUT weekly options... | 
2025-10-18 04:06:33:361 | INFO     | trade_logic.py            | get_5_weekly_option_contracts | Generating 5 weekly option contracts for CRUDEOIL at price 5041 (PE) | 
2025-10-18 04:06:33:361 | DEBUG    | trade_utils.py            | get_expiry_date           | Calculating expiry date for underlying: CRUDEOIL | 
2025-10-18 04:06:33:362 | INFO     | trade_logic.py            | get_5_weekly_option_contracts | Calculated ATM Strike: 5000, Expiry Date: 2025-11-19 | 
2025-10-18 04:06:33:362 | INFO     | kite_adapter.py           | format_option_symbol      | Formatting option symbol for CRUDEOIL, expiry: 2025-11-19, strike: 5200, type: PE | 
2025-10-18 04:06:33:363 | INFO     | kite_adapter.py           | format_option_symbol      | Formatting option symbol for CRUDEOIL, expiry: 2025-11-19, strike: 5100, type: PE | 
2025-10-18 04:06:33:363 | INFO     | kite_adapter.py           | format_option_symbol      | Formatting option symbol for CRUDEOIL, expiry: 2025-11-19, strike: 5000, type: PE | 
2025-10-18 04:06:33:364 | INFO     | kite_adapter.py           | format_option_symbol      | Formatting option symbol for CRUDEOIL, expiry: 2025-11-19, strike: 4900, type: PE | 
2025-10-18 04:06:33:364 | INFO     | kite_adapter.py           | format_option_symbol      | Formatting option symbol for CRUDEOIL, expiry: 2025-11-19, strike: 4800, type: PE | 
2025-10-18 04:06:33:365 | INFO     | kite_adapter.py           | get_instrument_details    | Fetching instrument details for CRUDEOIL25NOV5200PE | 
2025-10-18 04:06:33:365 | INFO     | utils.py                  | find_matching_row_in_csv  | Searching for row in kite_instruments.csv where tradingsymbol == CRUDEOIL25NOV5200PE | 
2025-10-18 04:06:33:369 | INFO     | kite_adapter.py           | get_instrument_details    | Instrument details fetched: {'instrument_token': '119570439', 'exchange_token': '467072', 'tradingsymbol': 'CRUDEOIL25NOV5200PE', 'name': 'CRUDEOIL', 'last_price': '0.0', 'expiry': '2025-11-17', 'strike': '5200.0', 'tick_size': '0.1', 'lot_size': '1', 'instrument_type': 'PE', 'segment': 'MCX-OPT', 'exchange': 'MCX'} | 
2025-10-18 04:06:33:370 | INFO     | kite_utils.py             | instrument_details_attribute_mgmt | Instrument details before management: {'instrument_token': '119570439', 'exchange_token': '467072', 'tradingsymbol': 'CRUDEOIL25NOV5200PE', 'name': 'CRUDEOIL', 'last_price': '0.0', 'expiry': '2025-11-17', 'strike': '5200.0', 'tick_size': '0.1', 'lot_size': '1', 'instrument_type': 'PE', 'segment': 'MCX-OPT', 'exchange': 'MCX'} | 
2025-10-18 04:06:33:371 | DATA     | kite_adapter.py           | get_instrument_details    | Instrument Details: {'instrument_token': '119570439', 'exchange_token': '467072', 'tradingsymbol': 'CRUDEOIL25NOV5200PE', 'name': 'CRUDEOIL', 'last_price': '0.0', 'expiry': '2025-11-17', 'strike': '5200.0', 'tick_size': '0.1', 'lot_size': 100, 'instrument_type': 'PE', 'segment': 'MCX-OPT', 'exchange': 'MCX'} | 
2025-10-18 04:06:33:371 | INFO     | utils.py                  | find_matching_row_in_csv  | Searching for row in kite_instruments.csv where tradingsymbol == CRUDEOIL25NOV5200PE | 
2025-10-18 04:06:33:460 | INFO     | trade_logic.py            | weekly_options_initialize | Initializing weekly option CRUDEOIL25NOV5200PE at LTP 287.7 | 
2025-10-18 04:06:33:460 | INFO     | trade_logic.py            | weekly_options_initialize |  Determining Lot size 100 | 
2025-10-18 04:06:33:461 | INFO     | kite_adapter.py           | get_instrument_details    | Fetching instrument details for CRUDEOIL25NOV5100PE | 
2025-10-18 04:06:33:461 | INFO     | utils.py                  | find_matching_row_in_csv  | Searching for row in kite_instruments.csv where tradingsymbol == CRUDEOIL25NOV5100PE | 
2025-10-18 04:06:33:463 | INFO     | kite_adapter.py           | get_instrument_details    | Instrument details fetched: {'instrument_token': '119570951', 'exchange_token': '467074', 'tradingsymbol': 'CRUDEOIL25NOV5100PE', 'name': 'CRUDEOIL', 'last_price': '0.0', 'expiry': '2025-11-17', 'strike': '5100.0', 'tick_size': '0.1', 'lot_size': '1', 'instrument_type': 'PE', 'segment': 'MCX-OPT', 'exchange': 'MCX'} | 
2025-10-18 04:06:33:464 | INFO     | kite_utils.py             | instrument_details_attribute_mgmt | Instrument details before management: {'instrument_token': '119570951', 'exchange_token': '467074', 'tradingsymbol': 'CRUDEOIL25NOV5100PE', 'name': 'CRUDEOIL', 'last_price': '0.0', 'expiry': '2025-11-17', 'strike': '5100.0', 'tick_size': '0.1', 'lot_size': '1', 'instrument_type': 'PE', 'segment': 'MCX-OPT', 'exchange': 'MCX'} | 
2025-10-18 04:06:33:464 | DATA     | kite_adapter.py           | get_instrument_details    | Instrument Details: {'instrument_token': '119570951', 'exchange_token': '467074', 'tradingsymbol': 'CRUDEOIL25NOV5100PE', 'name': 'CRUDEOIL', 'last_price': '0.0', 'expiry': '2025-11-17', 'strike': '5100.0', 'tick_size': '0.1', 'lot_size': 100, 'instrument_type': 'PE', 'segment': 'MCX-OPT', 'exchange': 'MCX'} | 
2025-10-18 04:06:33:465 | INFO     | utils.py                  | find_matching_row_in_csv  | Searching for row in kite_instruments.csv where tradingsymbol == CRUDEOIL25NOV5100PE | 
2025-10-18 04:06:33:562 | INFO     | trade_logic.py            | weekly_options_initialize | Initializing weekly option CRUDEOIL25NOV5100PE at LTP 236.4 | 
2025-10-18 04:06:33:562 | INFO     | trade_logic.py            | weekly_options_initialize |  Determining Lot size 100 | 
2025-10-18 04:06:33:563 | INFO     | kite_adapter.py           | get_instrument_details    | Fetching instrument details for CRUDEOIL25NOV5000PE | 
2025-10-18 04:06:33:563 | INFO     | utils.py                  | find_matching_row_in_csv  | Searching for row in kite_instruments.csv where tradingsymbol == CRUDEOIL25NOV5000PE | 
2025-10-18 04:06:33:566 | INFO     | kite_adapter.py           | get_instrument_details    | Instrument details fetched: {'instrument_token': '119571463', 'exchange_token': '467076', 'tradingsymbol': 'CRUDEOIL25NOV5000PE', 'name': 'CRUDEOIL', 'last_price': '0.0', 'expiry': '2025-11-17', 'strike': '5000.0', 'tick_size': '0.1', 'lot_size': '1', 'instrument_type': 'PE', 'segment': 'MCX-OPT', 'exchange': 'MCX'} | 
2025-10-18 04:06:33:567 | INFO     | kite_utils.py             | instrument_details_attribute_mgmt | Instrument details before management: {'instrument_token': '119571463', 'exchange_token': '467076', 'tradingsymbol': 'CRUDEOIL25NOV5000PE', 'name': 'CRUDEOIL', 'last_price': '0.0', 'expiry': '2025-11-17', 'strike': '5000.0', 'tick_size': '0.1', 'lot_size': '1', 'instrument_type': 'PE', 'segment': 'MCX-OPT', 'exchange': 'MCX'} | 
2025-10-18 04:06:33:568 | DATA     | kite_adapter.py           | get_instrument_details    | Instrument Details: {'instrument_token': '119571463', 'exchange_token': '467076', 'tradingsymbol': 'CRUDEOIL25NOV5000PE', 'name': 'CRUDEOIL', 'last_price': '0.0', 'expiry': '2025-11-17', 'strike': '5000.0', 'tick_size': '0.1', 'lot_size': 100, 'instrument_type': 'PE', 'segment': 'MCX-OPT', 'exchange': 'MCX'} | 
2025-10-18 04:06:33:570 | INFO     | utils.py                  | find_matching_row_in_csv  | Searching for row in kite_instruments.csv where tradingsymbol == CRUDEOIL25NOV5000PE | 
2025-10-18 04:06:33:664 | INFO     | trade_logic.py            | weekly_options_initialize | Initializing weekly option CRUDEOIL25NOV5000PE at LTP 187.2 | 
2025-10-18 04:06:33:664 | INFO     | trade_logic.py            | weekly_options_initialize |  Determining Lot size 100 | 
2025-10-18 04:06:33:665 | INFO     | kite_adapter.py           | get_instrument_details    | Fetching instrument details for CRUDEOIL25NOV4900PE | 
2025-10-18 04:06:33:665 | INFO     | utils.py                  | find_matching_row_in_csv  | Searching for row in kite_instruments.csv where tradingsymbol == CRUDEOIL25NOV4900PE | 
2025-10-18 04:06:33:667 | INFO     | kite_adapter.py           | get_instrument_details    | Instrument details fetched: {'instrument_token': '119571975', 'exchange_token': '467078', 'tradingsymbol': 'CRUDEOIL25NOV4900PE', 'name': 'CRUDEOIL', 'last_price': '0.0', 'expiry': '2025-11-17', 'strike': '4900.0', 'tick_size': '0.1', 'lot_size': '1', 'instrument_type': 'PE', 'segment': 'MCX-OPT', 'exchange': 'MCX'} | 
2025-10-18 04:06:33:668 | INFO     | kite_utils.py             | instrument_details_attribute_mgmt | Instrument details before management: {'instrument_token': '119571975', 'exchange_token': '467078', 'tradingsymbol': 'CRUDEOIL25NOV4900PE', 'name': 'CRUDEOIL', 'last_price': '0.0', 'expiry': '2025-11-17', 'strike': '4900.0', 'tick_size': '0.1', 'lot_size': '1', 'instrument_type': 'PE', 'segment': 'MCX-OPT', 'exchange': 'MCX'} | 
2025-10-18 04:06:33:669 | DATA     | kite_adapter.py           | get_instrument_details    | Instrument Details: {'instrument_token': '119571975', 'exchange_token': '467078', 'tradingsymbol': 'CRUDEOIL25NOV4900PE', 'name': 'CRUDEOIL', 'last_price': '0.0', 'expiry': '2025-11-17', 'strike': '4900.0', 'tick_size': '0.1', 'lot_size': 100, 'instrument_type': 'PE', 'segment': 'MCX-OPT', 'exchange': 'MCX'} | 
2025-10-18 04:06:33:669 | INFO     | utils.py                  | find_matching_row_in_csv  | Searching for row in kite_instruments.csv where tradingsymbol == CRUDEOIL25NOV4900PE | 
2025-10-18 04:06:33:769 | INFO     | trade_logic.py            | weekly_options_initialize | Initializing weekly option CRUDEOIL25NOV4900PE at LTP 144.8 | 
2025-10-18 04:06:33:769 | INFO     | trade_logic.py            | weekly_options_initialize |  Determining Lot size 100 | 
2025-10-18 04:06:33:770 | INFO     | kite_adapter.py           | get_instrument_details    | Fetching instrument details for CRUDEOIL25NOV4800PE | 
2025-10-18 04:06:33:771 | INFO     | utils.py                  | find_matching_row_in_csv  | Searching for row in kite_instruments.csv where tradingsymbol == CRUDEOIL25NOV4800PE | 
2025-10-18 04:06:33:774 | INFO     | kite_adapter.py           | get_instrument_details    | Instrument details fetched: {'instrument_token': '119572487', 'exchange_token': '467080', 'tradingsymbol': 'CRUDEOIL25NOV4800PE', 'name': 'CRUDEOIL', 'last_price': '0.0', 'expiry': '2025-11-17', 'strike': '4800.0', 'tick_size': '0.1', 'lot_size': '1', 'instrument_type': 'PE', 'segment': 'MCX-OPT', 'exchange': 'MCX'} | 
2025-10-18 04:06:33:775 | INFO     | kite_utils.py             | instrument_details_attribute_mgmt | Instrument details before management: {'instrument_token': '119572487', 'exchange_token': '467080', 'tradingsymbol': 'CRUDEOIL25NOV4800PE', 'name': 'CRUDEOIL', 'last_price': '0.0', 'expiry': '2025-11-17', 'strike': '4800.0', 'tick_size': '0.1', 'lot_size': '1', 'instrument_type': 'PE', 'segment': 'MCX-OPT', 'exchange': 'MCX'} | 
2025-10-18 04:06:33:776 | DATA     | kite_adapter.py           | get_instrument_details    | Instrument Details: {'instrument_token': '119572487', 'exchange_token': '467080', 'tradingsymbol': 'CRUDEOIL25NOV4800PE', 'name': 'CRUDEOIL', 'last_price': '0.0', 'expiry': '2025-11-17', 'strike': '4800.0', 'tick_size': '0.1', 'lot_size': 100, 'instrument_type': 'PE', 'segment': 'MCX-OPT', 'exchange': 'MCX'} | 
2025-10-18 04:06:33:777 | INFO     | utils.py                  | find_matching_row_in_csv  | Searching for row in kite_instruments.csv where tradingsymbol == CRUDEOIL25NOV4800PE | 
2025-10-18 04:06:33:870 | INFO     | trade_logic.py            | weekly_options_initialize | Initializing weekly option CRUDEOIL25NOV4800PE at LTP 112.5 | 
2025-10-18 04:06:33:871 | INFO     | trade_logic.py            | weekly_options_initialize |  Determining Lot size 100 | 
2025-10-18 04:06:33:871 | INFO     | trade_logic.py            | setup_weekly_option_contract_subscriptions | Completed PUT weekly options setup. | 
2025-10-18 04:06:33:872 | INFO     | trade_logic.py            | refresh_subscriptions     | Refreshing subscriptions to instruments... | 
2025-10-18 04:06:33:872 | INFO     | trade_logic.py            | refresh_open_positions_and_buy_price | Refreshing open positions and buy prices... | 
2025-10-18 04:06:34:176 | DEBUG    | trade_utils.py            | calculate_accurate_average_buy_price_and_update_positions | Calculating accurate average buy price and updating positions | 
2025-10-18 04:06:34:177 | INFO     | trade_logic.py            | refresh_open_positions_and_buy_price | Updated positions: 0 | 
2025-10-18 04:06:34:178 | DEBUG    | trade_logic.py            | refresh_open_positions_and_buy_price | {} | 
2025-10-18 04:06:34:178 | INFO     | trade_logic.py            | get_relevant_instruments_to_track | Compiling list of relevant instruments to track... | 
2025-10-18 04:06:34:179 | INFO     | trade_logic.py            | get_relevant_instruments_to_track | Subscribing to 11 instruments. | 
2025-10-18 04:06:34:179 | DEBUG    | kite_adapter.py           | subscribe_to_all          | Subscribed to [119559687, 119559175, 119558663, 119558151, 119557639, 119570439, 119570951, 119571463, 119571975, 119572487, 117218823] | 
2025-10-18 04:06:37:709 | DEBUG    | trade_logic.py            | stop_loss_book_profit_core | Evaluating open positions for stop-loss/book-profit... | 
2025-10-18 04:06:37:710 | DEBUG    | trade_logic.py            | stop_loss_book_profit_core | {} | 
2025-10-18 04:06:42:709 | DEBUG    | trade_logic.py            | stop_loss_book_profit_core | Evaluating open positions for stop-loss/book-profit... | 
2025-10-18 04:06:42:710 | DEBUG    | trade_logic.py            | stop_loss_book_profit_core | {} | 
2025-10-18 04:06:47:717 | DEBUG    | trade_logic.py            | stop_loss_book_profit_core | Evaluating open positions for stop-loss/book-profit... | 
2025-10-18 04:06:47:718 | DEBUG    | trade_logic.py            | stop_loss_book_profit_core | {} | 
2025-10-18 04:06:52:720 | DEBUG    | trade_logic.py            | stop_loss_book_profit_core | Evaluating open positions for stop-loss/book-profit... | 
2025-10-18 04:06:52:721 | DEBUG    | trade_logic.py            | stop_loss_book_profit_core | {} | 
2025-10-18 04:06:57:727 | DEBUG    | trade_logic.py            | stop_loss_book_profit_core | Evaluating open positions for stop-loss/book-profit... | 
2025-10-18 04:06:57:731 | DEBUG    | trade_logic.py            | stop_loss_book_profit_core | {} | 
2025-10-18 04:07:02:739 | DEBUG    | trade_logic.py            | stop_loss_book_profit_core | Evaluating open positions for stop-loss/book-profit... | 
2025-10-18 04:07:02:740 | DEBUG    | trade_logic.py            | stop_loss_book_profit_core | {} | 
2025-10-18 04:07:07:747 | DEBUG    | trade_logic.py            | stop_loss_book_profit_core | Evaluating open positions for stop-loss/book-profit... | 
2025-10-18 04:07:07:748 | DEBUG    | trade_logic.py            | stop_loss_book_profit_core | {} | 
2025-10-18 04:07:12:756 | DEBUG    | trade_logic.py            | stop_loss_book_profit_core | Evaluating open positions for stop-loss/book-profit... | 
2025-10-18 04:07:12:757 | DEBUG    | trade_logic.py            | stop_loss_book_profit_core | {} | 
2025-10-18 04:07:17:762 | DEBUG    | trade_logic.py            | stop_loss_book_profit_core | Evaluating open positions for stop-loss/book-profit... | 
2025-10-18 04:07:17:764 | DEBUG    | trade_logic.py            | stop_loss_book_profit_core | {} | 
2025-10-18 04:07:22:769 | DEBUG    | trade_logic.py            | stop_loss_book_profit_core | Evaluating open positions for stop-loss/book-profit... | 
2025-10-18 04:07:22:770 | DEBUG    | trade_logic.py            | stop_loss_book_profit_core | {} | 
2025-10-18 04:07:27:771 | DEBUG    | trade_logic.py            | stop_loss_book_profit_core | Evaluating open positions for stop-loss/book-profit... | 
2025-10-18 04:07:27:772 | DEBUG    | trade_logic.py            | stop_loss_book_profit_core | {} | 
2025-10-18 04:07:32:781 | DEBUG    | trade_logic.py            | stop_loss_book_profit_core | Evaluating open positions for stop-loss/book-profit... | 
2025-10-18 04:07:32:782 | DEBUG    | trade_logic.py            | stop_loss_book_profit_core | {} | 
2025-10-18 04:07:37:787 | DEBUG    | trade_logic.py            | stop_loss_book_profit_core | Evaluating open positions for stop-loss/book-profit... | 
2025-10-18 04:07:37:788 | DEBUG    | trade_logic.py            | stop_loss_book_profit_core | {} | 
2025-10-18 04:07:42:797 | DEBUG    | trade_logic.py            | stop_loss_book_profit_core | Evaluating open positions for stop-loss/book-profit... | 
2025-10-18 04:07:42:798 | DEBUG    | trade_logic.py            | stop_loss_book_profit_core | {} | 
2025-10-18 04:07:47:797 | DEBUG    | trade_logic.py            | stop_loss_book_profit_core | Evaluating open positions for stop-loss/book-profit... | 
2025-10-18 04:07:47:798 | DEBUG    | trade_logic.py            | stop_loss_book_profit_core | {} | 
2025-10-18 04:07:52:805 | DEBUG    | trade_logic.py            | stop_loss_book_profit_core | Evaluating open positions for stop-loss/book-profit... | 
2025-10-18 04:07:52:806 | DEBUG    | trade_logic.py            | stop_loss_book_profit_core | {} | 
2025-10-18 04:07:57:815 | DEBUG    | trade_logic.py            | stop_loss_book_profit_core | Evaluating open positions for stop-loss/book-profit... | 
2025-10-18 04:07:57:815 | DEBUG    | trade_logic.py            | stop_loss_book_profit_core | {} | 
2025-10-18 04:08:02:819 | DEBUG    | trade_logic.py            | stop_loss_book_profit_core | Evaluating open positions for stop-loss/book-profit... | 
2025-10-18 04:08:02:819 | DEBUG    | trade_logic.py            | stop_loss_book_profit_core | {} | 
2025-10-18 04:08:07:822 | DEBUG    | trade_logic.py            | stop_loss_book_profit_core | Evaluating open positions for stop-loss/book-profit... | 
2025-10-18 04:08:07:823 | DEBUG    | trade_logic.py            | stop_loss_book_profit_core | {} | 
2025-10-18 04:08:12:836 | DEBUG    | trade_logic.py            | stop_loss_book_profit_core | Evaluating open positions for stop-loss/book-profit... | 
2025-10-18 04:08:12:838 | DEBUG    | trade_logic.py            | stop_loss_book_profit_core | {} | 
2025-10-18 04:08:17:844 | DEBUG    | trade_logic.py            | stop_loss_book_profit_core | Evaluating open positions for stop-loss/book-profit... | 
2025-10-18 04:08:17:846 | DEBUG    | trade_logic.py            | stop_loss_book_profit_core | {} | 
2025-10-18 04:08:22:849 | DEBUG    | trade_logic.py            | stop_loss_book_profit_core | Evaluating open positions for stop-loss/book-profit... | 
2025-10-18 04:08:22:851 | DEBUG    | trade_logic.py            | stop_loss_book_profit_core | {} | 
2025-10-18 04:08:27:851 | DEBUG    | trade_logic.py            | stop_loss_book_profit_core | Evaluating open positions for stop-loss/book-profit... | 
2025-10-18 04:08:27:852 | DEBUG    | trade_logic.py            | stop_loss_book_profit_core | {} | 
2025-10-18 04:08:32:853 | DEBUG    | trade_logic.py            | stop_loss_book_profit_core | Evaluating open positions for stop-loss/book-profit... | 
2025-10-18 04:08:32:854 | DEBUG    | trade_logic.py            | stop_loss_book_profit_core | {} | 
2025-10-18 04:08:37:853 | DEBUG    | trade_logic.py            | stop_loss_book_profit_core | Evaluating open positions for stop-loss/book-profit... | 
2025-10-18 04:08:37:855 | DEBUG    | trade_logic.py            | stop_loss_book_profit_core | {} | 
2025-10-18 04:08:42:859 | DEBUG    | trade_logic.py            | stop_loss_book_profit_core | Evaluating open positions for stop-loss/book-profit... | 
2025-10-18 04:08:42:860 | DEBUG    | trade_logic.py            | stop_loss_book_profit_core | {} | 
2025-10-18 04:08:47:864 | DEBUG    | trade_logic.py            | stop_loss_book_profit_core | Evaluating open positions for stop-loss/book-profit... | 
2025-10-18 04:08:47:866 | DEBUG    | trade_logic.py            | stop_loss_book_profit_core | {} | 
2025-10-18 04:08:52:871 | DEBUG    | trade_logic.py            | stop_loss_book_profit_core | Evaluating open positions for stop-loss/book-profit... | 
2025-10-18 04:08:52:873 | DEBUG    | trade_logic.py            | stop_loss_book_profit_core | {} | 
2025-10-18 04:08:57:878 | DEBUG    | trade_logic.py            | stop_loss_book_profit_core | Evaluating open positions for stop-loss/book-profit... | 
2025-10-18 04:08:57:879 | DEBUG    | trade_logic.py            | stop_loss_book_profit_core | {} | 
2025-10-18 04:09:02:889 | DEBUG    | trade_logic.py            | stop_loss_book_profit_core | Evaluating open positions for stop-loss/book-profit... | 
2025-10-18 04:09:02:890 | DEBUG    | trade_logic.py            | stop_loss_book_profit_core | {} | 
2025-10-18 04:09:07:889 | DEBUG    | trade_logic.py            | stop_loss_book_profit_core | Evaluating open positions for stop-loss/book-profit... | 
2025-10-18 04:09:07:890 | DEBUG    | trade_logic.py            | stop_loss_book_profit_core | {} | 
2025-10-18 04:09:12:908 | DEBUG    | trade_logic.py            | stop_loss_book_profit_core | Evaluating open positions for stop-loss/book-profit... | 
2025-10-18 04:09:12:908 | DEBUG    | trade_logic.py            | stop_loss_book_profit_core | {} | 
2025-10-18 04:09:17:911 | DEBUG    | trade_logic.py            | stop_loss_book_profit_core | Evaluating open positions for stop-loss/book-profit... | 
2025-10-18 04:09:17:912 | DEBUG    | trade_logic.py            | stop_loss_book_profit_core | {} | 
2025-10-18 04:09:22:917 | DEBUG    | trade_logic.py            | stop_loss_book_profit_core | Evaluating open positions for stop-loss/book-profit... | 
2025-10-18 04:09:22:917 | DEBUG    | trade_logic.py            | stop_loss_book_profit_core | {} | 
2025-10-18 04:09:27:935 | DEBUG    | trade_logic.py            | stop_loss_book_profit_core | Evaluating open positions for stop-loss/book-profit... | 
2025-10-18 04:09:27:936 | DEBUG    | trade_logic.py            | stop_loss_book_profit_core | {} | 
2025-10-18 04:09:32:954 | DEBUG    | trade_logic.py            | stop_loss_book_profit_core | Evaluating open positions for stop-loss/book-profit... | 
2025-10-18 04:09:32:954 | DEBUG    | trade_logic.py            | stop_loss_book_profit_core | {} | 
2025-10-18 04:09:37:955 | DEBUG    | trade_logic.py            | stop_loss_book_profit_core | Evaluating open positions for stop-loss/book-profit... | 
2025-10-18 04:09:37:956 | DEBUG    | trade_logic.py            | stop_loss_book_profit_core | {} | 
2025-10-18 04:09:42:965 | DEBUG    | trade_logic.py            | stop_loss_book_profit_core | Evaluating open positions for stop-loss/book-profit... | 
2025-10-18 04:09:42:965 | DEBUG    | trade_logic.py            | stop_loss_book_profit_core | {} | 
2025-10-18 04:09:47:980 | DEBUG    | trade_logic.py            | stop_loss_book_profit_core | Evaluating open positions for stop-loss/book-profit... | 
2025-10-18 04:09:47:981 | DEBUG    | trade_logic.py            | stop_loss_book_profit_core | {} | 
2025-10-18 04:09:52:981 | DEBUG    | trade_logic.py            | stop_loss_book_profit_core | Evaluating open positions for stop-loss/book-profit... | 
2025-10-18 04:09:52:981 | DEBUG    | trade_logic.py            | stop_loss_book_profit_core | {} | 
2025-10-18 04:09:57:988 | DEBUG    | trade_logic.py            | stop_loss_book_profit_core | Evaluating open positions for stop-loss/book-profit... | 
2025-10-18 04:09:57:990 | DEBUG    | trade_logic.py            | stop_loss_book_profit_core | {} | 
2025-10-18 04:10:02:997 | DEBUG    | trade_logic.py            | stop_loss_book_profit_core | Evaluating open positions for stop-loss/book-profit... | 
2025-10-18 04:10:02:997 | DEBUG    | trade_logic.py            | stop_loss_book_profit_core | {} | 
2025-10-18 04:10:08:008 | DEBUG    | trade_logic.py            | stop_loss_book_profit_core | Evaluating open positions for stop-loss/book-profit... | 
2025-10-18 04:10:08:009 | DEBUG    | trade_logic.py            | stop_loss_book_profit_core | {} | 
2025-10-18 04:10:13:024 | DEBUG    | trade_logic.py            | stop_loss_book_profit_core | Evaluating open positions for stop-loss/book-profit... | 
2025-10-18 04:10:13:025 | DEBUG    | trade_logic.py            | stop_loss_book_profit_core | {} | 
2025-10-18 04:10:18:045 | DEBUG    | trade_logic.py            | stop_loss_book_profit_core | Evaluating open positions for stop-loss/book-profit... | 
2025-10-18 04:10:18:046 | DEBUG    | trade_logic.py            | stop_loss_book_profit_core | {} | 
2025-10-18 04:10:23:061 | DEBUG    | trade_logic.py            | stop_loss_book_profit_core | Evaluating open positions for stop-loss/book-profit... | 
2025-10-18 04:10:23:063 | DEBUG    | trade_logic.py            | stop_loss_book_profit_core | {} | 
2025-10-18 04:10:28:081 | DEBUG    | trade_logic.py            | stop_loss_book_profit_core | Evaluating open positions for stop-loss/book-profit... | 
2025-10-18 04:10:28:082 | DEBUG    | trade_logic.py            | stop_loss_book_profit_core | {} | 
2025-10-18 04:10:33:081 | DEBUG    | trade_logic.py            | stop_loss_book_profit_core | Evaluating open positions for stop-loss/book-profit... | 
2025-10-18 04:10:33:083 | DEBUG    | trade_logic.py            | stop_loss_book_profit_core | {} | 
2025-10-18 04:10:38:096 | DEBUG    | trade_logic.py            | stop_loss_book_profit_core | Evaluating open positions for stop-loss/book-profit... | 
2025-10-18 04:10:38:098 | DEBUG    | trade_logic.py            | stop_loss_book_profit_core | {} | 
2025-10-18 04:10:43:101 | DEBUG    | trade_logic.py            | stop_loss_book_profit_core | Evaluating open positions for stop-loss/book-profit... | 
2025-10-18 04:10:43:103 | DEBUG    | trade_logic.py            | stop_loss_book_profit_core | {} | 
2025-10-18 04:10:48:113 | DEBUG    | trade_logic.py            | stop_loss_book_profit_core | Evaluating open positions for stop-loss/book-profit... | 
2025-10-18 04:10:48:115 | DEBUG    | trade_logic.py            | stop_loss_book_profit_core | {} | 
2025-10-18 04:10:53:119 | DEBUG    | trade_logic.py            | stop_loss_book_profit_core | Evaluating open positions for stop-loss/book-profit... | 
2025-10-18 04:10:53:121 | DEBUG    | trade_logic.py            | stop_loss_book_profit_core | {} | 
2025-10-18 04:10:58:125 | DEBUG    | trade_logic.py            | stop_loss_book_profit_core | Evaluating open positions for stop-loss/book-profit... | 
2025-10-18 04:10:58:126 | DEBUG    | trade_logic.py            | stop_loss_book_profit_core | {} | 
2025-10-18 04:11:03:145 | DEBUG    | trade_logic.py            | stop_loss_book_profit_core | Evaluating open positions for stop-loss/book-profit... | 
2025-10-18 04:11:03:145 | DEBUG    | trade_logic.py            | stop_loss_book_profit_core | {} | 
2025-10-18 04:11:08:149 | DEBUG    | trade_logic.py            | stop_loss_book_profit_core | Evaluating open positions for stop-loss/book-profit... | 
2025-10-18 04:11:08:149 | DEBUG    | trade_logic.py            | stop_loss_book_profit_core | {} | 
2025-10-18 04:11:13:163 | DEBUG    | trade_logic.py            | stop_loss_book_profit_core | Evaluating open positions for stop-loss/book-profit... | 
2025-10-18 04:11:13:164 | DEBUG    | trade_logic.py            | stop_loss_book_profit_core | {} | 
2025-10-18 04:11:18:164 | DEBUG    | trade_logic.py            | stop_loss_book_profit_core | Evaluating open positions for stop-loss/book-profit... | 
2025-10-18 04:11:18:165 | DEBUG    | trade_logic.py            | stop_loss_book_profit_core | {} | 
2025-10-18 04:11:23:184 | DEBUG    | trade_logic.py            | stop_loss_book_profit_core | Evaluating open positions for stop-loss/book-profit... | 
2025-10-18 04:11:23:185 | DEBUG    | trade_logic.py            | stop_loss_book_profit_core | {} | 
2025-10-18 04:11:28:197 | DEBUG    | trade_logic.py            | stop_loss_book_profit_core | Evaluating open positions for stop-loss/book-profit... | 
2025-10-18 04:11:28:198 | DEBUG    | trade_logic.py            | stop_loss_book_profit_core | {} | 
2025-10-18 04:11:33:201 | DEBUG    | trade_logic.py            | stop_loss_book_profit_core | Evaluating open positions for stop-loss/book-profit... | 
2025-10-18 04:11:33:201 | DEBUG    | trade_logic.py            | stop_loss_book_profit_core | {} | 
2025-10-18 04:11:38:203 | DEBUG    | trade_logic.py            | stop_loss_book_profit_core | Evaluating open positions for stop-loss/book-profit... | 
2025-10-18 04:11:38:203 | DEBUG    | trade_logic.py            | stop_loss_book_profit_core | {} | 
2025-10-18 04:11:43:215 | DEBUG    | trade_logic.py            | stop_loss_book_profit_core | Evaluating open positions for stop-loss/book-profit... | 
2025-10-18 04:11:43:216 | DEBUG    | trade_logic.py            | stop_loss_book_profit_core | {} | 
2025-10-18 04:11:48:219 | DEBUG    | trade_logic.py            | stop_loss_book_profit_core | Evaluating open positions for stop-loss/book-profit... | 
2025-10-18 04:11:48:221 | DEBUG    | trade_logic.py            | stop_loss_book_profit_core | {} | 
2025-10-18 04:11:53:225 | DEBUG    | trade_logic.py            | stop_loss_book_profit_core | Evaluating open positions for stop-loss/book-profit... | 
2025-10-18 04:11:53:226 | DEBUG    | trade_logic.py            | stop_loss_book_profit_core | {} | 
2025-10-18 04:11:58:231 | DEBUG    | trade_logic.py            | stop_loss_book_profit_core | Evaluating open positions for stop-loss/book-profit... | 
2025-10-18 04:11:58:232 | DEBUG    | trade_logic.py            | stop_loss_book_profit_core | {} | 
2025-10-18 04:12:03:238 | DEBUG    | trade_logic.py            | stop_loss_book_profit_core | Evaluating open positions for stop-loss/book-profit... | 
2025-10-18 04:12:03:239 | DEBUG    | trade_logic.py            | stop_loss_book_profit_core | {} | 
2025-10-18 04:12:08:257 | DEBUG    | trade_logic.py            | stop_loss_book_profit_core | Evaluating open positions for stop-loss/book-profit... | 
2025-10-18 04:12:08:259 | DEBUG    | trade_logic.py            | stop_loss_book_profit_core | {} | 
2025-10-18 04:12:13:279 | DEBUG    | trade_logic.py            | stop_loss_book_profit_core | Evaluating open positions for stop-loss/book-profit... | 
2025-10-18 04:12:13:281 | DEBUG    | trade_logic.py            | stop_loss_book_profit_core | {} | 
2025-10-18 04:12:18:300 | DEBUG    | trade_logic.py            | stop_loss_book_profit_core | Evaluating open positions for stop-loss/book-profit... | 
2025-10-18 04:12:18:302 | DEBUG    | trade_logic.py            | stop_loss_book_profit_core | {} | 
2025-10-18 04:12:23:322 | DEBUG    | trade_logic.py            | stop_loss_book_profit_core | Evaluating open positions for stop-loss/book-profit... | 
2025-10-18 04:12:23:323 | DEBUG    | trade_logic.py            | stop_loss_book_profit_core | {} | 
2025-10-18 04:12:28:324 | DEBUG    | trade_logic.py            | stop_loss_book_profit_core | Evaluating open positions for stop-loss/book-profit... | 
2025-10-18 04:12:28:326 | DEBUG    | trade_logic.py            | stop_loss_book_profit_core | {} | 
2025-10-18 04:12:33:328 | DEBUG    | trade_logic.py            | stop_loss_book_profit_core | Evaluating open positions for stop-loss/book-profit... | 
2025-10-18 04:12:33:329 | DEBUG    | trade_logic.py            | stop_loss_book_profit_core | {} | 
2025-10-18 04:12:38:335 | DEBUG    | trade_logic.py            | stop_loss_book_profit_core | Evaluating open positions for stop-loss/book-profit... | 
2025-10-18 04:12:38:337 | DEBUG    | trade_logic.py            | stop_loss_book_profit_core | {} | 
2025-10-18 04:12:43:341 | DEBUG    | trade_logic.py            | stop_loss_book_profit_core | Evaluating open positions for stop-loss/book-profit... | 
2025-10-18 04:12:43:342 | DEBUG    | trade_logic.py            | stop_loss_book_profit_core | {} | 
2025-10-18 04:12:48:342 | DEBUG    | trade_logic.py            | stop_loss_book_profit_core | Evaluating open positions for stop-loss/book-profit... | 
2025-10-18 04:12:48:343 | DEBUG    | trade_logic.py            | stop_loss_book_profit_core | {} | 
2025-10-18 04:12:53:348 | DEBUG    | trade_logic.py            | stop_loss_book_profit_core | Evaluating open positions for stop-loss/book-profit... | 
2025-10-18 04:12:53:349 | DEBUG    | trade_logic.py            | stop_loss_book_profit_core | {} | 
2025-10-18 04:12:58:364 | DEBUG    | trade_logic.py            | stop_loss_book_profit_core | Evaluating open positions for stop-loss/book-profit... | 
2025-10-18 04:12:58:365 | DEBUG    | trade_logic.py            | stop_loss_book_profit_core | {} | 
2025-10-18 04:13:03:381 | DEBUG    | trade_logic.py            | stop_loss_book_profit_core | Evaluating open positions for stop-loss/book-profit... | 
2025-10-18 04:13:03:382 | DEBUG    | trade_logic.py            | stop_loss_book_profit_core | {} | 
2025-10-18 04:13:08:382 | DEBUG    | trade_logic.py            | stop_loss_book_profit_core | Evaluating open positions for stop-loss/book-profit... | 
2025-10-18 04:13:08:382 | DEBUG    | trade_logic.py            | stop_loss_book_profit_core | {} | 
2025-10-18 04:13:13:389 | DEBUG    | trade_logic.py            | stop_loss_book_profit_core | Evaluating open positions for stop-loss/book-profit... | 
2025-10-18 04:13:13:392 | DEBUG    | trade_logic.py            | stop_loss_book_profit_core | {} | 
2025-10-18 04:13:18:398 | DEBUG    | trade_logic.py            | stop_loss_book_profit_core | Evaluating open positions for stop-loss/book-profit... | 
2025-10-18 04:13:18:398 | DEBUG    | trade_logic.py            | stop_loss_book_profit_core | {} | 
2025-10-18 04:13:23:400 | DEBUG    | trade_logic.py            | stop_loss_book_profit_core | Evaluating open positions for stop-loss/book-profit... | 
2025-10-18 04:13:23:401 | DEBUG    | trade_logic.py            | stop_loss_book_profit_core | {} | 
2025-10-18 04:13:28:405 | DEBUG    | trade_logic.py            | stop_loss_book_profit_core | Evaluating open positions for stop-loss/book-profit... | 
2025-10-18 04:13:28:406 | DEBUG    | trade_logic.py            | stop_loss_book_profit_core | {} | 
2025-10-18 04:13:33:413 | DEBUG    | trade_logic.py            | stop_loss_book_profit_core | Evaluating open positions for stop-loss/book-profit... | 
2025-10-18 04:13:33:415 | DEBUG    | trade_logic.py            | stop_loss_book_profit_core | {} | 
2025-10-18 04:13:38:418 | DEBUG    | trade_logic.py            | stop_loss_book_profit_core | Evaluating open positions for stop-loss/book-profit... | 
2025-10-18 04:13:38:419 | DEBUG    | trade_logic.py            | stop_loss_book_profit_core | {} | 
2025-10-18 04:13:43:420 | DEBUG    | trade_logic.py            | stop_loss_book_profit_core | Evaluating open positions for stop-loss/book-profit... | 
2025-10-18 04:13:43:421 | DEBUG    | trade_logic.py            | stop_loss_book_profit_core | {} | 
2025-10-18 04:13:48:429 | DEBUG    | trade_logic.py            | stop_loss_book_profit_core | Evaluating open positions for stop-loss/book-profit... | 
2025-10-18 04:13:48:429 | DEBUG    | trade_logic.py            | stop_loss_book_profit_core | {} | 
2025-10-18 04:13:53:436 | DEBUG    | trade_logic.py            | stop_loss_book_profit_core | Evaluating open positions for stop-loss/book-profit... | 
2025-10-18 04:13:53:437 | DEBUG    | trade_logic.py            | stop_loss_book_profit_core | {} | 
2025-10-18 04:13:58:444 | DEBUG    | trade_logic.py            | stop_loss_book_profit_core | Evaluating open positions for stop-loss/book-profit... | 
2025-10-18 04:13:58:445 | DEBUG    | trade_logic.py            | stop_loss_book_profit_core | {} | 
2025-10-18 04:14:03:448 | DEBUG    | trade_logic.py            | stop_loss_book_profit_core | Evaluating open positions for stop-loss/book-profit... | 
2025-10-18 04:14:03:450 | DEBUG    | trade_logic.py            | stop_loss_book_profit_core | {} | 
2025-10-18 04:14:08:460 | DEBUG    | trade_logic.py            | stop_loss_book_profit_core | Evaluating open positions for stop-loss/book-profit... | 
2025-10-18 04:14:08:460 | DEBUG    | trade_logic.py            | stop_loss_book_profit_core | {} | 
2025-10-18 04:14:13:478 | DEBUG    | trade_logic.py            | stop_loss_book_profit_core | Evaluating open positions for stop-loss/book-profit... | 
2025-10-18 04:14:13:480 | DEBUG    | trade_logic.py            | stop_loss_book_profit_core | {} | 
2025-10-18 04:14:18:496 | DEBUG    | trade_logic.py            | stop_loss_book_profit_core | Evaluating open positions for stop-loss/book-profit... | 
2025-10-18 04:14:18:497 | DEBUG    | trade_logic.py            | stop_loss_book_profit_core | {} | 
2025-10-18 04:14:23:516 | DEBUG    | trade_logic.py            | stop_loss_book_profit_core | Evaluating open positions for stop-loss/book-profit... | 
2025-10-18 04:14:23:518 | DEBUG    | trade_logic.py            | stop_loss_book_profit_core | {} | 
2025-10-18 04:14:28:517 | DEBUG    | trade_logic.py            | stop_loss_book_profit_core | Evaluating open positions for stop-loss/book-profit... | 
2025-10-18 04:14:28:518 | DEBUG    | trade_logic.py            | stop_loss_book_profit_core | {} | 
2025-10-18 04:14:33:524 | DEBUG    | trade_logic.py            | stop_loss_book_profit_core | Evaluating open positions for stop-loss/book-profit... | 
2025-10-18 04:14:33:525 | DEBUG    | trade_logic.py            | stop_loss_book_profit_core | {} | 
2025-10-18 04:14:38:529 | DEBUG    | trade_logic.py            | stop_loss_book_profit_core | Evaluating open positions for stop-loss/book-profit... | 
2025-10-18 04:14:38:530 | DEBUG    | trade_logic.py            | stop_loss_book_profit_core | {} | 
2025-10-18 04:14:43:530 | DEBUG    | trade_logic.py            | stop_loss_book_profit_core | Evaluating open positions for stop-loss/book-profit... | 
2025-10-18 04:14:43:532 | DEBUG    | trade_logic.py            | stop_loss_book_profit_core | {} | 
2025-10-18 04:14:48:538 | DEBUG    | trade_logic.py            | stop_loss_book_profit_core | Evaluating open positions for stop-loss/book-profit... | 
2025-10-18 04:14:48:539 | DEBUG    | trade_logic.py            | stop_loss_book_profit_core | {} | 
2025-10-18 04:14:53:543 | DEBUG    | trade_logic.py            | stop_loss_book_profit_core | Evaluating open positions for stop-loss/book-profit... | 
2025-10-18 04:14:53:544 | DEBUG    | trade_logic.py            | stop_loss_book_profit_core | {} | 
2025-10-18 04:14:58:548 | DEBUG    | trade_logic.py            | stop_loss_book_profit_core | Evaluating open positions for stop-loss/book-profit... | 
2025-10-18 04:14:58:549 | DEBUG    | trade_logic.py            | stop_loss_book_profit_core | {} | 
2025-10-18 04:15:03:553 | DEBUG    | trade_logic.py            | stop_loss_book_profit_core | Evaluating open positions for stop-loss/book-profit... | 
2025-10-18 04:15:03:554 | DEBUG    | trade_logic.py            | stop_loss_book_profit_core | {} | 
2025-10-18 04:15:08:556 | DEBUG    | trade_logic.py            | stop_loss_book_profit_core | Evaluating open positions for stop-loss/book-profit... | 
2025-10-18 04:15:08:557 | DEBUG    | trade_logic.py            | stop_loss_book_profit_core | {} | 
2025-10-18 04:15:13:561 | DEBUG    | trade_logic.py            | stop_loss_book_profit_core | Evaluating open positions for stop-loss/book-profit... | 
2025-10-18 04:15:13:562 | DEBUG    | trade_logic.py            | stop_loss_book_profit_core | {} | 
2025-10-18 04:15:18:572 | DEBUG    | trade_logic.py            | stop_loss_book_profit_core | Evaluating open positions for stop-loss/book-profit... | 
2025-10-18 04:15:18:573 | DEBUG    | trade_logic.py            | stop_loss_book_profit_core | {} | 
2025-10-18 04:15:23:590 | DEBUG    | trade_logic.py            | stop_loss_book_profit_core | Evaluating open positions for stop-loss/book-profit... | 
2025-10-18 04:15:23:591 | DEBUG    | trade_logic.py            | stop_loss_book_profit_core | {} | 
2025-10-18 04:15:28:599 | DEBUG    | trade_logic.py            | stop_loss_book_profit_core | Evaluating open positions for stop-loss/book-profit... | 
2025-10-18 04:15:28:599 | DEBUG    | trade_logic.py            | stop_loss_book_profit_core | {} | 
2025-10-18 04:15:33:615 | DEBUG    | trade_logic.py            | stop_loss_book_profit_core | Evaluating open positions for stop-loss/book-profit... | 
2025-10-18 04:15:33:616 | DEBUG    | trade_logic.py            | stop_loss_book_profit_core | {} | 
2025-10-18 04:15:38:628 | DEBUG    | trade_logic.py            | stop_loss_book_profit_core | Evaluating open positions for stop-loss/book-profit... | 
2025-10-18 04:15:38:629 | DEBUG    | trade_logic.py            | stop_loss_book_profit_core | {} | 
2025-10-18 04:15:43:630 | DEBUG    | trade_logic.py            | stop_loss_book_profit_core | Evaluating open positions for stop-loss/book-profit... | 
2025-10-18 04:15:43:631 | DEBUG    | trade_logic.py            | stop_loss_book_profit_core | {} | 
2025-10-18 04:15:48:633 | DEBUG    | trade_logic.py            | stop_loss_book_profit_core | Evaluating open positions for stop-loss/book-profit... | 
2025-10-18 04:15:48:634 | DEBUG    | trade_logic.py            | stop_loss_book_profit_core | {} | 
2025-10-18 04:15:53:637 | DEBUG    | trade_logic.py            | stop_loss_book_profit_core | Evaluating open positions for stop-loss/book-profit... | 
2025-10-18 04:15:53:638 | DEBUG    | trade_logic.py            | stop_loss_book_profit_core | {} | 
2025-10-18 04:15:58:639 | DEBUG    | trade_logic.py            | stop_loss_book_profit_core | Evaluating open positions for stop-loss/book-profit... | 
2025-10-18 04:15:58:640 | DEBUG    | trade_logic.py            | stop_loss_book_profit_core | {} | 
2025-10-18 04:16:03:645 | DEBUG    | trade_logic.py            | stop_loss_book_profit_core | Evaluating open positions for stop-loss/book-profit... | 
2025-10-18 04:16:03:645 | DEBUG    | trade_logic.py            | stop_loss_book_profit_core | {} | 
2025-10-18 04:16:08:662 | DEBUG    | trade_logic.py            | stop_loss_book_profit_core | Evaluating open positions for stop-loss/book-profit... | 
2025-10-18 04:16:08:664 | DEBUG    | trade_logic.py            | stop_loss_book_profit_core | {} | 
2025-10-18 04:16:13:682 | DEBUG    | trade_logic.py            | stop_loss_book_profit_core | Evaluating open positions for stop-loss/book-profit... | 
2025-10-18 04:16:13:684 | DEBUG    | trade_logic.py            | stop_loss_book_profit_core | {} | 
2025-10-18 04:16:18:698 | DEBUG    | trade_logic.py            | stop_loss_book_profit_core | Evaluating open positions for stop-loss/book-profit... | 
2025-10-18 04:16:18:699 | DEBUG    | trade_logic.py            | stop_loss_book_profit_core | {} | 
2025-10-18 04:16:23:699 | DEBUG    | trade_logic.py            | stop_loss_book_profit_core | Evaluating open positions for stop-loss/book-profit... | 
2025-10-18 04:16:23:700 | DEBUG    | trade_logic.py            | stop_loss_book_profit_core | {} | 
2025-10-18 04:16:28:701 | DEBUG    | trade_logic.py            | stop_loss_book_profit_core | Evaluating open positions for stop-loss/book-profit... | 
2025-10-18 04:16:28:702 | DEBUG    | trade_logic.py            | stop_loss_book_profit_core | {} | 
2025-10-18 04:16:33:712 | DEBUG    | trade_logic.py            | stop_loss_book_profit_core | Evaluating open positions for stop-loss/book-profit... | 
2025-10-18 04:16:33:714 | DEBUG    | trade_logic.py            | stop_loss_book_profit_core | {} | 
2025-10-18 04:16:38:727 | DEBUG    | trade_logic.py            | stop_loss_book_profit_core | Evaluating open positions for stop-loss/book-profit... | 
2025-10-18 04:16:38:729 | DEBUG    | trade_logic.py            | stop_loss_book_profit_core | {} | 
2025-10-18 04:16:43:732 | DEBUG    | trade_logic.py            | stop_loss_book_profit_core | Evaluating open positions for stop-loss/book-profit... | 
2025-10-18 04:16:43:733 | DEBUG    | trade_logic.py            | stop_loss_book_profit_core | {} | 
2025-10-18 04:16:48:738 | DEBUG    | trade_logic.py            | stop_loss_book_profit_core | Evaluating open positions for stop-loss/book-profit... | 
2025-10-18 04:16:48:739 | DEBUG    | trade_logic.py            | stop_loss_book_profit_core | {} | 
2025-10-18 04:16:53:749 | DEBUG    | trade_logic.py            | stop_loss_book_profit_core | Evaluating open positions for stop-loss/book-profit... | 
2025-10-18 04:16:53:751 | DEBUG    | trade_logic.py            | stop_loss_book_profit_core | {} | 
2025-10-18 04:16:58:749 | DEBUG    | trade_logic.py            | stop_loss_book_profit_core | Evaluating open positions for stop-loss/book-profit... | 
2025-10-18 04:16:58:751 | DEBUG    | trade_logic.py            | stop_loss_book_profit_core | {} | 
2025-10-18 04:17:03:756 | DEBUG    | trade_logic.py            | stop_loss_book_profit_core | Evaluating open positions for stop-loss/book-profit... | 
2025-10-18 04:17:03:756 | DEBUG    | trade_logic.py            | stop_loss_book_profit_core | {} | 
2025-10-18 04:17:08:756 | DEBUG    | trade_logic.py            | stop_loss_book_profit_core | Evaluating open positions for stop-loss/book-profit... | 
2025-10-18 04:17:08:757 | DEBUG    | trade_logic.py            | stop_loss_book_profit_core | {} | 
2025-10-18 04:17:13:764 | DEBUG    | trade_logic.py            | stop_loss_book_profit_core | Evaluating open positions for stop-loss/book-profit... | 
2025-10-18 04:17:13:765 | DEBUG    | trade_logic.py            | stop_loss_book_profit_core | {} | 
2025-10-18 04:17:18:777 | DEBUG    | trade_logic.py            | stop_loss_book_profit_core | Evaluating open positions for stop-loss/book-profit... | 
2025-10-18 04:17:18:778 | DEBUG    | trade_logic.py            | stop_loss_book_profit_core | {} | 
2025-10-18 04:17:23:782 | DEBUG    | trade_logic.py            | stop_loss_book_profit_core | Evaluating open positions for stop-loss/book-profit... | 
2025-10-18 04:17:23:782 | DEBUG    | trade_logic.py            | stop_loss_book_profit_core | {} | 
2025-10-18 04:17:28:790 | DEBUG    | trade_logic.py            | stop_loss_book_profit_core | Evaluating open positions for stop-loss/book-profit... | 
2025-10-18 04:17:28:791 | DEBUG    | trade_logic.py            | stop_loss_book_profit_core | {} | 
2025-10-18 04:17:33:793 | DEBUG    | trade_logic.py            | stop_loss_book_profit_core | Evaluating open positions for stop-loss/book-profit... | 
2025-10-18 04:17:33:794 | DEBUG    | trade_logic.py            | stop_loss_book_profit_core | {} | 
2025-10-18 04:17:38:804 | DEBUG    | trade_logic.py            | stop_loss_book_profit_core | Evaluating open positions for stop-loss/book-profit... | 
2025-10-18 04:17:38:807 | DEBUG    | trade_logic.py            | stop_loss_book_profit_core | {} | 
2025-10-18 04:17:43:812 | DEBUG    | trade_logic.py            | stop_loss_book_profit_core | Evaluating open positions for stop-loss/book-profit... | 
2025-10-18 04:17:43:813 | DEBUG    | trade_logic.py            | stop_loss_book_profit_core | {} | 
2025-10-18 04:17:48:825 | DEBUG    | trade_logic.py            | stop_loss_book_profit_core | Evaluating open positions for stop-loss/book-profit... | 
2025-10-18 04:17:48:826 | DEBUG    | trade_logic.py            | stop_loss_book_profit_core | {} | 
2025-10-18 04:17:53:826 | DEBUG    | trade_logic.py            | stop_loss_book_profit_core | Evaluating open positions for stop-loss/book-profit... | 
2025-10-18 04:17:53:827 | DEBUG    | trade_logic.py            | stop_loss_book_profit_core | {} | 
2025-10-18 04:17:58:847 | DEBUG    | trade_logic.py            | stop_loss_book_profit_core | Evaluating open positions for stop-loss/book-profit... | 
2025-10-18 04:17:58:849 | DEBUG    | trade_logic.py            | stop_loss_book_profit_core | {} | 
2025-10-18 04:18:03:853 | DEBUG    | trade_logic.py            | stop_loss_book_profit_core | Evaluating open positions for stop-loss/book-profit... | 
2025-10-18 04:18:03:854 | DEBUG    | trade_logic.py            | stop_loss_book_profit_core | {} | 
2025-10-18 04:18:08:866 | DEBUG    | trade_logic.py            | stop_loss_book_profit_core | Evaluating open positions for stop-loss/book-profit... | 
2025-10-18 04:18:08:867 | DEBUG    | trade_logic.py            | stop_loss_book_profit_core | {} | 
2025-10-18 04:18:13:879 | DEBUG    | trade_logic.py            | stop_loss_book_profit_core | Evaluating open positions for stop-loss/book-profit... | 
2025-10-18 04:18:13:880 | DEBUG    | trade_logic.py            | stop_loss_book_profit_core | {} | 
2025-10-18 04:18:18:881 | DEBUG    | trade_logic.py            | stop_loss_book_profit_core | Evaluating open positions for stop-loss/book-profit... | 
2025-10-18 04:18:18:882 | DEBUG    | trade_logic.py            | stop_loss_book_profit_core | {} | 
2025-10-18 04:18:23:899 | DEBUG    | trade_logic.py            | stop_loss_book_profit_core | Evaluating open positions for stop-loss/book-profit... | 
2025-10-18 04:18:23:900 | DEBUG    | trade_logic.py            | stop_loss_book_profit_core | {} | 
2025-10-18 04:18:28:901 | DEBUG    | trade_logic.py            | stop_loss_book_profit_core | Evaluating open positions for stop-loss/book-profit... | 
2025-10-18 04:18:28:902 | DEBUG    | trade_logic.py            | stop_loss_book_profit_core | {} | 
2025-10-18 04:18:33:906 | DEBUG    | trade_logic.py            | stop_loss_book_profit_core | Evaluating open positions for stop-loss/book-profit... | 
2025-10-18 04:18:33:906 | DEBUG    | trade_logic.py            | stop_loss_book_profit_core | {} | 
2025-10-18 04:18:38:911 | DEBUG    | trade_logic.py            | stop_loss_book_profit_core | Evaluating open positions for stop-loss/book-profit... | 
2025-10-18 04:18:38:912 | DEBUG    | trade_logic.py            | stop_loss_book_profit_core | {} | 
2025-10-18 04:18:43:916 | DEBUG    | trade_logic.py            | stop_loss_book_profit_core | Evaluating open positions for stop-loss/book-profit... | 
2025-10-18 04:18:43:917 | DEBUG    | trade_logic.py            | stop_loss_book_profit_core | {} | 
2025-10-18 04:18:48:922 | DEBUG    | trade_logic.py            | stop_loss_book_profit_core | Evaluating open positions for stop-loss/book-profit... | 
2025-10-18 04:18:48:923 | DEBUG    | trade_logic.py            | stop_loss_book_profit_core | {} | 
2025-10-18 04:18:53:935 | DEBUG    | trade_logic.py            | stop_loss_book_profit_core | Evaluating open positions for stop-loss/book-profit... | 
2025-10-18 04:18:53:936 | DEBUG    | trade_logic.py            | stop_loss_book_profit_core | {} | 
2025-10-18 04:18:58:950 | DEBUG    | trade_logic.py            | stop_loss_book_profit_core | Evaluating open positions for stop-loss/book-profit... | 
2025-10-18 04:18:58:951 | DEBUG    | trade_logic.py            | stop_loss_book_profit_core | {} | 
2025-10-18 04:19:03:967 | DEBUG    | trade_logic.py            | stop_loss_book_profit_core | Evaluating open positions for stop-loss/book-profit... | 
2025-10-18 04:19:03:968 | DEBUG    | trade_logic.py            | stop_loss_book_profit_core | {} | 
2025-10-18 04:19:08:968 | DEBUG    | trade_logic.py            | stop_loss_book_profit_core | Evaluating open positions for stop-loss/book-profit... | 
2025-10-18 04:19:08:969 | DEBUG    | trade_logic.py            | stop_loss_book_profit_core | {} | 
2025-10-18 04:19:13:983 | DEBUG    | trade_logic.py            | stop_loss_book_profit_core | Evaluating open positions for stop-loss/book-profit... | 
2025-10-18 04:19:13:984 | DEBUG    | trade_logic.py            | stop_loss_book_profit_core | {} | 
2025-10-18 04:19:18:999 | DEBUG    | trade_logic.py            | stop_loss_book_profit_core | Evaluating open positions for stop-loss/book-profit... | 
2025-10-18 04:19:18:999 | DEBUG    | trade_logic.py            | stop_loss_book_profit_core | {} | 
2025-10-18 04:19:24:006 | DEBUG    | trade_logic.py            | stop_loss_book_profit_core | Evaluating open positions for stop-loss/book-profit... | 
2025-10-18 04:19:24:007 | DEBUG    | trade_logic.py            | stop_loss_book_profit_core | {} | 
2025-10-18 04:19:29:010 | DEBUG    | trade_logic.py            | stop_loss_book_profit_core | Evaluating open positions for stop-loss/book-profit... | 
2025-10-18 04:19:29:011 | DEBUG    | trade_logic.py            | stop_loss_book_profit_core | {} | 
2025-10-18 04:19:34:011 | DEBUG    | trade_logic.py            | stop_loss_book_profit_core | Evaluating open positions for stop-loss/book-profit... | 
2025-10-18 04:19:34:012 | DEBUG    | trade_logic.py            | stop_loss_book_profit_core | {} | 
2025-10-18 04:19:39:021 | DEBUG    | trade_logic.py            | stop_loss_book_profit_core | Evaluating open positions for stop-loss/book-profit... | 
2025-10-18 04:19:39:022 | DEBUG    | trade_logic.py            | stop_loss_book_profit_core | {} | 
2025-10-18 04:19:44:022 | DEBUG    | trade_logic.py            | stop_loss_book_profit_core | Evaluating open positions for stop-loss/book-profit... | 
2025-10-18 04:19:44:023 | DEBUG    | trade_logic.py            | stop_loss_book_profit_core | {} | 
2025-10-18 04:19:49:031 | DEBUG    | trade_logic.py            | stop_loss_book_profit_core | Evaluating open positions for stop-loss/book-profit... | 
2025-10-18 04:19:49:032 | DEBUG    | trade_logic.py            | stop_loss_book_profit_core | {} | 
2025-10-18 04:19:54:034 | DEBUG    | trade_logic.py            | stop_loss_book_profit_core | Evaluating open positions for stop-loss/book-profit... | 
2025-10-18 04:19:54:035 | DEBUG    | trade_logic.py            | stop_loss_book_profit_core | {} | 
2025-10-18 04:19:59:037 | DEBUG    | trade_logic.py            | stop_loss_book_profit_core | Evaluating open positions for stop-loss/book-profit... | 
2025-10-18 04:19:59:037 | DEBUG    | trade_logic.py            | stop_loss_book_profit_core | {} | 
2025-10-18 04:20:04:038 | DEBUG    | trade_logic.py            | stop_loss_book_profit_core | Evaluating open positions for stop-loss/book-profit... | 
2025-10-18 04:20:04:039 | DEBUG    | trade_logic.py            | stop_loss_book_profit_core | {} | 
2025-10-18 04:20:09:040 | DEBUG    | trade_logic.py            | stop_loss_book_profit_core | Evaluating open positions for stop-loss/book-profit... | 
2025-10-18 04:20:09:042 | DEBUG    | trade_logic.py            | stop_loss_book_profit_core | {} | 
2025-10-18 04:20:14:046 | DEBUG    | trade_logic.py            | stop_loss_book_profit_core | Evaluating open positions for stop-loss/book-profit... | 
2025-10-18 04:20:14:048 | DEBUG    | trade_logic.py            | stop_loss_book_profit_core | {} | 
2025-10-18 04:20:19:052 | DEBUG    | trade_logic.py            | stop_loss_book_profit_core | Evaluating open positions for stop-loss/book-profit... | 
2025-10-18 04:20:19:054 | DEBUG    | trade_logic.py            | stop_loss_book_profit_core | {} | 
2025-10-18 04:20:24:060 | DEBUG    | trade_logic.py            | stop_loss_book_profit_core | Evaluating open positions for stop-loss/book-profit... | 
2025-10-18 04:20:24:062 | DEBUG    | trade_logic.py            | stop_loss_book_profit_core | {} | 
2025-10-18 04:20:29:063 | DEBUG    | trade_logic.py            | stop_loss_book_profit_core | Evaluating open positions for stop-loss/book-profit... | 
2025-10-18 04:20:29:064 | DEBUG    | trade_logic.py            | stop_loss_book_profit_core | {} | 
2025-10-18 04:20:34:066 | DEBUG    | trade_logic.py            | stop_loss_book_profit_core | Evaluating open positions for stop-loss/book-profit... | 
2025-10-18 04:20:34:067 | DEBUG    | trade_logic.py            | stop_loss_book_profit_core | {} | 
2025-10-18 04:20:39:070 | DEBUG    | trade_logic.py            | stop_loss_book_profit_core | Evaluating open positions for stop-loss/book-profit... | 
2025-10-18 04:20:39:071 | DEBUG    | trade_logic.py            | stop_loss_book_profit_core | {} | 
2025-10-18 04:20:44:072 | DEBUG    | trade_logic.py            | stop_loss_book_profit_core | Evaluating open positions for stop-loss/book-profit... | 
2025-10-18 04:20:44:073 | DEBUG    | trade_logic.py            | stop_loss_book_profit_core | {} | 
2025-10-18 04:20:49:081 | DEBUG    | trade_logic.py            | stop_loss_book_profit_core | Evaluating open positions for stop-loss/book-profit... | 
2025-10-18 04:20:49:083 | DEBUG    | trade_logic.py            | stop_loss_book_profit_core | {} | 
2025-10-18 04:20:54:090 | DEBUG    | trade_logic.py            | stop_loss_book_profit_core | Evaluating open positions for stop-loss/book-profit... | 
2025-10-18 04:20:54:091 | DEBUG    | trade_logic.py            | stop_loss_book_profit_core | {} | 
2025-10-18 04:20:59:094 | DEBUG    | trade_logic.py            | stop_loss_book_profit_core | Evaluating open positions for stop-loss/book-profit... | 
2025-10-18 04:20:59:095 | DEBUG    | trade_logic.py            | stop_loss_book_profit_core | {} | 
2025-10-18 04:21:04:111 | DEBUG    | trade_logic.py            | stop_loss_book_profit_core | Evaluating open positions for stop-loss/book-profit... | 
2025-10-18 04:21:04:112 | DEBUG    | trade_logic.py            | stop_loss_book_profit_core | {} | 
2025-10-18 04:21:09:117 | DEBUG    | trade_logic.py            | stop_loss_book_profit_core | Evaluating open positions for stop-loss/book-profit... | 
2025-10-18 04:21:09:118 | DEBUG    | trade_logic.py            | stop_loss_book_profit_core | {} | 
2025-10-18 04:21:14:133 | DEBUG    | trade_logic.py            | stop_loss_book_profit_core | Evaluating open positions for stop-loss/book-profit... | 
2025-10-18 04:21:14:134 | DEBUG    | trade_logic.py            | stop_loss_book_profit_core | {} | 
2025-10-18 04:21:19:135 | DEBUG    | trade_logic.py            | stop_loss_book_profit_core | Evaluating open positions for stop-loss/book-profit... | 
2025-10-18 04:21:19:136 | DEBUG    | trade_logic.py            | stop_loss_book_profit_core | {} | 
2025-10-18 04:21:24:148 | DEBUG    | trade_logic.py            | stop_loss_book_profit_core | Evaluating open positions for stop-loss/book-profit... | 
2025-10-18 04:21:24:149 | DEBUG    | trade_logic.py            | stop_loss_book_profit_core | {} | 
2025-10-18 04:21:29:169 | DEBUG    | trade_logic.py            | stop_loss_book_profit_core | Evaluating open positions for stop-loss/book-profit... | 
2025-10-18 04:21:29:170 | DEBUG    | trade_logic.py            | stop_loss_book_profit_core | {} | 
2025-10-18 04:21:34:171 | DEBUG    | trade_logic.py            | stop_loss_book_profit_core | Evaluating open positions for stop-loss/book-profit... | 
2025-10-18 04:21:34:172 | DEBUG    | trade_logic.py            | stop_loss_book_profit_core | {} | 
2025-10-18 04:21:39:188 | DEBUG    | trade_logic.py            | stop_loss_book_profit_core | Evaluating open positions for stop-loss/book-profit... | 
2025-10-18 04:21:39:189 | DEBUG    | trade_logic.py            | stop_loss_book_profit_core | {} | 
2025-10-18 04:21:44:201 | DEBUG    | trade_logic.py            | stop_loss_book_profit_core | Evaluating open positions for stop-loss/book-profit... | 
2025-10-18 04:21:44:202 | DEBUG    | trade_logic.py            | stop_loss_book_profit_core | {} | 
2025-10-18 04:21:49:205 | DEBUG    | trade_logic.py            | stop_loss_book_profit_core | Evaluating open positions for stop-loss/book-profit... | 
2025-10-18 04:21:49:206 | DEBUG    | trade_logic.py            | stop_loss_book_profit_core | {} | 
2025-10-18 04:21:54:217 | DEBUG    | trade_logic.py            | stop_loss_book_profit_core | Evaluating open positions for stop-loss/book-profit... | 
2025-10-18 04:21:54:218 | DEBUG    | trade_logic.py            | stop_loss_book_profit_core | {} | 
2025-10-18 04:21:59:225 | DEBUG    | trade_logic.py            | stop_loss_book_profit_core | Evaluating open positions for stop-loss/book-profit... | 
2025-10-18 04:21:59:226 | DEBUG    | trade_logic.py            | stop_loss_book_profit_core | {} | 
2025-10-18 04:22:04:232 | DEBUG    | trade_logic.py            | stop_loss_book_profit_core | Evaluating open positions for stop-loss/book-profit... | 
2025-10-18 04:22:04:233 | DEBUG    | trade_logic.py            | stop_loss_book_profit_core | {} | 
2025-10-18 04:22:09:237 | DEBUG    | trade_logic.py            | stop_loss_book_profit_core | Evaluating open positions for stop-loss/book-profit... | 
2025-10-18 04:22:09:239 | DEBUG    | trade_logic.py            | stop_loss_book_profit_core | {} | 
2025-10-18 04:22:14:239 | DEBUG    | trade_logic.py            | stop_loss_book_profit_core | Evaluating open positions for stop-loss/book-profit... | 
2025-10-18 04:22:14:240 | DEBUG    | trade_logic.py            | stop_loss_book_profit_core | {} | 
2025-10-18 04:22:19:242 | DEBUG    | trade_logic.py            | stop_loss_book_profit_core | Evaluating open positions for stop-loss/book-profit... | 
2025-10-18 04:22:19:243 | DEBUG    | trade_logic.py            | stop_loss_book_profit_core | {} | 
2025-10-18 04:22:24:253 | DEBUG    | trade_logic.py            | stop_loss_book_profit_core | Evaluating open positions for stop-loss/book-profit... | 
2025-10-18 04:22:24:254 | DEBUG    | trade_logic.py            | stop_loss_book_profit_core | {} | 
2025-10-18 04:22:29:265 | DEBUG    | trade_logic.py            | stop_loss_book_profit_core | Evaluating open positions for stop-loss/book-profit... | 
2025-10-18 04:22:29:266 | DEBUG    | trade_logic.py            | stop_loss_book_profit_core | {} | 
2025-10-18 04:22:34:275 | DEBUG    | trade_logic.py            | stop_loss_book_profit_core | Evaluating open positions for stop-loss/book-profit... | 
2025-10-18 04:22:34:276 | DEBUG    | trade_logic.py            | stop_loss_book_profit_core | {} | 
2025-10-18 04:22:39:277 | DEBUG    | trade_logic.py            | stop_loss_book_profit_core | Evaluating open positions for stop-loss/book-profit... | 
2025-10-18 04:22:39:277 | DEBUG    | trade_logic.py            | stop_loss_book_profit_core | {} | 
2025-10-18 04:22:44:286 | DEBUG    | trade_logic.py            | stop_loss_book_profit_core | Evaluating open positions for stop-loss/book-profit... | 
2025-10-18 04:22:44:287 | DEBUG    | trade_logic.py            | stop_loss_book_profit_core | {} | 
2025-10-18 04:22:49:298 | DEBUG    | trade_logic.py            | stop_loss_book_profit_core | Evaluating open positions for stop-loss/book-profit... | 
2025-10-18 04:22:49:299 | DEBUG    | trade_logic.py            | stop_loss_book_profit_core | {} | 
2025-10-18 04:22:54:314 | DEBUG    | trade_logic.py            | stop_loss_book_profit_core | Evaluating open positions for stop-loss/book-profit... | 
2025-10-18 04:22:54:315 | DEBUG    | trade_logic.py            | stop_loss_book_profit_core | {} | 
2025-10-18 04:22:59:333 | DEBUG    | trade_logic.py            | stop_loss_book_profit_core | Evaluating open positions for stop-loss/book-profit... | 
2025-10-18 04:22:59:334 | DEBUG    | trade_logic.py            | stop_loss_book_profit_core | {} | 
2025-10-18 04:23:04:336 | DEBUG    | trade_logic.py            | stop_loss_book_profit_core | Evaluating open positions for stop-loss/book-profit... | 
2025-10-18 04:23:04:337 | DEBUG    | trade_logic.py            | stop_loss_book_profit_core | {} | 
2025-10-18 04:23:09:351 | DEBUG    | trade_logic.py            | stop_loss_book_profit_core | Evaluating open positions for stop-loss/book-profit... | 
2025-10-18 04:23:09:353 | DEBUG    | trade_logic.py            | stop_loss_book_profit_core | {} | 
2025-10-18 04:23:14:358 | DEBUG    | trade_logic.py            | stop_loss_book_profit_core | Evaluating open positions for stop-loss/book-profit... | 
2025-10-18 04:23:14:358 | DEBUG    | trade_logic.py            | stop_loss_book_profit_core | {} | 
2025-10-18 04:23:19:360 | DEBUG    | trade_logic.py            | stop_loss_book_profit_core | Evaluating open positions for stop-loss/book-profit... | 
2025-10-18 04:23:19:361 | DEBUG    | trade_logic.py            | stop_loss_book_profit_core | {} | 
2025-10-18 04:23:24:370 | DEBUG    | trade_logic.py            | stop_loss_book_profit_core | Evaluating open positions for stop-loss/book-profit... | 
2025-10-18 04:23:24:372 | DEBUG    | trade_logic.py            | stop_loss_book_profit_core | {} | 
2025-10-18 04:23:29:376 | DEBUG    | trade_logic.py            | stop_loss_book_profit_core | Evaluating open positions for stop-loss/book-profit... | 
2025-10-18 04:23:29:377 | DEBUG    | trade_logic.py            | stop_loss_book_profit_core | {} | 
2025-10-18 04:23:34:386 | DEBUG    | trade_logic.py            | stop_loss_book_profit_core | Evaluating open positions for stop-loss/book-profit... | 
2025-10-18 04:23:34:387 | DEBUG    | trade_logic.py            | stop_loss_book_profit_core | {} | 
2025-10-18 04:23:39:387 | DEBUG    | trade_logic.py            | stop_loss_book_profit_core | Evaluating open positions for stop-loss/book-profit... | 
2025-10-18 04:23:39:388 | DEBUG    | trade_logic.py            | stop_loss_book_profit_core | {} | 
2025-10-18 04:23:44:392 | DEBUG    | trade_logic.py            | stop_loss_book_profit_core | Evaluating open positions for stop-loss/book-profit... | 
2025-10-18 04:23:44:394 | DEBUG    | trade_logic.py            | stop_loss_book_profit_core | {} | 
2025-10-18 04:23:49:393 | DEBUG    | trade_logic.py            | stop_loss_book_profit_core | Evaluating open positions for stop-loss/book-profit... | 
2025-10-18 04:23:49:393 | DEBUG    | trade_logic.py            | stop_loss_book_profit_core | {} | 
2025-10-18 04:23:54:408 | DEBUG    | trade_logic.py            | stop_loss_book_profit_core | Evaluating open positions for stop-loss/book-profit... | 
2025-10-18 04:23:54:409 | DEBUG    | trade_logic.py            | stop_loss_book_profit_core | {} | 
2025-10-18 04:23:59:421 | DEBUG    | trade_logic.py            | stop_loss_book_profit_core | Evaluating open positions for stop-loss/book-profit... | 
2025-10-18 04:23:59:422 | DEBUG    | trade_logic.py            | stop_loss_book_profit_core | {} | 
2025-10-18 04:24:04:435 | DEBUG    | trade_logic.py            | stop_loss_book_profit_core | Evaluating open positions for stop-loss/book-profit... | 
2025-10-18 04:24:04:436 | DEBUG    | trade_logic.py            | stop_loss_book_profit_core | {} | 
2025-10-18 04:24:09:441 | DEBUG    | trade_logic.py            | stop_loss_book_profit_core | Evaluating open positions for stop-loss/book-profit... | 
2025-10-18 04:24:09:441 | DEBUG    | trade_logic.py            | stop_loss_book_profit_core | {} | 
2025-10-18 04:24:14:445 | DEBUG    | trade_logic.py            | stop_loss_book_profit_core | Evaluating open positions for stop-loss/book-profit... | 
2025-10-18 04:24:14:445 | DEBUG    | trade_logic.py            | stop_loss_book_profit_core | {} | 
2025-10-18 04:24:19:458 | DEBUG    | trade_logic.py            | stop_loss_book_profit_core | Evaluating open positions for stop-loss/book-profit... | 
2025-10-18 04:24:19:459 | DEBUG    | trade_logic.py            | stop_loss_book_profit_core | {} | 
2025-10-18 04:24:24:473 | DEBUG    | trade_logic.py            | stop_loss_book_profit_core | Evaluating open positions for stop-loss/book-profit... | 
2025-10-18 04:24:24:473 | DEBUG    | trade_logic.py            | stop_loss_book_profit_core | {} | 
2025-10-18 04:24:29:483 | DEBUG    | trade_logic.py            | stop_loss_book_profit_core | Evaluating open positions for stop-loss/book-profit... | 
2025-10-18 04:24:29:484 | DEBUG    | trade_logic.py            | stop_loss_book_profit_core | {} | 
2025-10-18 04:24:34:498 | DEBUG    | trade_logic.py            | stop_loss_book_profit_core | Evaluating open positions for stop-loss/book-profit... | 
2025-10-18 04:24:34:498 | DEBUG    | trade_logic.py            | stop_loss_book_profit_core | {} | 
2025-10-18 04:24:39:516 | DEBUG    | trade_logic.py            | stop_loss_book_profit_core | Evaluating open positions for stop-loss/book-profit... | 
2025-10-18 04:24:39:517 | DEBUG    | trade_logic.py            | stop_loss_book_profit_core | {} | 
2025-10-18 04:24:44:533 | DEBUG    | trade_logic.py            | stop_loss_book_profit_core | Evaluating open positions for stop-loss/book-profit... | 
2025-10-18 04:24:44:534 | DEBUG    | trade_logic.py            | stop_loss_book_profit_core | {} | 
2025-10-18 04:24:49:544 | DEBUG    | trade_logic.py            | stop_loss_book_profit_core | Evaluating open positions for stop-loss/book-profit... | 
2025-10-18 04:24:49:545 | DEBUG    | trade_logic.py            | stop_loss_book_profit_core | {} | 
2025-10-18 04:24:54:545 | DEBUG    | trade_logic.py            | stop_loss_book_profit_core | Evaluating open positions for stop-loss/book-profit... | 
2025-10-18 04:24:54:546 | DEBUG    | trade_logic.py            | stop_loss_book_profit_core | {} | 
2025-10-18 04:24:59:546 | DEBUG    | trade_logic.py            | stop_loss_book_profit_core | Evaluating open positions for stop-loss/book-profit... | 
2025-10-18 04:24:59:547 | DEBUG    | trade_logic.py            | stop_loss_book_profit_core | {} | 
2025-10-18 04:25:04:548 | DEBUG    | trade_logic.py            | stop_loss_book_profit_core | Evaluating open positions for stop-loss/book-profit... | 
2025-10-18 04:25:04:550 | DEBUG    | trade_logic.py            | stop_loss_book_profit_core | {} | 
2025-10-18 04:25:09:562 | DEBUG    | trade_logic.py            | stop_loss_book_profit_core | Evaluating open positions for stop-loss/book-profit... | 
2025-10-18 04:25:09:563 | DEBUG    | trade_logic.py            | stop_loss_book_profit_core | {} | 
2025-10-18 04:25:14:564 | DEBUG    | trade_logic.py            | stop_loss_book_profit_core | Evaluating open positions for stop-loss/book-profit... | 
2025-10-18 04:25:14:564 | DEBUG    | trade_logic.py            | stop_loss_book_profit_core | {} | 
2025-10-18 04:25:19:569 | DEBUG    | trade_logic.py            | stop_loss_book_profit_core | Evaluating open positions for stop-loss/book-profit... | 
2025-10-18 04:25:19:570 | DEBUG    | trade_logic.py            | stop_loss_book_profit_core | {} | 
2025-10-18 04:25:24:577 | DEBUG    | trade_logic.py            | stop_loss_book_profit_core | Evaluating open positions for stop-loss/book-profit... | 
2025-10-18 04:25:24:578 | DEBUG    | trade_logic.py            | stop_loss_book_profit_core | {} | 
2025-10-18 04:25:29:583 | DEBUG    | trade_logic.py            | stop_loss_book_profit_core | Evaluating open positions for stop-loss/book-profit... | 
2025-10-18 04:25:29:585 | DEBUG    | trade_logic.py            | stop_loss_book_profit_core | {} | 
2025-10-18 04:25:34:601 | DEBUG    | trade_logic.py            | stop_loss_book_profit_core | Evaluating open positions for stop-loss/book-profit... | 
2025-10-18 04:25:34:602 | DEBUG    | trade_logic.py            | stop_loss_book_profit_core | {} | 
2025-10-18 04:25:39:623 | DEBUG    | trade_logic.py            | stop_loss_book_profit_core | Evaluating open positions for stop-loss/book-profit... | 
2025-10-18 04:25:39:625 | DEBUG    | trade_logic.py            | stop_loss_book_profit_core | {} | 
2025-10-18 04:25:44:625 | DEBUG    | trade_logic.py            | stop_loss_book_profit_core | Evaluating open positions for stop-loss/book-profit... | 
2025-10-18 04:25:44:625 | DEBUG    | trade_logic.py            | stop_loss_book_profit_core | {} | 
2025-10-18 04:25:49:640 | DEBUG    | trade_logic.py            | stop_loss_book_profit_core | Evaluating open positions for stop-loss/book-profit... | 
2025-10-18 04:25:49:641 | DEBUG    | trade_logic.py            | stop_loss_book_profit_core | {} | 
2025-10-18 04:25:54:657 | DEBUG    | trade_logic.py            | stop_loss_book_profit_core | Evaluating open positions for stop-loss/book-profit... | 
2025-10-18 04:25:54:661 | DEBUG    | trade_logic.py            | stop_loss_book_profit_core | {} | 
2025-10-18 04:25:59:672 | DEBUG    | trade_logic.py            | stop_loss_book_profit_core | Evaluating open positions for stop-loss/book-profit... | 
2025-10-18 04:25:59:673 | DEBUG    | trade_logic.py            | stop_loss_book_profit_core | {} | 
2025-10-18 04:26:04:678 | DEBUG    | trade_logic.py            | stop_loss_book_profit_core | Evaluating open positions for stop-loss/book-profit... | 
2025-10-18 04:26:04:680 | DEBUG    | trade_logic.py            | stop_loss_book_profit_core | {} | 
2025-10-18 04:26:09:681 | DEBUG    | trade_logic.py            | stop_loss_book_profit_core | Evaluating open positions for stop-loss/book-profit... | 
2025-10-18 04:26:09:682 | DEBUG    | trade_logic.py            | stop_loss_book_profit_core | {} | 
2025-10-18 04:26:14:687 | DEBUG    | trade_logic.py            | stop_loss_book_profit_core | Evaluating open positions for stop-loss/book-profit... | 
2025-10-18 04:26:14:687 | DEBUG    | trade_logic.py            | stop_loss_book_profit_core | {} | 
2025-10-18 04:26:19:704 | DEBUG    | trade_logic.py            | stop_loss_book_profit_core | Evaluating open positions for stop-loss/book-profit... | 
2025-10-18 04:26:19:705 | DEBUG    | trade_logic.py            | stop_loss_book_profit_core | {} | 
2025-10-18 04:26:24:718 | DEBUG    | trade_logic.py            | stop_loss_book_profit_core | Evaluating open positions for stop-loss/book-profit... | 
2025-10-18 04:26:24:719 | DEBUG    | trade_logic.py            | stop_loss_book_profit_core | {} | 
2025-10-18 04:26:29:734 | DEBUG    | trade_logic.py            | stop_loss_book_profit_core | Evaluating open positions for stop-loss/book-profit... | 
2025-10-18 04:26:29:734 | DEBUG    | trade_logic.py            | stop_loss_book_profit_core | {} | 
2025-10-18 04:26:34:744 | DEBUG    | trade_logic.py            | stop_loss_book_profit_core | Evaluating open positions for stop-loss/book-profit... | 
2025-10-18 04:26:34:745 | DEBUG    | trade_logic.py            | stop_loss_book_profit_core | {} | 
2025-10-18 04:26:39:759 | DEBUG    | trade_logic.py            | stop_loss_book_profit_core | Evaluating open positions for stop-loss/book-profit... | 
2025-10-18 04:26:39:760 | DEBUG    | trade_logic.py            | stop_loss_book_profit_core | {} | 
2025-10-18 04:26:44:779 | DEBUG    | trade_logic.py            | stop_loss_book_profit_core | Evaluating open positions for stop-loss/book-profit... | 
2025-10-18 04:26:44:783 | DEBUG    | trade_logic.py            | stop_loss_book_profit_core | {} | 
2025-10-18 04:26:49:791 | DEBUG    | trade_logic.py            | stop_loss_book_profit_core | Evaluating open positions for stop-loss/book-profit... | 
2025-10-18 04:26:49:792 | DEBUG    | trade_logic.py            | stop_loss_book_profit_core | {} | 
2025-10-18 04:26:54:810 | DEBUG    | trade_logic.py            | stop_loss_book_profit_core | Evaluating open positions for stop-loss/book-profit... | 
2025-10-18 04:26:54:811 | DEBUG    | trade_logic.py            | stop_loss_book_profit_core | {} | 
2025-10-18 04:26:59:831 | DEBUG    | trade_logic.py            | stop_loss_book_profit_core | Evaluating open positions for stop-loss/book-profit... | 
2025-10-18 04:26:59:833 | DEBUG    | trade_logic.py            | stop_loss_book_profit_core | {} | 
2025-10-18 04:27:04:834 | DEBUG    | trade_logic.py            | stop_loss_book_profit_core | Evaluating open positions for stop-loss/book-profit... | 
2025-10-18 04:27:04:835 | DEBUG    | trade_logic.py            | stop_loss_book_profit_core | {} | 
2025-10-18 04:27:09:839 | DEBUG    | trade_logic.py            | stop_loss_book_profit_core | Evaluating open positions for stop-loss/book-profit... | 
2025-10-18 04:27:09:841 | DEBUG    | trade_logic.py            | stop_loss_book_profit_core | {} | 
2025-10-18 04:27:14:844 | DEBUG    | trade_logic.py            | stop_loss_book_profit_core | Evaluating open positions for stop-loss/book-profit... | 
2025-10-18 04:27:14:846 | DEBUG    | trade_logic.py            | stop_loss_book_profit_core | {} | 
2025-10-18 04:27:19:851 | DEBUG    | trade_logic.py            | stop_loss_book_profit_core | Evaluating open positions for stop-loss/book-profit... | 
2025-10-18 04:27:19:852 | DEBUG    | trade_logic.py            | stop_loss_book_profit_core | {} | 
2025-10-18 04:27:24:856 | DEBUG    | trade_logic.py            | stop_loss_book_profit_core | Evaluating open positions for stop-loss/book-profit... | 
2025-10-18 04:27:24:857 | DEBUG    | trade_logic.py            | stop_loss_book_profit_core | {} | 
2025-10-18 04:27:29:857 | DEBUG    | trade_logic.py            | stop_loss_book_profit_core | Evaluating open positions for stop-loss/book-profit... | 
2025-10-18 04:27:29:858 | DEBUG    | trade_logic.py            | stop_loss_book_profit_core | {} | 
2025-10-18 04:27:34:871 | DEBUG    | trade_logic.py            | stop_loss_book_profit_core | Evaluating open positions for stop-loss/book-profit... | 
2025-10-18 04:27:34:872 | DEBUG    | trade_logic.py            | stop_loss_book_profit_core | {} | 
2025-10-18 04:27:39:875 | DEBUG    | trade_logic.py            | stop_loss_book_profit_core | Evaluating open positions for stop-loss/book-profit... | 
2025-10-18 04:27:39:877 | DEBUG    | trade_logic.py            | stop_loss_book_profit_core | {} | 
2025-10-18 04:27:44:877 | DEBUG    | trade_logic.py            | stop_loss_book_profit_core | Evaluating open positions for stop-loss/book-profit... | 
2025-10-18 04:27:44:878 | DEBUG    | trade_logic.py            | stop_loss_book_profit_core | {} | 
2025-10-18 04:27:49:886 | DEBUG    | trade_logic.py            | stop_loss_book_profit_core | Evaluating open positions for stop-loss/book-profit... | 
2025-10-18 04:27:49:886 | DEBUG    | trade_logic.py            | stop_loss_book_profit_core | {} | 
2025-10-18 04:27:54:893 | DEBUG    | trade_logic.py            | stop_loss_book_profit_core | Evaluating open positions for stop-loss/book-profit... | 
2025-10-18 04:27:54:894 | DEBUG    | trade_logic.py            | stop_loss_book_profit_core | {} | 
2025-10-18 04:27:59:907 | DEBUG    | trade_logic.py            | stop_loss_book_profit_core | Evaluating open positions for stop-loss/book-profit... | 
2025-10-18 04:27:59:910 | DEBUG    | trade_logic.py            | stop_loss_book_profit_core | {} | 
2025-10-18 04:28:04:918 | DEBUG    | trade_logic.py            | stop_loss_book_profit_core | Evaluating open positions for stop-loss/book-profit... | 
2025-10-18 04:28:04:919 | DEBUG    | trade_logic.py            | stop_loss_book_profit_core | {} | 
2025-10-18 04:28:09:934 | DEBUG    | trade_logic.py            | stop_loss_book_profit_core | Evaluating open positions for stop-loss/book-profit... | 
2025-10-18 04:28:09:935 | DEBUG    | trade_logic.py            | stop_loss_book_profit_core | {} | 
2025-10-18 04:28:14:961 | DEBUG    | trade_logic.py            | stop_loss_book_profit_core | Evaluating open positions for stop-loss/book-profit... | 
2025-10-18 04:28:14:962 | DEBUG    | trade_logic.py            | stop_loss_book_profit_core | {} | 
2025-10-18 04:28:19:961 | DEBUG    | trade_logic.py            | stop_loss_book_profit_core | Evaluating open positions for stop-loss/book-profit... | 
2025-10-18 04:28:19:963 | DEBUG    | trade_logic.py            | stop_loss_book_profit_core | {} | 
2025-10-18 04:28:24:982 | DEBUG    | trade_logic.py            | stop_loss_book_profit_core | Evaluating open positions for stop-loss/book-profit... | 
2025-10-18 04:28:24:983 | DEBUG    | trade_logic.py            | stop_loss_book_profit_core | {} | 
2025-10-18 04:28:29:994 | DEBUG    | trade_logic.py            | stop_loss_book_profit_core | Evaluating open positions for stop-loss/book-profit... | 
2025-10-18 04:28:29:995 | DEBUG    | trade_logic.py            | stop_loss_book_profit_core | {} | 
2025-10-18 04:28:35:007 | DEBUG    | trade_logic.py            | stop_loss_book_profit_core | Evaluating open positions for stop-loss/book-profit... | 
2025-10-18 04:28:35:009 | DEBUG    | trade_logic.py            | stop_loss_book_profit_core | {} | 
2025-10-18 04:28:40:014 | DEBUG    | trade_logic.py            | stop_loss_book_profit_core | Evaluating open positions for stop-loss/book-profit... | 
2025-10-18 04:28:40:015 | DEBUG    | trade_logic.py            | stop_loss_book_profit_core | {} | 
2025-10-18 04:28:45:020 | DEBUG    | trade_logic.py            | stop_loss_book_profit_core | Evaluating open positions for stop-loss/book-profit... | 
2025-10-18 04:28:45:020 | DEBUG    | trade_logic.py            | stop_loss_book_profit_core | {} | 
2025-10-18 04:28:50:030 | DEBUG    | trade_logic.py            | stop_loss_book_profit_core | Evaluating open positions for stop-loss/book-profit... | 
2025-10-18 04:28:50:031 | DEBUG    | trade_logic.py            | stop_loss_book_profit_core | {} | 
2025-10-18 04:28:55:034 | DEBUG    | trade_logic.py            | stop_loss_book_profit_core | Evaluating open positions for stop-loss/book-profit... | 
2025-10-18 04:28:55:035 | DEBUG    | trade_logic.py            | stop_loss_book_profit_core | {} | 
2025-10-18 04:29:00:039 | DEBUG    | trade_logic.py            | stop_loss_book_profit_core | Evaluating open positions for stop-loss/book-profit... | 
2025-10-18 04:29:00:042 | DEBUG    | trade_logic.py            | stop_loss_book_profit_core | {} | 
2025-10-18 04:29:05:052 | DEBUG    | trade_logic.py            | stop_loss_book_profit_core | Evaluating open positions for stop-loss/book-profit... | 
2025-10-18 04:29:05:053 | DEBUG    | trade_logic.py            | stop_loss_book_profit_core | {} | 
2025-10-18 04:29:10:053 | DEBUG    | trade_logic.py            | stop_loss_book_profit_core | Evaluating open positions for stop-loss/book-profit... | 
2025-10-18 04:29:10:053 | DEBUG    | trade_logic.py            | stop_loss_book_profit_core | {} | 
2025-10-18 04:29:15:058 | DEBUG    | trade_logic.py            | stop_loss_book_profit_core | Evaluating open positions for stop-loss/book-profit... | 
2025-10-18 04:29:15:059 | DEBUG    | trade_logic.py            | stop_loss_book_profit_core | {} | 
2025-10-18 04:29:20:062 | DEBUG    | trade_logic.py            | stop_loss_book_profit_core | Evaluating open positions for stop-loss/book-profit... | 
2025-10-18 04:29:20:063 | DEBUG    | trade_logic.py            | stop_loss_book_profit_core | {} | 
2025-10-18 04:29:25:076 | DEBUG    | trade_logic.py            | stop_loss_book_profit_core | Evaluating open positions for stop-loss/book-profit... | 
2025-10-18 04:29:25:076 | DEBUG    | trade_logic.py            | stop_loss_book_profit_core | {} | 
2025-10-18 04:29:30:095 | DEBUG    | trade_logic.py            | stop_loss_book_profit_core | Evaluating open positions for stop-loss/book-profit... | 
2025-10-18 04:29:30:097 | DEBUG    | trade_logic.py            | stop_loss_book_profit_core | {} | 
2025-10-18 04:29:35:101 | DEBUG    | trade_logic.py            | stop_loss_book_profit_core | Evaluating open positions for stop-loss/book-profit... | 
2025-10-18 04:29:35:103 | DEBUG    | trade_logic.py            | stop_loss_book_profit_core | {} | 
2025-10-18 04:29:40:103 | DEBUG    | trade_logic.py            | stop_loss_book_profit_core | Evaluating open positions for stop-loss/book-profit... | 
2025-10-18 04:29:40:104 | DEBUG    | trade_logic.py            | stop_loss_book_profit_core | {} | 
2025-10-18 04:29:45:115 | DEBUG    | trade_logic.py            | stop_loss_book_profit_core | Evaluating open positions for stop-loss/book-profit... | 
2025-10-18 04:29:45:117 | DEBUG    | trade_logic.py            | stop_loss_book_profit_core | {} | 
2025-10-18 04:29:50:129 | DEBUG    | trade_logic.py            | stop_loss_book_profit_core | Evaluating open positions for stop-loss/book-profit... | 
2025-10-18 04:29:50:130 | DEBUG    | trade_logic.py            | stop_loss_book_profit_core | {} | 
2025-10-18 04:29:55:131 | DEBUG    | trade_logic.py            | stop_loss_book_profit_core | Evaluating open positions for stop-loss/book-profit... | 
2025-10-18 04:29:55:133 | DEBUG    | trade_logic.py            | stop_loss_book_profit_core | {} | 
2025-10-18 04:30:00:134 | DEBUG    | trade_logic.py            | stop_loss_book_profit_core | Evaluating open positions for stop-loss/book-profit... | 
2025-10-18 04:30:00:135 | DEBUG    | trade_logic.py            | stop_loss_book_profit_core | {} | 
2025-10-18 04:30:05:152 | DEBUG    | trade_logic.py            | stop_loss_book_profit_core | Evaluating open positions for stop-loss/book-profit... | 
2025-10-18 04:30:05:158 | DEBUG    | trade_logic.py            | stop_loss_book_profit_core | {} | 
2025-10-18 04:30:10:162 | DEBUG    | trade_logic.py            | stop_loss_book_profit_core | Evaluating open positions for stop-loss/book-profit... | 
2025-10-18 04:30:10:163 | DEBUG    | trade_logic.py            | stop_loss_book_profit_core | {} | 
2025-10-18 04:30:15:169 | DEBUG    | trade_logic.py            | stop_loss_book_profit_core | Evaluating open positions for stop-loss/book-profit... | 
2025-10-18 04:30:15:169 | DEBUG    | trade_logic.py            | stop_loss_book_profit_core | {} | 
2025-10-18 04:30:20:170 | DEBUG    | trade_logic.py            | stop_loss_book_profit_core | Evaluating open positions for stop-loss/book-profit... | 
2025-10-18 04:30:20:170 | DEBUG    | trade_logic.py            | stop_loss_book_profit_core | {} | 
2025-10-18 04:30:25:184 | DEBUG    | trade_logic.py            | stop_loss_book_profit_core | Evaluating open positions for stop-loss/book-profit... | 
2025-10-18 04:30:25:185 | DEBUG    | trade_logic.py            | stop_loss_book_profit_core | {} | 
2025-10-18 04:30:30:201 | DEBUG    | trade_logic.py            | stop_loss_book_profit_core | Evaluating open positions for stop-loss/book-profit... | 
2025-10-18 04:30:30:202 | DEBUG    | trade_logic.py            | stop_loss_book_profit_core | {} | 
2025-10-18 04:30:35:202 | DEBUG    | trade_logic.py            | stop_loss_book_profit_core | Evaluating open positions for stop-loss/book-profit... | 
2025-10-18 04:30:35:203 | DEBUG    | trade_logic.py            | stop_loss_book_profit_core | {} | 
2025-10-18 04:30:40:217 | DEBUG    | trade_logic.py            | stop_loss_book_profit_core | Evaluating open positions for stop-loss/book-profit... | 
2025-10-18 04:30:40:218 | DEBUG    | trade_logic.py            | stop_loss_book_profit_core | {} | 
2025-10-18 04:30:45:231 | DEBUG    | trade_logic.py            | stop_loss_book_profit_core | Evaluating open positions for stop-loss/book-profit... | 
2025-10-18 04:30:45:232 | DEBUG    | trade_logic.py            | stop_loss_book_profit_core | {} | 
2025-10-18 04:30:50:234 | DEBUG    | trade_logic.py            | stop_loss_book_profit_core | Evaluating open positions for stop-loss/book-profit... | 
2025-10-18 04:30:50:235 | DEBUG    | trade_logic.py            | stop_loss_book_profit_core | {} | 
2025-10-18 04:30:55:239 | DEBUG    | trade_logic.py            | stop_loss_book_profit_core | Evaluating open positions for stop-loss/book-profit... | 
2025-10-18 04:30:55:241 | DEBUG    | trade_logic.py            | stop_loss_book_profit_core | {} | 
2025-10-18 04:31:00:245 | DEBUG    | trade_logic.py            | stop_loss_book_profit_core | Evaluating open positions for stop-loss/book-profit... | 
2025-10-18 04:31:00:246 | DEBUG    | trade_logic.py            | stop_loss_book_profit_core | {} | 
2025-10-18 04:31:05:249 | DEBUG    | trade_logic.py            | stop_loss_book_profit_core | Evaluating open positions for stop-loss/book-profit... | 
2025-10-18 04:31:05:251 | DEBUG    | trade_logic.py            | stop_loss_book_profit_core | {} | 
2025-10-18 04:31:10:253 | DEBUG    | trade_logic.py            | stop_loss_book_profit_core | Evaluating open positions for stop-loss/book-profit... | 
2025-10-18 04:31:10:255 | DEBUG    | trade_logic.py            | stop_loss_book_profit_core | {} | 
2025-10-18 04:31:15:256 | DEBUG    | trade_logic.py            | stop_loss_book_profit_core | Evaluating open positions for stop-loss/book-profit... | 
2025-10-18 04:31:15:257 | DEBUG    | trade_logic.py            | stop_loss_book_profit_core | {} | 
2025-10-18 04:31:20:258 | DEBUG    | trade_logic.py            | stop_loss_book_profit_core | Evaluating open positions for stop-loss/book-profit... | 
2025-10-18 04:31:20:259 | DEBUG    | trade_logic.py            | stop_loss_book_profit_core | {} | 
2025-10-18 04:31:25:260 | DEBUG    | trade_logic.py            | stop_loss_book_profit_core | Evaluating open positions for stop-loss/book-profit... | 
2025-10-18 04:31:25:261 | DEBUG    | trade_logic.py            | stop_loss_book_profit_core | {} | 
2025-10-18 04:31:30:274 | DEBUG    | trade_logic.py            | stop_loss_book_profit_core | Evaluating open positions for stop-loss/book-profit... | 
2025-10-18 04:31:30:275 | DEBUG    | trade_logic.py            | stop_loss_book_profit_core | {} | 
2025-10-18 04:31:35:285 | DEBUG    | trade_logic.py            | stop_loss_book_profit_core | Evaluating open positions for stop-loss/book-profit... | 
2025-10-18 04:31:35:287 | DEBUG    | trade_logic.py            | stop_loss_book_profit_core | {} | 
2025-10-18 04:31:40:287 | DEBUG    | trade_logic.py            | stop_loss_book_profit_core | Evaluating open positions for stop-loss/book-profit... | 
2025-10-18 04:31:40:288 | DEBUG    | trade_logic.py            | stop_loss_book_profit_core | {} | 
2025-10-18 04:31:45:288 | DEBUG    | trade_logic.py            | stop_loss_book_profit_core | Evaluating open positions for stop-loss/book-profit... | 
2025-10-18 04:31:45:288 | DEBUG    | trade_logic.py            | stop_loss_book_profit_core | {} | 
2025-10-18 04:31:50:292 | DEBUG    | trade_logic.py            | stop_loss_book_profit_core | Evaluating open positions for stop-loss/book-profit... | 
2025-10-18 04:31:50:294 | DEBUG    | trade_logic.py            | stop_loss_book_profit_core | {} | 
2025-10-18 04:31:55:309 | DEBUG    | trade_logic.py            | stop_loss_book_profit_core | Evaluating open positions for stop-loss/book-profit... | 
2025-10-18 04:31:55:310 | DEBUG    | trade_logic.py            | stop_loss_book_profit_core | {} | 
2025-10-18 04:32:00:313 | DEBUG    | trade_logic.py            | stop_loss_book_profit_core | Evaluating open positions for stop-loss/book-profit... | 
2025-10-18 04:32:00:315 | DEBUG    | trade_logic.py            | stop_loss_book_profit_core | {} | 
2025-10-18 04:32:05:331 | DEBUG    | trade_logic.py            | stop_loss_book_profit_core | Evaluating open positions for stop-loss/book-profit... | 
2025-10-18 04:32:05:332 | DEBUG    | trade_logic.py            | stop_loss_book_profit_core | {} | 
2025-10-18 04:32:10:334 | DEBUG    | trade_logic.py            | stop_loss_book_profit_core | Evaluating open positions for stop-loss/book-profit... | 
2025-10-18 04:32:10:334 | DEBUG    | trade_logic.py            | stop_loss_book_profit_core | {} | 
2025-10-18 04:32:15:354 | DEBUG    | trade_logic.py            | stop_loss_book_profit_core | Evaluating open positions for stop-loss/book-profit... | 
2025-10-18 04:32:15:355 | DEBUG    | trade_logic.py            | stop_loss_book_profit_core | {} | 
2025-10-18 04:32:20:357 | DEBUG    | trade_logic.py            | stop_loss_book_profit_core | Evaluating open positions for stop-loss/book-profit... | 
2025-10-18 04:32:20:358 | DEBUG    | trade_logic.py            | stop_loss_book_profit_core | {} | 
2025-10-18 04:32:25:375 | DEBUG    | trade_logic.py            | stop_loss_book_profit_core | Evaluating open positions for stop-loss/book-profit... | 
2025-10-18 04:32:25:375 | DEBUG    | trade_logic.py            | stop_loss_book_profit_core | {} | 
2025-10-18 04:32:30:393 | DEBUG    | trade_logic.py            | stop_loss_book_profit_core | Evaluating open positions for stop-loss/book-profit... | 
2025-10-18 04:32:30:394 | DEBUG    | trade_logic.py            | stop_loss_book_profit_core | {} | 
2025-10-18 04:32:35:400 | DEBUG    | trade_logic.py            | stop_loss_book_profit_core | Evaluating open positions for stop-loss/book-profit... | 
2025-10-18 04:32:35:401 | DEBUG    | trade_logic.py            | stop_loss_book_profit_core | {} | 
2025-10-18 04:32:40:401 | DEBUG    | trade_logic.py            | stop_loss_book_profit_core | Evaluating open positions for stop-loss/book-profit... | 
2025-10-18 04:32:40:402 | DEBUG    | trade_logic.py            | stop_loss_book_profit_core | {} | 
2025-10-18 04:32:45:406 | DEBUG    | trade_logic.py            | stop_loss_book_profit_core | Evaluating open positions for stop-loss/book-profit... | 
2025-10-18 04:32:45:407 | DEBUG    | trade_logic.py            | stop_loss_book_profit_core | {} | 
2025-10-18 04:32:50:412 | DEBUG    | trade_logic.py            | stop_loss_book_profit_core | Evaluating open positions for stop-loss/book-profit... | 
2025-10-18 04:32:50:413 | DEBUG    | trade_logic.py            | stop_loss_book_profit_core | {} | 
2025-10-18 04:32:55:425 | DEBUG    | trade_logic.py            | stop_loss_book_profit_core | Evaluating open positions for stop-loss/book-profit... | 
2025-10-18 04:32:55:427 | DEBUG    | trade_logic.py            | stop_loss_book_profit_core | {} | 
2025-10-18 04:33:00:439 | DEBUG    | trade_logic.py            | stop_loss_book_profit_core | Evaluating open positions for stop-loss/book-profit... | 
2025-10-18 04:33:00:440 | DEBUG    | trade_logic.py            | stop_loss_book_profit_core | {} | 
2025-10-18 04:33:05:454 | DEBUG    | trade_logic.py            | stop_loss_book_profit_core | Evaluating open positions for stop-loss/book-profit... | 
2025-10-18 04:33:05:455 | DEBUG    | trade_logic.py            | stop_loss_book_profit_core | {} | 
2025-10-18 04:33:10:460 | DEBUG    | trade_logic.py            | stop_loss_book_profit_core | Evaluating open positions for stop-loss/book-profit... | 
2025-10-18 04:33:10:461 | DEBUG    | trade_logic.py            | stop_loss_book_profit_core | {} | 
2025-10-18 04:33:15:477 | DEBUG    | trade_logic.py            | stop_loss_book_profit_core | Evaluating open positions for stop-loss/book-profit... | 
2025-10-18 04:33:15:478 | DEBUG    | trade_logic.py            | stop_loss_book_profit_core | {} | 
2025-10-18 04:33:20:477 | DEBUG    | trade_logic.py            | stop_loss_book_profit_core | Evaluating open positions for stop-loss/book-profit... | 
2025-10-18 04:33:20:478 | DEBUG    | trade_logic.py            | stop_loss_book_profit_core | {} | 
2025-10-18 04:33:25:482 | DEBUG    | trade_logic.py            | stop_loss_book_profit_core | Evaluating open positions for stop-loss/book-profit... | 
2025-10-18 04:33:25:483 | DEBUG    | trade_logic.py            | stop_loss_book_profit_core | {} | 
2025-10-18 04:33:30:484 | DEBUG    | trade_logic.py            | stop_loss_book_profit_core | Evaluating open positions for stop-loss/book-profit... | 
2025-10-18 04:33:30:485 | DEBUG    | trade_logic.py            | stop_loss_book_profit_core | {} | 
2025-10-18 04:33:35:510 | DEBUG    | trade_logic.py            | stop_loss_book_profit_core | Evaluating open positions for stop-loss/book-profit... | 
2025-10-18 04:33:35:514 | DEBUG    | trade_logic.py            | stop_loss_book_profit_core | {} | 
2025-10-18 04:33:40:518 | DEBUG    | trade_logic.py            | stop_loss_book_profit_core | Evaluating open positions for stop-loss/book-profit... | 
2025-10-18 04:33:40:520 | DEBUG    | trade_logic.py            | stop_loss_book_profit_core | {} | 
2025-10-18 04:33:45:540 | DEBUG    | trade_logic.py            | stop_loss_book_profit_core | Evaluating open positions for stop-loss/book-profit... | 
2025-10-18 04:33:45:542 | DEBUG    | trade_logic.py            | stop_loss_book_profit_core | {} | 
2025-10-18 04:33:50:556 | DEBUG    | trade_logic.py            | stop_loss_book_profit_core | Evaluating open positions for stop-loss/book-profit... | 
2025-10-18 04:33:50:557 | DEBUG    | trade_logic.py            | stop_loss_book_profit_core | {} | 
2025-10-18 04:33:55:575 | DEBUG    | trade_logic.py            | stop_loss_book_profit_core | Evaluating open positions for stop-loss/book-profit... | 
2025-10-18 04:33:55:576 | DEBUG    | trade_logic.py            | stop_loss_book_profit_core | {} | 
2025-10-18 04:34:00:594 | DEBUG    | trade_logic.py            | stop_loss_book_profit_core | Evaluating open positions for stop-loss/book-profit... | 
2025-10-18 04:34:00:595 | DEBUG    | trade_logic.py            | stop_loss_book_profit_core | {} | 
2025-10-18 04:34:05:609 | DEBUG    | trade_logic.py            | stop_loss_book_profit_core | Evaluating open positions for stop-loss/book-profit... | 
2025-10-18 04:34:05:610 | DEBUG    | trade_logic.py            | stop_loss_book_profit_core | {} | 
2025-10-18 04:34:10:611 | DEBUG    | trade_logic.py            | stop_loss_book_profit_core | Evaluating open positions for stop-loss/book-profit... | 
2025-10-18 04:34:10:612 | DEBUG    | trade_logic.py            | stop_loss_book_profit_core | {} | 
2025-10-18 04:34:15:611 | DEBUG    | trade_logic.py            | stop_loss_book_profit_core | Evaluating open positions for stop-loss/book-profit... | 
2025-10-18 04:34:15:612 | DEBUG    | trade_logic.py            | stop_loss_book_profit_core | {} | 
2025-10-18 04:34:20:624 | DEBUG    | trade_logic.py            | stop_loss_book_profit_core | Evaluating open positions for stop-loss/book-profit... | 
2025-10-18 04:34:20:625 | DEBUG    | trade_logic.py            | stop_loss_book_profit_core | {} | 
2025-10-18 04:34:25:642 | DEBUG    | trade_logic.py            | stop_loss_book_profit_core | Evaluating open positions for stop-loss/book-profit... | 
2025-10-18 04:34:25:643 | DEBUG    | trade_logic.py            | stop_loss_book_profit_core | {} | 
2025-10-18 04:34:30:659 | DEBUG    | trade_logic.py            | stop_loss_book_profit_core | Evaluating open positions for stop-loss/book-profit... | 
2025-10-18 04:34:30:660 | DEBUG    | trade_logic.py            | stop_loss_book_profit_core | {} | 
2025-10-18 04:34:35:669 | DEBUG    | trade_logic.py            | stop_loss_book_profit_core | Evaluating open positions for stop-loss/book-profit... | 
2025-10-18 04:34:35:669 | DEBUG    | trade_logic.py            | stop_loss_book_profit_core | {} | 
2025-10-18 04:34:40:685 | DEBUG    | trade_logic.py            | stop_loss_book_profit_core | Evaluating open positions for stop-loss/book-profit... | 
2025-10-18 04:34:40:686 | DEBUG    | trade_logic.py            | stop_loss_book_profit_core | {} | 
2025-10-18 04:34:45:698 | DEBUG    | trade_logic.py            | stop_loss_book_profit_core | Evaluating open positions for stop-loss/book-profit... | 
2025-10-18 04:34:45:699 | DEBUG    | trade_logic.py            | stop_loss_book_profit_core | {} | 
2025-10-18 04:34:50:708 | DEBUG    | trade_logic.py            | stop_loss_book_profit_core | Evaluating open positions for stop-loss/book-profit... | 
2025-10-18 04:34:50:709 | DEBUG    | trade_logic.py            | stop_loss_book_profit_core | {} | 
2025-10-18 04:34:55:715 | DEBUG    | trade_logic.py            | stop_loss_book_profit_core | Evaluating open positions for stop-loss/book-profit... | 
2025-10-18 04:34:55:717 | DEBUG    | trade_logic.py            | stop_loss_book_profit_core | {} | 
2025-10-18 04:35:00:726 | DEBUG    | trade_logic.py            | stop_loss_book_profit_core | Evaluating open positions for stop-loss/book-profit... | 
2025-10-18 04:35:00:727 | DEBUG    | trade_logic.py            | stop_loss_book_profit_core | {} | 
2025-10-18 04:35:05:728 | DEBUG    | trade_logic.py            | stop_loss_book_profit_core | Evaluating open positions for stop-loss/book-profit... | 
2025-10-18 04:35:05:730 | DEBUG    | trade_logic.py            | stop_loss_book_profit_core | {} | 
2025-10-18 04:35:10:734 | DEBUG    | trade_logic.py            | stop_loss_book_profit_core | Evaluating open positions for stop-loss/book-profit... | 
2025-10-18 04:35:10:736 | DEBUG    | trade_logic.py            | stop_loss_book_profit_core | {} | 
2025-10-18 04:35:15:735 | DEBUG    | trade_logic.py            | stop_loss_book_profit_core | Evaluating open positions for stop-loss/book-profit... | 
2025-10-18 04:35:15:736 | DEBUG    | trade_logic.py            | stop_loss_book_profit_core | {} | 
2025-10-18 04:35:20:748 | DEBUG    | trade_logic.py            | stop_loss_book_profit_core | Evaluating open positions for stop-loss/book-profit... | 
2025-10-18 04:35:20:750 | DEBUG    | trade_logic.py            | stop_loss_book_profit_core | {} | 
2025-10-18 04:35:25:755 | DEBUG    | trade_logic.py            | stop_loss_book_profit_core | Evaluating open positions for stop-loss/book-profit... | 
2025-10-18 04:35:25:758 | DEBUG    | trade_logic.py            | stop_loss_book_profit_core | {} | 
2025-10-18 04:35:30:760 | DEBUG    | trade_logic.py            | stop_loss_book_profit_core | Evaluating open positions for stop-loss/book-profit... | 
2025-10-18 04:35:30:761 | DEBUG    | trade_logic.py            | stop_loss_book_profit_core | {} | 
2025-10-18 04:35:35:761 | DEBUG    | trade_logic.py            | stop_loss_book_profit_core | Evaluating open positions for stop-loss/book-profit... | 
2025-10-18 04:35:35:762 | DEBUG    | trade_logic.py            | stop_loss_book_profit_core | {} | 
2025-10-18 04:35:40:769 | DEBUG    | trade_logic.py            | stop_loss_book_profit_core | Evaluating open positions for stop-loss/book-profit... | 
2025-10-18 04:35:40:771 | DEBUG    | trade_logic.py            | stop_loss_book_profit_core | {} | 
2025-10-18 04:35:45:770 | DEBUG    | trade_logic.py            | stop_loss_book_profit_core | Evaluating open positions for stop-loss/book-profit... | 
2025-10-18 04:35:45:771 | DEBUG    | trade_logic.py            | stop_loss_book_profit_core | {} | 
2025-10-18 04:35:50:780 | DEBUG    | trade_logic.py            | stop_loss_book_profit_core | Evaluating open positions for stop-loss/book-profit... | 
2025-10-18 04:35:50:782 | DEBUG    | trade_logic.py            | stop_loss_book_profit_core | {} | 
2025-10-18 04:35:55:794 | DEBUG    | trade_logic.py            | stop_loss_book_profit_core | Evaluating open positions for stop-loss/book-profit... | 
2025-10-18 04:35:55:795 | DEBUG    | trade_logic.py            | stop_loss_book_profit_core | {} | 
2025-10-18 04:36:00:808 | DEBUG    | trade_logic.py            | stop_loss_book_profit_core | Evaluating open positions for stop-loss/book-profit... | 
2025-10-18 04:36:00:809 | DEBUG    | trade_logic.py            | stop_loss_book_profit_core | {} | 
2025-10-18 04:36:05:821 | DEBUG    | trade_logic.py            | stop_loss_book_profit_core | Evaluating open positions for stop-loss/book-profit... | 
2025-10-18 04:36:05:822 | DEBUG    | trade_logic.py            | stop_loss_book_profit_core | {} | 
2025-10-18 04:36:10:830 | DEBUG    | trade_logic.py            | stop_loss_book_profit_core | Evaluating open positions for stop-loss/book-profit... | 
2025-10-18 04:36:10:831 | DEBUG    | trade_logic.py            | stop_loss_book_profit_core | {} | 
2025-10-18 04:36:15:841 | DEBUG    | trade_logic.py            | stop_loss_book_profit_core | Evaluating open positions for stop-loss/book-profit... | 
2025-10-18 04:36:15:841 | DEBUG    | trade_logic.py            | stop_loss_book_profit_core | {} | 
2025-10-18 04:36:20:847 | DEBUG    | trade_logic.py            | stop_loss_book_profit_core | Evaluating open positions for stop-loss/book-profit... | 
2025-10-18 04:36:20:847 | DEBUG    | trade_logic.py            | stop_loss_book_profit_core | {} | 
2025-10-18 04:36:25:862 | DEBUG    | trade_logic.py            | stop_loss_book_profit_core | Evaluating open positions for stop-loss/book-profit... | 
2025-10-18 04:36:25:863 | DEBUG    | trade_logic.py            | stop_loss_book_profit_core | {} | 
2025-10-18 04:36:30:880 | DEBUG    | trade_logic.py            | stop_loss_book_profit_core | Evaluating open positions for stop-loss/book-profit... | 
2025-10-18 04:36:30:880 | DEBUG    | trade_logic.py            | stop_loss_book_profit_core | {} | 
2025-10-18 04:36:35:891 | DEBUG    | trade_logic.py            | stop_loss_book_profit_core | Evaluating open positions for stop-loss/book-profit... | 
2025-10-18 04:36:35:892 | DEBUG    | trade_logic.py            | stop_loss_book_profit_core | {} | 
2025-10-18 04:36:40:903 | DEBUG    | trade_logic.py            | stop_loss_book_profit_core | Evaluating open positions for stop-loss/book-profit... | 
2025-10-18 04:36:40:904 | DEBUG    | trade_logic.py            | stop_loss_book_profit_core | {} | 
2025-10-18 04:36:45:913 | DEBUG    | trade_logic.py            | stop_loss_book_profit_core | Evaluating open positions for stop-loss/book-profit... | 
2025-10-18 04:36:45:917 | DEBUG    | trade_logic.py            | stop_loss_book_profit_core | {} | 
2025-10-18 04:36:50:922 | DEBUG    | trade_logic.py            | stop_loss_book_profit_core | Evaluating open positions for stop-loss/book-profit... | 
2025-10-18 04:36:50:923 | DEBUG    | trade_logic.py            | stop_loss_book_profit_core | {} | 
2025-10-18 04:36:55:938 | DEBUG    | trade_logic.py            | stop_loss_book_profit_core | Evaluating open positions for stop-loss/book-profit... | 
2025-10-18 04:36:55:940 | DEBUG    | trade_logic.py            | stop_loss_book_profit_core | {} | 
2025-10-18 04:37:00:939 | DEBUG    | trade_logic.py            | stop_loss_book_profit_core | Evaluating open positions for stop-loss/book-profit... | 
2025-10-18 04:37:00:940 | DEBUG    | trade_logic.py            | stop_loss_book_profit_core | {} | 
2025-10-18 04:37:05:951 | DEBUG    | trade_logic.py            | stop_loss_book_profit_core | Evaluating open positions for stop-loss/book-profit... | 
2025-10-18 04:37:05:952 | DEBUG    | trade_logic.py            | stop_loss_book_profit_core | {} | 
2025-10-18 04:37:10:957 | DEBUG    | trade_logic.py            | stop_loss_book_profit_core | Evaluating open positions for stop-loss/book-profit... | 
2025-10-18 04:37:10:958 | DEBUG    | trade_logic.py            | stop_loss_book_profit_core | {} | 
2025-10-18 04:37:15:974 | DEBUG    | trade_logic.py            | stop_loss_book_profit_core | Evaluating open positions for stop-loss/book-profit... | 
2025-10-18 04:37:15:975 | DEBUG    | trade_logic.py            | stop_loss_book_profit_core | {} | 
2025-10-18 04:37:20:977 | DEBUG    | trade_logic.py            | stop_loss_book_profit_core | Evaluating open positions for stop-loss/book-profit... | 
2025-10-18 04:37:20:978 | DEBUG    | trade_logic.py            | stop_loss_book_profit_core | {} | 
2025-10-18 04:37:25:985 | DEBUG    | trade_logic.py            | stop_loss_book_profit_core | Evaluating open positions for stop-loss/book-profit... | 
2025-10-18 04:37:25:987 | DEBUG    | trade_logic.py            | stop_loss_book_profit_core | {} | 
2025-10-18 04:37:30:988 | DEBUG    | trade_logic.py            | stop_loss_book_profit_core | Evaluating open positions for stop-loss/book-profit... | 
2025-10-18 04:37:30:989 | DEBUG    | trade_logic.py            | stop_loss_book_profit_core | {} | 
2025-10-18 04:37:35:990 | DEBUG    | trade_logic.py            | stop_loss_book_profit_core | Evaluating open positions for stop-loss/book-profit... | 
2025-10-18 04:37:35:991 | DEBUG    | trade_logic.py            | stop_loss_book_profit_core | {} | 
2025-10-18 04:37:40:995 | DEBUG    | trade_logic.py            | stop_loss_book_profit_core | Evaluating open positions for stop-loss/book-profit... | 
2025-10-18 04:37:40:998 | DEBUG    | trade_logic.py            | stop_loss_book_profit_core | {} | 
2025-10-18 04:37:46:015 | DEBUG    | trade_logic.py            | stop_loss_book_profit_core | Evaluating open positions for stop-loss/book-profit... | 
2025-10-18 04:37:46:016 | DEBUG    | trade_logic.py            | stop_loss_book_profit_core | {} | 
2025-10-18 04:37:51:022 | DEBUG    | trade_logic.py            | stop_loss_book_profit_core | Evaluating open positions for stop-loss/book-profit... | 
2025-10-18 04:37:51:023 | DEBUG    | trade_logic.py            | stop_loss_book_profit_core | {} | 
2025-10-18 04:37:56:024 | DEBUG    | trade_logic.py            | stop_loss_book_profit_core | Evaluating open positions for stop-loss/book-profit... | 
2025-10-18 04:37:56:025 | DEBUG    | trade_logic.py            | stop_loss_book_profit_core | {} | 
2025-10-18 04:38:01:045 | DEBUG    | trade_logic.py            | stop_loss_book_profit_core | Evaluating open positions for stop-loss/book-profit... | 
2025-10-18 04:38:01:046 | DEBUG    | trade_logic.py            | stop_loss_book_profit_core | {} | 
2025-10-18 04:38:06:062 | DEBUG    | trade_logic.py            | stop_loss_book_profit_core | Evaluating open positions for stop-loss/book-profit... | 
2025-10-18 04:38:06:063 | DEBUG    | trade_logic.py            | stop_loss_book_profit_core | {} | 
2025-10-18 04:38:11:074 | DEBUG    | trade_logic.py            | stop_loss_book_profit_core | Evaluating open positions for stop-loss/book-profit... | 
2025-10-18 04:38:11:075 | DEBUG    | trade_logic.py            | stop_loss_book_profit_core | {} | 
2025-10-18 04:38:16:077 | DEBUG    | trade_logic.py            | stop_loss_book_profit_core | Evaluating open positions for stop-loss/book-profit... | 
2025-10-18 04:38:16:078 | DEBUG    | trade_logic.py            | stop_loss_book_profit_core | {} | 
2025-10-18 04:38:21:079 | DEBUG    | trade_logic.py            | stop_loss_book_profit_core | Evaluating open positions for stop-loss/book-profit... | 
2025-10-18 04:38:21:080 | DEBUG    | trade_logic.py            | stop_loss_book_profit_core | {} | 
2025-10-18 04:38:26:084 | DEBUG    | trade_logic.py            | stop_loss_book_profit_core | Evaluating open positions for stop-loss/book-profit... | 
2025-10-18 04:38:26:085 | DEBUG    | trade_logic.py            | stop_loss_book_profit_core | {} | 
2025-10-18 04:38:31:094 | DEBUG    | trade_logic.py            | stop_loss_book_profit_core | Evaluating open positions for stop-loss/book-profit... | 
2025-10-18 04:38:31:095 | DEBUG    | trade_logic.py            | stop_loss_book_profit_core | {} | 
2025-10-18 04:38:36:103 | DEBUG    | trade_logic.py            | stop_loss_book_profit_core | Evaluating open positions for stop-loss/book-profit... | 
2025-10-18 04:38:36:104 | DEBUG    | trade_logic.py            | stop_loss_book_profit_core | {} | 
2025-10-18 04:38:41:117 | DEBUG    | trade_logic.py            | stop_loss_book_profit_core | Evaluating open positions for stop-loss/book-profit... | 
2025-10-18 04:38:41:118 | DEBUG    | trade_logic.py            | stop_loss_book_profit_core | {} | 
2025-10-18 04:38:46:135 | DEBUG    | trade_logic.py            | stop_loss_book_profit_core | Evaluating open positions for stop-loss/book-profit... | 
2025-10-18 04:38:46:136 | DEBUG    | trade_logic.py            | stop_loss_book_profit_core | {} | 
2025-10-18 04:38:51:138 | DEBUG    | trade_logic.py            | stop_loss_book_profit_core | Evaluating open positions for stop-loss/book-profit... | 
2025-10-18 04:38:51:139 | DEBUG    | trade_logic.py            | stop_loss_book_profit_core | {} | 
2025-10-18 04:38:56:138 | DEBUG    | trade_logic.py            | stop_loss_book_profit_core | Evaluating open positions for stop-loss/book-profit... | 
2025-10-18 04:38:56:139 | DEBUG    | trade_logic.py            | stop_loss_book_profit_core | {} | 
2025-10-18 04:39:01:152 | DEBUG    | trade_logic.py            | stop_loss_book_profit_core | Evaluating open positions for stop-loss/book-profit... | 
2025-10-18 04:39:01:153 | DEBUG    | trade_logic.py            | stop_loss_book_profit_core | {} | 
2025-10-18 04:39:06:168 | DEBUG    | trade_logic.py            | stop_loss_book_profit_core | Evaluating open positions for stop-loss/book-profit... | 
2025-10-18 04:39:06:170 | DEBUG    | trade_logic.py            | stop_loss_book_profit_core | {} | 
2025-10-18 04:39:11:179 | DEBUG    | trade_logic.py            | stop_loss_book_profit_core | Evaluating open positions for stop-loss/book-profit... | 
2025-10-18 04:39:11:181 | DEBUG    | trade_logic.py            | stop_loss_book_profit_core | {} | 
2025-10-18 04:39:16:190 | DEBUG    | trade_logic.py            | stop_loss_book_profit_core | Evaluating open positions for stop-loss/book-profit... | 
2025-10-18 04:39:16:191 | DEBUG    | trade_logic.py            | stop_loss_book_profit_core | {} | 
2025-10-18 04:39:21:193 | DEBUG    | trade_logic.py            | stop_loss_book_profit_core | Evaluating open positions for stop-loss/book-profit... | 
2025-10-18 04:39:21:195 | DEBUG    | trade_logic.py            | stop_loss_book_profit_core | {} | 
2025-10-18 04:39:26:203 | DEBUG    | trade_logic.py            | stop_loss_book_profit_core | Evaluating open positions for stop-loss/book-profit... | 
2025-10-18 04:39:26:204 | DEBUG    | trade_logic.py            | stop_loss_book_profit_core | {} | 
2025-10-18 04:39:31:213 | DEBUG    | trade_logic.py            | stop_loss_book_profit_core | Evaluating open positions for stop-loss/book-profit... | 
2025-10-18 04:39:31:215 | DEBUG    | trade_logic.py            | stop_loss_book_profit_core | {} | 
2025-10-18 04:39:36:218 | DEBUG    | trade_logic.py            | stop_loss_book_profit_core | Evaluating open positions for stop-loss/book-profit... | 
2025-10-18 04:39:36:218 | DEBUG    | trade_logic.py            | stop_loss_book_profit_core | {} | 
2025-10-18 04:39:41:225 | DEBUG    | trade_logic.py            | stop_loss_book_profit_core | Evaluating open positions for stop-loss/book-profit... | 
2025-10-18 04:39:41:226 | DEBUG    | trade_logic.py            | stop_loss_book_profit_core | {} | 
2025-10-18 04:39:46:226 | DEBUG    | trade_logic.py            | stop_loss_book_profit_core | Evaluating open positions for stop-loss/book-profit... | 
2025-10-18 04:39:46:229 | DEBUG    | trade_logic.py            | stop_loss_book_profit_core | {} | 
2025-10-18 04:39:51:246 | DEBUG    | trade_logic.py            | stop_loss_book_profit_core | Evaluating open positions for stop-loss/book-profit... | 
2025-10-18 04:39:51:247 | DEBUG    | trade_logic.py            | stop_loss_book_profit_core | {} | 
2025-10-18 04:39:56:268 | DEBUG    | trade_logic.py            | stop_loss_book_profit_core | Evaluating open positions for stop-loss/book-profit... | 
2025-10-18 04:39:56:270 | DEBUG    | trade_logic.py            | stop_loss_book_profit_core | {} | 
2025-10-18 04:40:01:270 | DEBUG    | trade_logic.py            | stop_loss_book_profit_core | Evaluating open positions for stop-loss/book-profit... | 
2025-10-18 04:40:01:271 | DEBUG    | trade_logic.py            | stop_loss_book_profit_core | {} | 
2025-10-18 04:40:06:277 | DEBUG    | trade_logic.py            | stop_loss_book_profit_core | Evaluating open positions for stop-loss/book-profit... | 
2025-10-18 04:40:06:278 | DEBUG    | trade_logic.py            | stop_loss_book_profit_core | {} | 
2025-10-18 04:40:11:292 | DEBUG    | trade_logic.py            | stop_loss_book_profit_core | Evaluating open positions for stop-loss/book-profit... | 
2025-10-18 04:40:11:293 | DEBUG    | trade_logic.py            | stop_loss_book_profit_core | {} | 
2025-10-18 04:40:16:302 | DEBUG    | trade_logic.py            | stop_loss_book_profit_core | Evaluating open positions for stop-loss/book-profit... | 
2025-10-18 04:40:16:302 | DEBUG    | trade_logic.py            | stop_loss_book_profit_core | {} | 
2025-10-18 04:40:21:310 | DEBUG    | trade_logic.py            | stop_loss_book_profit_core | Evaluating open positions for stop-loss/book-profit... | 
2025-10-18 04:40:21:311 | DEBUG    | trade_logic.py            | stop_loss_book_profit_core | {} | 
2025-10-18 04:40:26:324 | DEBUG    | trade_logic.py            | stop_loss_book_profit_core | Evaluating open positions for stop-loss/book-profit... | 
2025-10-18 04:40:26:325 | DEBUG    | trade_logic.py            | stop_loss_book_profit_core | {} | 
2025-10-18 04:40:31:328 | DEBUG    | trade_logic.py            | stop_loss_book_profit_core | Evaluating open positions for stop-loss/book-profit... | 
2025-10-18 04:40:31:328 | DEBUG    | trade_logic.py            | stop_loss_book_profit_core | {} | 
2025-10-18 04:40:36:332 | DEBUG    | trade_logic.py            | stop_loss_book_profit_core | Evaluating open positions for stop-loss/book-profit... | 
2025-10-18 04:40:36:333 | DEBUG    | trade_logic.py            | stop_loss_book_profit_core | {} | 
2025-10-18 04:40:41:337 | DEBUG    | trade_logic.py            | stop_loss_book_profit_core | Evaluating open positions for stop-loss/book-profit... | 
2025-10-18 04:40:41:338 | DEBUG    | trade_logic.py            | stop_loss_book_profit_core | {} | 
2025-10-18 04:40:46:338 | DEBUG    | trade_logic.py            | stop_loss_book_profit_core | Evaluating open positions for stop-loss/book-profit... | 
2025-10-18 04:40:46:339 | DEBUG    | trade_logic.py            | stop_loss_book_profit_core | {} | 
2025-10-18 04:40:51:348 | DEBUG    | trade_logic.py            | stop_loss_book_profit_core | Evaluating open positions for stop-loss/book-profit... | 
2025-10-18 04:40:51:349 | DEBUG    | trade_logic.py            | stop_loss_book_profit_core | {} | 
2025-10-18 04:40:56:361 | DEBUG    | trade_logic.py            | stop_loss_book_profit_core | Evaluating open positions for stop-loss/book-profit... | 
2025-10-18 04:40:56:362 | DEBUG    | trade_logic.py            | stop_loss_book_profit_core | {} | 
2025-10-18 04:41:01:370 | DEBUG    | trade_logic.py            | stop_loss_book_profit_core | Evaluating open positions for stop-loss/book-profit... | 
2025-10-18 04:41:01:371 | DEBUG    | trade_logic.py            | stop_loss_book_profit_core | {} | 
2025-10-18 04:41:06:381 | DEBUG    | trade_logic.py            | stop_loss_book_profit_core | Evaluating open positions for stop-loss/book-profit... | 
2025-10-18 04:41:06:381 | DEBUG    | trade_logic.py            | stop_loss_book_profit_core | {} | 
2025-10-18 04:41:11:381 | DEBUG    | trade_logic.py            | stop_loss_book_profit_core | Evaluating open positions for stop-loss/book-profit... | 
2025-10-18 04:41:11:382 | DEBUG    | trade_logic.py            | stop_loss_book_profit_core | {} | 
2025-10-18 04:41:16:384 | DEBUG    | trade_logic.py            | stop_loss_book_profit_core | Evaluating open positions for stop-loss/book-profit... | 
2025-10-18 04:41:16:387 | DEBUG    | trade_logic.py            | stop_loss_book_profit_core | {} | 
2025-10-18 04:41:21:404 | DEBUG    | trade_logic.py            | stop_loss_book_profit_core | Evaluating open positions for stop-loss/book-profit... | 
2025-10-18 04:41:21:405 | DEBUG    | trade_logic.py            | stop_loss_book_profit_core | {} | 
2025-10-18 04:41:26:407 | DEBUG    | trade_logic.py            | stop_loss_book_profit_core | Evaluating open positions for stop-loss/book-profit... | 
2025-10-18 04:41:26:409 | DEBUG    | trade_logic.py            | stop_loss_book_profit_core | {} | 
2025-10-18 04:41:31:424 | DEBUG    | trade_logic.py            | stop_loss_book_profit_core | Evaluating open positions for stop-loss/book-profit... | 
2025-10-18 04:41:31:425 | DEBUG    | trade_logic.py            | stop_loss_book_profit_core | {} | 
2025-10-18 04:41:36:428 | DEBUG    | trade_logic.py            | stop_loss_book_profit_core | Evaluating open positions for stop-loss/book-profit... | 
2025-10-18 04:41:36:429 | DEBUG    | trade_logic.py            | stop_loss_book_profit_core | {} | 
2025-10-18 04:41:41:440 | DEBUG    | trade_logic.py            | stop_loss_book_profit_core | Evaluating open positions for stop-loss/book-profit... | 
2025-10-18 04:41:41:441 | DEBUG    | trade_logic.py            | stop_loss_book_profit_core | {} | 
2025-10-18 04:41:46:445 | DEBUG    | trade_logic.py            | stop_loss_book_profit_core | Evaluating open positions for stop-loss/book-profit... | 
2025-10-18 04:41:46:446 | DEBUG    | trade_logic.py            | stop_loss_book_profit_core | {} | 
2025-10-18 04:41:51:450 | DEBUG    | trade_logic.py            | stop_loss_book_profit_core | Evaluating open positions for stop-loss/book-profit... | 
2025-10-18 04:41:51:451 | DEBUG    | trade_logic.py            | stop_loss_book_profit_core | {} | 
2025-10-18 04:41:56:456 | DEBUG    | trade_logic.py            | stop_loss_book_profit_core | Evaluating open positions for stop-loss/book-profit... | 
2025-10-18 04:41:56:457 | DEBUG    | trade_logic.py            | stop_loss_book_profit_core | {} | 
2025-10-18 04:42:01:457 | DEBUG    | trade_logic.py            | stop_loss_book_profit_core | Evaluating open positions for stop-loss/book-profit... | 
2025-10-18 04:42:01:458 | DEBUG    | trade_logic.py            | stop_loss_book_profit_core | {} | 
2025-10-18 04:42:06:467 | DEBUG    | trade_logic.py            | stop_loss_book_profit_core | Evaluating open positions for stop-loss/book-profit... | 
2025-10-18 04:42:06:468 | DEBUG    | trade_logic.py            | stop_loss_book_profit_core | {} | 
2025-10-18 04:42:11:472 | DEBUG    | trade_logic.py            | stop_loss_book_profit_core | Evaluating open positions for stop-loss/book-profit... | 
2025-10-18 04:42:11:473 | DEBUG    | trade_logic.py            | stop_loss_book_profit_core | {} | 
2025-10-18 04:42:16:475 | DEBUG    | trade_logic.py            | stop_loss_book_profit_core | Evaluating open positions for stop-loss/book-profit... | 
2025-10-18 04:42:16:475 | DEBUG    | trade_logic.py            | stop_loss_book_profit_core | {} | 
2025-10-18 04:42:21:476 | DEBUG    | trade_logic.py            | stop_loss_book_profit_core | Evaluating open positions for stop-loss/book-profit... | 
2025-10-18 04:42:21:477 | DEBUG    | trade_logic.py            | stop_loss_book_profit_core | {} | 
2025-10-18 04:42:26:486 | DEBUG    | trade_logic.py            | stop_loss_book_profit_core | Evaluating open positions for stop-loss/book-profit... | 
2025-10-18 04:42:26:487 | DEBUG    | trade_logic.py            | stop_loss_book_profit_core | {} | 
2025-10-18 04:42:31:489 | DEBUG    | trade_logic.py            | stop_loss_book_profit_core | Evaluating open positions for stop-loss/book-profit... | 
2025-10-18 04:42:31:490 | DEBUG    | trade_logic.py            | stop_loss_book_profit_core | {} | 
2025-10-18 04:42:36:502 | DEBUG    | trade_logic.py            | stop_loss_book_profit_core | Evaluating open positions for stop-loss/book-profit... | 
2025-10-18 04:42:36:502 | DEBUG    | trade_logic.py            | stop_loss_book_profit_core | {} | 
2025-10-18 04:42:41:510 | DEBUG    | trade_logic.py            | stop_loss_book_profit_core | Evaluating open positions for stop-loss/book-profit... | 
2025-10-18 04:42:41:511 | DEBUG    | trade_logic.py            | stop_loss_book_profit_core | {} | 
2025-10-18 04:42:46:521 | DEBUG    | trade_logic.py            | stop_loss_book_profit_core | Evaluating open positions for stop-loss/book-profit... | 
2025-10-18 04:42:46:522 | DEBUG    | trade_logic.py            | stop_loss_book_profit_core | {} | 
2025-10-18 04:42:51:533 | DEBUG    | trade_logic.py            | stop_loss_book_profit_core | Evaluating open positions for stop-loss/book-profit... | 
2025-10-18 04:42:51:534 | DEBUG    | trade_logic.py            | stop_loss_book_profit_core | {} | 
2025-10-18 04:42:56:545 | DEBUG    | trade_logic.py            | stop_loss_book_profit_core | Evaluating open positions for stop-loss/book-profit... | 
2025-10-18 04:42:56:545 | DEBUG    | trade_logic.py            | stop_loss_book_profit_core | {} | 
2025-10-18 04:43:01:555 | DEBUG    | trade_logic.py            | stop_loss_book_profit_core | Evaluating open positions for stop-loss/book-profit... | 
2025-10-18 04:43:01:556 | DEBUG    | trade_logic.py            | stop_loss_book_profit_core | {} | 
2025-10-18 04:43:06:558 | DEBUG    | trade_logic.py            | stop_loss_book_profit_core | Evaluating open positions for stop-loss/book-profit... | 
2025-10-18 04:43:06:558 | DEBUG    | trade_logic.py            | stop_loss_book_profit_core | {} | 
2025-10-18 04:43:11:565 | DEBUG    | trade_logic.py            | stop_loss_book_profit_core | Evaluating open positions for stop-loss/book-profit... | 
2025-10-18 04:43:11:566 | DEBUG    | trade_logic.py            | stop_loss_book_profit_core | {} | 
2025-10-18 04:43:16:573 | DEBUG    | trade_logic.py            | stop_loss_book_profit_core | Evaluating open positions for stop-loss/book-profit... | 
2025-10-18 04:43:16:574 | DEBUG    | trade_logic.py            | stop_loss_book_profit_core | {} | 
2025-10-18 04:43:21:586 | DEBUG    | trade_logic.py            | stop_loss_book_profit_core | Evaluating open positions for stop-loss/book-profit... | 
2025-10-18 04:43:21:587 | DEBUG    | trade_logic.py            | stop_loss_book_profit_core | {} | 
2025-10-18 04:43:26:596 | DEBUG    | trade_logic.py            | stop_loss_book_profit_core | Evaluating open positions for stop-loss/book-profit... | 
2025-10-18 04:43:26:597 | DEBUG    | trade_logic.py            | stop_loss_book_profit_core | {} | 
2025-10-18 04:43:31:608 | DEBUG    | trade_logic.py            | stop_loss_book_profit_core | Evaluating open positions for stop-loss/book-profit... | 
2025-10-18 04:43:31:610 | DEBUG    | trade_logic.py            | stop_loss_book_profit_core | {} | 
2025-10-18 04:43:36:612 | DEBUG    | trade_logic.py            | stop_loss_book_profit_core | Evaluating open positions for stop-loss/book-profit... | 
2025-10-18 04:43:36:613 | DEBUG    | trade_logic.py            | stop_loss_book_profit_core | {} | 
2025-10-18 04:43:41:623 | DEBUG    | trade_logic.py            | stop_loss_book_profit_core | Evaluating open positions for stop-loss/book-profit... | 
2025-10-18 04:43:41:625 | DEBUG    | trade_logic.py            | stop_loss_book_profit_core | {} | 
2025-10-18 04:43:46:634 | DEBUG    | trade_logic.py            | stop_loss_book_profit_core | Evaluating open positions for stop-loss/book-profit... | 
2025-10-18 04:43:46:635 | DEBUG    | trade_logic.py            | stop_loss_book_profit_core | {} | 
2025-10-18 04:43:51:646 | DEBUG    | trade_logic.py            | stop_loss_book_profit_core | Evaluating open positions for stop-loss/book-profit... | 
2025-10-18 04:43:51:648 | DEBUG    | trade_logic.py            | stop_loss_book_profit_core | {} | 
2025-10-18 04:43:56:658 | DEBUG    | trade_logic.py            | stop_loss_book_profit_core | Evaluating open positions for stop-loss/book-profit... | 
2025-10-18 04:43:56:659 | DEBUG    | trade_logic.py            | stop_loss_book_profit_core | {} | 
2025-10-18 04:44:01:665 | DEBUG    | trade_logic.py            | stop_loss_book_profit_core | Evaluating open positions for stop-loss/book-profit... | 
2025-10-18 04:44:01:666 | DEBUG    | trade_logic.py            | stop_loss_book_profit_core | {} | 
2025-10-18 04:44:06:671 | DEBUG    | trade_logic.py            | stop_loss_book_profit_core | Evaluating open positions for stop-loss/book-profit... | 
2025-10-18 04:44:06:672 | DEBUG    | trade_logic.py            | stop_loss_book_profit_core | {} | 
2025-10-18 04:44:11:691 | DEBUG    | trade_logic.py            | stop_loss_book_profit_core | Evaluating open positions for stop-loss/book-profit... | 
2025-10-18 04:44:11:692 | DEBUG    | trade_logic.py            | stop_loss_book_profit_core | {} | 
2025-10-18 04:44:16:706 | DEBUG    | trade_logic.py            | stop_loss_book_profit_core | Evaluating open positions for stop-loss/book-profit... | 
2025-10-18 04:44:16:707 | DEBUG    | trade_logic.py            | stop_loss_book_profit_core | {} | 
2025-10-18 04:44:21:726 | DEBUG    | trade_logic.py            | stop_loss_book_profit_core | Evaluating open positions for stop-loss/book-profit... | 
2025-10-18 04:44:21:726 | DEBUG    | trade_logic.py            | stop_loss_book_profit_core | {} | 
2025-10-18 04:44:26:743 | DEBUG    | trade_logic.py            | stop_loss_book_profit_core | Evaluating open positions for stop-loss/book-profit... | 
2025-10-18 04:44:26:744 | DEBUG    | trade_logic.py            | stop_loss_book_profit_core | {} | 
2025-10-18 04:44:31:753 | DEBUG    | trade_logic.py            | stop_loss_book_profit_core | Evaluating open positions for stop-loss/book-profit... | 
2025-10-18 04:44:31:754 | DEBUG    | trade_logic.py            | stop_loss_book_profit_core | {} | 
2025-10-18 04:44:36:757 | DEBUG    | trade_logic.py            | stop_loss_book_profit_core | Evaluating open positions for stop-loss/book-profit... | 
2025-10-18 04:44:36:758 | DEBUG    | trade_logic.py            | stop_loss_book_profit_core | {} | 
2025-10-18 04:44:41:758 | DEBUG    | trade_logic.py            | stop_loss_book_profit_core | Evaluating open positions for stop-loss/book-profit... | 
2025-10-18 04:44:41:759 | DEBUG    | trade_logic.py            | stop_loss_book_profit_core | {} | 
2025-10-18 04:44:46:776 | DEBUG    | trade_logic.py            | stop_loss_book_profit_core | Evaluating open positions for stop-loss/book-profit... | 
2025-10-18 04:44:46:777 | DEBUG    | trade_logic.py            | stop_loss_book_profit_core | {} | 
2025-10-18 04:44:51:777 | DEBUG    | trade_logic.py            | stop_loss_book_profit_core | Evaluating open positions for stop-loss/book-profit... | 
2025-10-18 04:44:51:778 | DEBUG    | trade_logic.py            | stop_loss_book_profit_core | {} | 
2025-10-18 04:44:56:787 | DEBUG    | trade_logic.py            | stop_loss_book_profit_core | Evaluating open positions for stop-loss/book-profit... | 
2025-10-18 04:44:56:787 | DEBUG    | trade_logic.py            | stop_loss_book_profit_core | {} | 
2025-10-18 04:45:01:793 | DEBUG    | trade_logic.py            | stop_loss_book_profit_core | Evaluating open positions for stop-loss/book-profit... | 
2025-10-18 04:45:01:795 | DEBUG    | trade_logic.py            | stop_loss_book_profit_core | {} | 
2025-10-18 04:45:06:803 | DEBUG    | trade_logic.py            | stop_loss_book_profit_core | Evaluating open positions for stop-loss/book-profit... | 
2025-10-18 04:45:06:804 | DEBUG    | trade_logic.py            | stop_loss_book_profit_core | {} | 
2025-10-18 04:45:11:809 | DEBUG    | trade_logic.py            | stop_loss_book_profit_core | Evaluating open positions for stop-loss/book-profit... | 
2025-10-18 04:45:11:810 | DEBUG    | trade_logic.py            | stop_loss_book_profit_core | {} | 
2025-10-18 04:45:16:822 | DEBUG    | trade_logic.py            | stop_loss_book_profit_core | Evaluating open positions for stop-loss/book-profit... | 
2025-10-18 04:45:16:823 | DEBUG    | trade_logic.py            | stop_loss_book_profit_core | {} | 
2025-10-18 04:45:21:823 | DEBUG    | trade_logic.py            | stop_loss_book_profit_core | Evaluating open positions for stop-loss/book-profit... | 
2025-10-18 04:45:21:824 | DEBUG    | trade_logic.py            | stop_loss_book_profit_core | {} | 
2025-10-18 04:45:26:834 | DEBUG    | trade_logic.py            | stop_loss_book_profit_core | Evaluating open positions for stop-loss/book-profit... | 
2025-10-18 04:45:26:835 | DEBUG    | trade_logic.py            | stop_loss_book_profit_core | {} | 
2025-10-18 04:45:31:844 | DEBUG    | trade_logic.py            | stop_loss_book_profit_core | Evaluating open positions for stop-loss/book-profit... | 
2025-10-18 04:45:31:845 | DEBUG    | trade_logic.py            | stop_loss_book_profit_core | {} | 
2025-10-18 04:45:36:856 | DEBUG    | trade_logic.py            | stop_loss_book_profit_core | Evaluating open positions for stop-loss/book-profit... | 
2025-10-18 04:45:36:857 | DEBUG    | trade_logic.py            | stop_loss_book_profit_core | {} | 
2025-10-18 04:45:41:869 | DEBUG    | trade_logic.py            | stop_loss_book_profit_core | Evaluating open positions for stop-loss/book-profit... | 
2025-10-18 04:45:41:870 | DEBUG    | trade_logic.py            | stop_loss_book_profit_core | {} | 
2025-10-18 04:45:46:876 | DEBUG    | trade_logic.py            | stop_loss_book_profit_core | Evaluating open positions for stop-loss/book-profit... | 
2025-10-18 04:45:46:877 | DEBUG    | trade_logic.py            | stop_loss_book_profit_core | {} | 
2025-10-18 04:45:51:885 | DEBUG    | trade_logic.py            | stop_loss_book_profit_core | Evaluating open positions for stop-loss/book-profit... | 
2025-10-18 04:45:51:886 | DEBUG    | trade_logic.py            | stop_loss_book_profit_core | {} | 
2025-10-18 04:45:56:888 | DEBUG    | trade_logic.py            | stop_loss_book_profit_core | Evaluating open positions for stop-loss/book-profit... | 
2025-10-18 04:45:56:889 | DEBUG    | trade_logic.py            | stop_loss_book_profit_core | {} | 
2025-10-18 04:46:01:893 | DEBUG    | trade_logic.py            | stop_loss_book_profit_core | Evaluating open positions for stop-loss/book-profit... | 
2025-10-18 04:46:01:894 | DEBUG    | trade_logic.py            | stop_loss_book_profit_core | {} | 
2025-10-18 04:46:06:899 | DEBUG    | trade_logic.py            | stop_loss_book_profit_core | Evaluating open positions for stop-loss/book-profit... | 
2025-10-18 04:46:06:901 | DEBUG    | trade_logic.py            | stop_loss_book_profit_core | {} | 
2025-10-18 04:46:11:905 | DEBUG    | trade_logic.py            | stop_loss_book_profit_core | Evaluating open positions for stop-loss/book-profit... | 
2025-10-18 04:46:11:907 | DEBUG    | trade_logic.py            | stop_loss_book_profit_core | {} | 
2025-10-18 04:46:16:911 | DEBUG    | trade_logic.py            | stop_loss_book_profit_core | Evaluating open positions for stop-loss/book-profit... | 
2025-10-18 04:46:16:912 | DEBUG    | trade_logic.py            | stop_loss_book_profit_core | {} | 
2025-10-18 04:46:21:917 | DEBUG    | trade_logic.py            | stop_loss_book_profit_core | Evaluating open positions for stop-loss/book-profit... | 
2025-10-18 04:46:21:918 | DEBUG    | trade_logic.py            | stop_loss_book_profit_core | {} | 
2025-10-18 04:46:26:936 | DEBUG    | trade_logic.py            | stop_loss_book_profit_core | Evaluating open positions for stop-loss/book-profit... | 
2025-10-18 04:46:26:937 | DEBUG    | trade_logic.py            | stop_loss_book_profit_core | {} | 
2025-10-18 04:46:31:946 | DEBUG    | trade_logic.py            | stop_loss_book_profit_core | Evaluating open positions for stop-loss/book-profit... | 
2025-10-18 04:46:31:948 | DEBUG    | trade_logic.py            | stop_loss_book_profit_core | {} | 
2025-10-18 04:46:36:953 | DEBUG    | trade_logic.py            | stop_loss_book_profit_core | Evaluating open positions for stop-loss/book-profit... | 
2025-10-18 04:46:36:954 | DEBUG    | trade_logic.py            | stop_loss_book_profit_core | {} | 
2025-10-18 04:46:41:958 | DEBUG    | trade_logic.py            | stop_loss_book_profit_core | Evaluating open positions for stop-loss/book-profit... | 
2025-10-18 04:46:41:959 | DEBUG    | trade_logic.py            | stop_loss_book_profit_core | {} | 
2025-10-18 04:46:46:963 | DEBUG    | trade_logic.py            | stop_loss_book_profit_core | Evaluating open positions for stop-loss/book-profit... | 
2025-10-18 04:46:46:964 | DEBUG    | trade_logic.py            | stop_loss_book_profit_core | {} | 
2025-10-18 04:46:51:970 | DEBUG    | trade_logic.py            | stop_loss_book_profit_core | Evaluating open positions for stop-loss/book-profit... | 
2025-10-18 04:46:51:971 | DEBUG    | trade_logic.py            | stop_loss_book_profit_core | {} | 
2025-10-18 04:46:56:976 | DEBUG    | trade_logic.py            | stop_loss_book_profit_core | Evaluating open positions for stop-loss/book-profit... | 
2025-10-18 04:46:56:977 | DEBUG    | trade_logic.py            | stop_loss_book_profit_core | {} | 
2025-10-18 04:47:01:989 | DEBUG    | trade_logic.py            | stop_loss_book_profit_core | Evaluating open positions for stop-loss/book-profit... | 
2025-10-18 04:47:01:990 | DEBUG    | trade_logic.py            | stop_loss_book_profit_core | {} | 
2025-10-18 04:47:07:004 | DEBUG    | trade_logic.py            | stop_loss_book_profit_core | Evaluating open positions for stop-loss/book-profit... | 
2025-10-18 04:47:07:005 | DEBUG    | trade_logic.py            | stop_loss_book_profit_core | {} | 
2025-10-18 04:47:12:011 | DEBUG    | trade_logic.py            | stop_loss_book_profit_core | Evaluating open positions for stop-loss/book-profit... | 
2025-10-18 04:47:12:012 | DEBUG    | trade_logic.py            | stop_loss_book_profit_core | {} | 
2025-10-18 04:47:17:012 | DEBUG    | trade_logic.py            | stop_loss_book_profit_core | Evaluating open positions for stop-loss/book-profit... | 
2025-10-18 04:47:17:013 | DEBUG    | trade_logic.py            | stop_loss_book_profit_core | {} | 
2025-10-18 04:47:22:016 | DEBUG    | trade_logic.py            | stop_loss_book_profit_core | Evaluating open positions for stop-loss/book-profit... | 
2025-10-18 04:47:22:018 | DEBUG    | trade_logic.py            | stop_loss_book_profit_core | {} | 
2025-10-18 04:47:27:027 | DEBUG    | trade_logic.py            | stop_loss_book_profit_core | Evaluating open positions for stop-loss/book-profit... | 
2025-10-18 04:47:27:028 | DEBUG    | trade_logic.py            | stop_loss_book_profit_core | {} | 
2025-10-18 04:47:32:035 | DEBUG    | trade_logic.py            | stop_loss_book_profit_core | Evaluating open positions for stop-loss/book-profit... | 
2025-10-18 04:47:32:036 | DEBUG    | trade_logic.py            | stop_loss_book_profit_core | {} | 
2025-10-18 04:47:37:043 | DEBUG    | trade_logic.py            | stop_loss_book_profit_core | Evaluating open positions for stop-loss/book-profit... | 
2025-10-18 04:47:37:045 | DEBUG    | trade_logic.py            | stop_loss_book_profit_core | {} | 
2025-10-18 04:47:42:048 | DEBUG    | trade_logic.py            | stop_loss_book_profit_core | Evaluating open positions for stop-loss/book-profit... | 
2025-10-18 04:47:42:049 | DEBUG    | trade_logic.py            | stop_loss_book_profit_core | {} | 
2025-10-18 04:47:47:053 | DEBUG    | trade_logic.py            | stop_loss_book_profit_core | Evaluating open positions for stop-loss/book-profit... | 
2025-10-18 04:47:47:054 | DEBUG    | trade_logic.py            | stop_loss_book_profit_core | {} | 
2025-10-18 04:47:52:054 | DEBUG    | trade_logic.py            | stop_loss_book_profit_core | Evaluating open positions for stop-loss/book-profit... | 
2025-10-18 04:47:52:055 | DEBUG    | trade_logic.py            | stop_loss_book_profit_core | {} | 
2025-10-18 04:47:57:061 | DEBUG    | trade_logic.py            | stop_loss_book_profit_core | Evaluating open positions for stop-loss/book-profit... | 
2025-10-18 04:47:57:062 | DEBUG    | trade_logic.py            | stop_loss_book_profit_core | {} | 
2025-10-18 04:48:02:068 | DEBUG    | trade_logic.py            | stop_loss_book_profit_core | Evaluating open positions for stop-loss/book-profit... | 
2025-10-18 04:48:02:069 | DEBUG    | trade_logic.py            | stop_loss_book_profit_core | {} | 
2025-10-18 04:48:07:087 | DEBUG    | trade_logic.py            | stop_loss_book_profit_core | Evaluating open positions for stop-loss/book-profit... | 
2025-10-18 04:48:07:088 | DEBUG    | trade_logic.py            | stop_loss_book_profit_core | {} | 
2025-10-18 04:48:12:101 | DEBUG    | trade_logic.py            | stop_loss_book_profit_core | Evaluating open positions for stop-loss/book-profit... | 
2025-10-18 04:48:12:102 | DEBUG    | trade_logic.py            | stop_loss_book_profit_core | {} | 
2025-10-18 04:48:17:111 | DEBUG    | trade_logic.py            | stop_loss_book_profit_core | Evaluating open positions for stop-loss/book-profit... | 
2025-10-18 04:48:17:111 | DEBUG    | trade_logic.py            | stop_loss_book_profit_core | {} | 
2025-10-18 04:48:22:128 | DEBUG    | trade_logic.py            | stop_loss_book_profit_core | Evaluating open positions for stop-loss/book-profit... | 
2025-10-18 04:48:22:129 | DEBUG    | trade_logic.py            | stop_loss_book_profit_core | {} | 
2025-10-18 04:48:27:129 | DEBUG    | trade_logic.py            | stop_loss_book_profit_core | Evaluating open positions for stop-loss/book-profit... | 
2025-10-18 04:48:27:129 | DEBUG    | trade_logic.py            | stop_loss_book_profit_core | {} | 
2025-10-18 04:48:32:146 | DEBUG    | trade_logic.py            | stop_loss_book_profit_core | Evaluating open positions for stop-loss/book-profit... | 
2025-10-18 04:48:32:147 | DEBUG    | trade_logic.py            | stop_loss_book_profit_core | {} | 
2025-10-18 04:48:37:162 | DEBUG    | trade_logic.py            | stop_loss_book_profit_core | Evaluating open positions for stop-loss/book-profit... | 
2025-10-18 04:48:37:163 | DEBUG    | trade_logic.py            | stop_loss_book_profit_core | {} | 
2025-10-18 04:48:42:176 | DEBUG    | trade_logic.py            | stop_loss_book_profit_core | Evaluating open positions for stop-loss/book-profit... | 
2025-10-18 04:48:42:177 | DEBUG    | trade_logic.py            | stop_loss_book_profit_core | {} | 
2025-10-18 04:48:47:178 | DEBUG    | trade_logic.py            | stop_loss_book_profit_core | Evaluating open positions for stop-loss/book-profit... | 
2025-10-18 04:48:47:179 | DEBUG    | trade_logic.py            | stop_loss_book_profit_core | {} | 
2025-10-18 04:48:52:180 | DEBUG    | trade_logic.py            | stop_loss_book_profit_core | Evaluating open positions for stop-loss/book-profit... | 
2025-10-18 04:48:52:181 | DEBUG    | trade_logic.py            | stop_loss_book_profit_core | {} | 
2025-10-18 04:48:57:189 | DEBUG    | trade_logic.py            | stop_loss_book_profit_core | Evaluating open positions for stop-loss/book-profit... | 
2025-10-18 04:48:57:190 | DEBUG    | trade_logic.py            | stop_loss_book_profit_core | {} | 
2025-10-18 04:49:02:197 | DEBUG    | trade_logic.py            | stop_loss_book_profit_core | Evaluating open positions for stop-loss/book-profit... | 
2025-10-18 04:49:02:198 | DEBUG    | trade_logic.py            | stop_loss_book_profit_core | {} | 
2025-10-18 04:49:07:217 | DEBUG    | trade_logic.py            | stop_loss_book_profit_core | Evaluating open positions for stop-loss/book-profit... | 
2025-10-18 04:49:07:218 | DEBUG    | trade_logic.py            | stop_loss_book_profit_core | {} | 
2025-10-18 04:49:12:219 | DEBUG    | trade_logic.py            | stop_loss_book_profit_core | Evaluating open positions for stop-loss/book-profit... | 
2025-10-18 04:49:12:219 | DEBUG    | trade_logic.py            | stop_loss_book_profit_core | {} | 
2025-10-18 04:49:17:224 | DEBUG    | trade_logic.py            | stop_loss_book_profit_core | Evaluating open positions for stop-loss/book-profit... | 
2025-10-18 04:49:17:225 | DEBUG    | trade_logic.py            | stop_loss_book_profit_core | {} | 
2025-10-18 04:49:22:225 | DEBUG    | trade_logic.py            | stop_loss_book_profit_core | Evaluating open positions for stop-loss/book-profit... | 
2025-10-18 04:49:22:226 | DEBUG    | trade_logic.py            | stop_loss_book_profit_core | {} | 
2025-10-18 04:49:27:238 | DEBUG    | trade_logic.py            | stop_loss_book_profit_core | Evaluating open positions for stop-loss/book-profit... | 
2025-10-18 04:49:27:239 | DEBUG    | trade_logic.py            | stop_loss_book_profit_core | {} | 
2025-10-18 04:49:32:243 | DEBUG    | trade_logic.py            | stop_loss_book_profit_core | Evaluating open positions for stop-loss/book-profit... | 
2025-10-18 04:49:32:244 | DEBUG    | trade_logic.py            | stop_loss_book_profit_core | {} | 
2025-10-18 04:49:37:251 | DEBUG    | trade_logic.py            | stop_loss_book_profit_core | Evaluating open positions for stop-loss/book-profit... | 
2025-10-18 04:49:37:252 | DEBUG    | trade_logic.py            | stop_loss_book_profit_core | {} | 
2025-10-18 04:49:42:257 | DEBUG    | trade_logic.py            | stop_loss_book_profit_core | Evaluating open positions for stop-loss/book-profit... | 
2025-10-18 04:49:42:258 | DEBUG    | trade_logic.py            | stop_loss_book_profit_core | {} | 
2025-10-18 04:49:47:263 | DEBUG    | trade_logic.py            | stop_loss_book_profit_core | Evaluating open positions for stop-loss/book-profit... | 
2025-10-18 04:49:47:264 | DEBUG    | trade_logic.py            | stop_loss_book_profit_core | {} | 
2025-10-18 04:49:52:267 | DEBUG    | trade_logic.py            | stop_loss_book_profit_core | Evaluating open positions for stop-loss/book-profit... | 
2025-10-18 04:49:52:268 | DEBUG    | trade_logic.py            | stop_loss_book_profit_core | {} | 
2025-10-18 04:49:57:281 | DEBUG    | trade_logic.py            | stop_loss_book_profit_core | Evaluating open positions for stop-loss/book-profit... | 
2025-10-18 04:49:57:281 | DEBUG    | trade_logic.py            | stop_loss_book_profit_core | {} | 
2025-10-18 04:50:02:290 | DEBUG    | trade_logic.py            | stop_loss_book_profit_core | Evaluating open positions for stop-loss/book-profit... | 
2025-10-18 04:50:02:291 | DEBUG    | trade_logic.py            | stop_loss_book_profit_core | {} | 
2025-10-18 04:50:07:297 | DEBUG    | trade_logic.py            | stop_loss_book_profit_core | Evaluating open positions for stop-loss/book-profit... | 
2025-10-18 04:50:07:298 | DEBUG    | trade_logic.py            | stop_loss_book_profit_core | {} | 
2025-10-18 04:50:12:298 | DEBUG    | trade_logic.py            | stop_loss_book_profit_core | Evaluating open positions for stop-loss/book-profit... | 
2025-10-18 04:50:12:299 | DEBUG    | trade_logic.py            | stop_loss_book_profit_core | {} | 
2025-10-18 04:50:17:305 | DEBUG    | trade_logic.py            | stop_loss_book_profit_core | Evaluating open positions for stop-loss/book-profit... | 
2025-10-18 04:50:17:306 | DEBUG    | trade_logic.py            | stop_loss_book_profit_core | {} | 
2025-10-18 04:50:22:310 | DEBUG    | trade_logic.py            | stop_loss_book_profit_core | Evaluating open positions for stop-loss/book-profit... | 
2025-10-18 04:50:22:311 | DEBUG    | trade_logic.py            | stop_loss_book_profit_core | {} | 
2025-10-18 04:50:27:312 | DEBUG    | trade_logic.py            | stop_loss_book_profit_core | Evaluating open positions for stop-loss/book-profit... | 
2025-10-18 04:50:27:313 | DEBUG    | trade_logic.py            | stop_loss_book_profit_core | {} | 
2025-10-18 04:50:32:322 | DEBUG    | trade_logic.py            | stop_loss_book_profit_core | Evaluating open positions for stop-loss/book-profit... | 
2025-10-18 04:50:32:323 | DEBUG    | trade_logic.py            | stop_loss_book_profit_core | {} | 
2025-10-18 04:50:37:324 | DEBUG    | trade_logic.py            | stop_loss_book_profit_core | Evaluating open positions for stop-loss/book-profit... | 
2025-10-18 04:50:37:325 | DEBUG    | trade_logic.py            | stop_loss_book_profit_core | {} | 
2025-10-18 04:50:42:340 | DEBUG    | trade_logic.py            | stop_loss_book_profit_core | Evaluating open positions for stop-loss/book-profit... | 
2025-10-18 04:50:42:341 | DEBUG    | trade_logic.py            | stop_loss_book_profit_core | {} | 
2025-10-18 04:50:47:356 | DEBUG    | trade_logic.py            | stop_loss_book_profit_core | Evaluating open positions for stop-loss/book-profit... | 
2025-10-18 04:50:47:357 | DEBUG    | trade_logic.py            | stop_loss_book_profit_core | {} | 
2025-10-18 04:50:52:376 | DEBUG    | trade_logic.py            | stop_loss_book_profit_core | Evaluating open positions for stop-loss/book-profit... | 
2025-10-18 04:50:52:378 | DEBUG    | trade_logic.py            | stop_loss_book_profit_core | {} | 
2025-10-18 04:50:57:388 | DEBUG    | trade_logic.py            | stop_loss_book_profit_core | Evaluating open positions for stop-loss/book-profit... | 
2025-10-18 04:50:57:388 | DEBUG    | trade_logic.py            | stop_loss_book_profit_core | {} | 
2025-10-18 04:51:02:406 | DEBUG    | trade_logic.py            | stop_loss_book_profit_core | Evaluating open positions for stop-loss/book-profit... | 
2025-10-18 04:51:02:407 | DEBUG    | trade_logic.py            | stop_loss_book_profit_core | {} | 
2025-10-18 04:51:07:422 | DEBUG    | trade_logic.py            | stop_loss_book_profit_core | Evaluating open positions for stop-loss/book-profit... | 
2025-10-18 04:51:07:423 | DEBUG    | trade_logic.py            | stop_loss_book_profit_core | {} | 
2025-10-18 04:51:12:423 | DEBUG    | trade_logic.py            | stop_loss_book_profit_core | Evaluating open positions for stop-loss/book-profit... | 
2025-10-18 04:51:12:424 | DEBUG    | trade_logic.py            | stop_loss_book_profit_core | {} | 
2025-10-18 04:51:17:429 | DEBUG    | trade_logic.py            | stop_loss_book_profit_core | Evaluating open positions for stop-loss/book-profit... | 
2025-10-18 04:51:17:431 | DEBUG    | trade_logic.py            | stop_loss_book_profit_core | {} | 
2025-10-18 04:51:22:434 | DEBUG    | trade_logic.py            | stop_loss_book_profit_core | Evaluating open positions for stop-loss/book-profit... | 
2025-10-18 04:51:22:435 | DEBUG    | trade_logic.py            | stop_loss_book_profit_core | {} | 
2025-10-18 04:51:27:447 | DEBUG    | trade_logic.py            | stop_loss_book_profit_core | Evaluating open positions for stop-loss/book-profit... | 
2025-10-18 04:51:27:448 | DEBUG    | trade_logic.py            | stop_loss_book_profit_core | {} | 
2025-10-18 04:51:32:460 | DEBUG    | trade_logic.py            | stop_loss_book_profit_core | Evaluating open positions for stop-loss/book-profit... | 
2025-10-18 04:51:32:462 | DEBUG    | trade_logic.py            | stop_loss_book_profit_core | {} | 
2025-10-18 04:51:37:463 | DEBUG    | trade_logic.py            | stop_loss_book_profit_core | Evaluating open positions for stop-loss/book-profit... | 
2025-10-18 04:51:37:464 | DEBUG    | trade_logic.py            | stop_loss_book_profit_core | {} | 
2025-10-18 04:51:42:473 | DEBUG    | trade_logic.py            | stop_loss_book_profit_core | Evaluating open positions for stop-loss/book-profit... | 
2025-10-18 04:51:42:474 | DEBUG    | trade_logic.py            | stop_loss_book_profit_core | {} | 
2025-10-18 04:51:47:490 | DEBUG    | trade_logic.py            | stop_loss_book_profit_core | Evaluating open positions for stop-loss/book-profit... | 
2025-10-18 04:51:47:491 | DEBUG    | trade_logic.py            | stop_loss_book_profit_core | {} | 
2025-10-18 04:51:52:494 | DEBUG    | trade_logic.py            | stop_loss_book_profit_core | Evaluating open positions for stop-loss/book-profit... | 
2025-10-18 04:51:52:495 | DEBUG    | trade_logic.py            | stop_loss_book_profit_core | {} | 
2025-10-18 04:51:57:502 | DEBUG    | trade_logic.py            | stop_loss_book_profit_core | Evaluating open positions for stop-loss/book-profit... | 
2025-10-18 04:51:57:503 | DEBUG    | trade_logic.py            | stop_loss_book_profit_core | {} | 
2025-10-18 04:52:02:503 | DEBUG    | trade_logic.py            | stop_loss_book_profit_core | Evaluating open positions for stop-loss/book-profit... | 
2025-10-18 04:52:02:505 | DEBUG    | trade_logic.py            | stop_loss_book_profit_core | {} | 
2025-10-18 04:52:07:515 | DEBUG    | trade_logic.py            | stop_loss_book_profit_core | Evaluating open positions for stop-loss/book-profit... | 
2025-10-18 04:52:07:516 | DEBUG    | trade_logic.py            | stop_loss_book_profit_core | {} | 
2025-10-18 04:52:12:519 | DEBUG    | trade_logic.py            | stop_loss_book_profit_core | Evaluating open positions for stop-loss/book-profit... | 
2025-10-18 04:52:12:521 | DEBUG    | trade_logic.py            | stop_loss_book_profit_core | {} | 
2025-10-18 04:52:17:528 | DEBUG    | trade_logic.py            | stop_loss_book_profit_core | Evaluating open positions for stop-loss/book-profit... | 
2025-10-18 04:52:17:530 | DEBUG    | trade_logic.py            | stop_loss_book_profit_core | {} | 
2025-10-18 04:52:22:531 | DEBUG    | trade_logic.py            | stop_loss_book_profit_core | Evaluating open positions for stop-loss/book-profit... | 
2025-10-18 04:52:22:532 | DEBUG    | trade_logic.py            | stop_loss_book_profit_core | {} | 
2025-10-18 04:52:27:537 | DEBUG    | trade_logic.py            | stop_loss_book_profit_core | Evaluating open positions for stop-loss/book-profit... | 
2025-10-18 04:52:27:537 | DEBUG    | trade_logic.py            | stop_loss_book_profit_core | {} | 
2025-10-18 04:52:32:543 | DEBUG    | trade_logic.py            | stop_loss_book_profit_core | Evaluating open positions for stop-loss/book-profit... | 
2025-10-18 04:52:32:546 | DEBUG    | trade_logic.py            | stop_loss_book_profit_core | {} | 
2025-10-18 04:52:37:556 | DEBUG    | trade_logic.py            | stop_loss_book_profit_core | Evaluating open positions for stop-loss/book-profit... | 
2025-10-18 04:52:37:557 | DEBUG    | trade_logic.py            | stop_loss_book_profit_core | {} | 
2025-10-18 04:52:42:557 | DEBUG    | trade_logic.py            | stop_loss_book_profit_core | Evaluating open positions for stop-loss/book-profit... | 
2025-10-18 04:52:42:561 | DEBUG    | trade_logic.py            | stop_loss_book_profit_core | {} | 
2025-10-18 04:52:47:566 | DEBUG    | trade_logic.py            | stop_loss_book_profit_core | Evaluating open positions for stop-loss/book-profit... | 
2025-10-18 04:52:47:567 | DEBUG    | trade_logic.py            | stop_loss_book_profit_core | {} | 
2025-10-18 04:52:52:574 | DEBUG    | trade_logic.py            | stop_loss_book_profit_core | Evaluating open positions for stop-loss/book-profit... | 
2025-10-18 04:52:52:576 | DEBUG    | trade_logic.py            | stop_loss_book_profit_core | {} | 
2025-10-18 04:52:57:581 | DEBUG    | trade_logic.py            | stop_loss_book_profit_core | Evaluating open positions for stop-loss/book-profit... | 
2025-10-18 04:52:57:583 | DEBUG    | trade_logic.py            | stop_loss_book_profit_core | {} | 
2025-10-18 04:53:02:600 | DEBUG    | trade_logic.py            | stop_loss_book_profit_core | Evaluating open positions for stop-loss/book-profit... | 
2025-10-18 04:53:02:601 | DEBUG    | trade_logic.py            | stop_loss_book_profit_core | {} | 
2025-10-18 04:53:07:603 | DEBUG    | trade_logic.py            | stop_loss_book_profit_core | Evaluating open positions for stop-loss/book-profit... | 
2025-10-18 04:53:07:604 | DEBUG    | trade_logic.py            | stop_loss_book_profit_core | {} | 
2025-10-18 04:53:12:609 | DEBUG    | trade_logic.py            | stop_loss_book_profit_core | Evaluating open positions for stop-loss/book-profit... | 
2025-10-18 04:53:12:609 | DEBUG    | trade_logic.py            | stop_loss_book_profit_core | {} | 
2025-10-18 04:53:17:618 | DEBUG    | trade_logic.py            | stop_loss_book_profit_core | Evaluating open positions for stop-loss/book-profit... | 
2025-10-18 04:53:17:619 | DEBUG    | trade_logic.py            | stop_loss_book_profit_core | {} | 
2025-10-18 04:53:22:629 | DEBUG    | trade_logic.py            | stop_loss_book_profit_core | Evaluating open positions for stop-loss/book-profit... | 
2025-10-18 04:53:22:630 | DEBUG    | trade_logic.py            | stop_loss_book_profit_core | {} | 
2025-10-18 04:53:27:643 | DEBUG    | trade_logic.py            | stop_loss_book_profit_core | Evaluating open positions for stop-loss/book-profit... | 
2025-10-18 04:53:27:644 | DEBUG    | trade_logic.py            | stop_loss_book_profit_core | {} | 
2025-10-18 04:53:32:661 | DEBUG    | trade_logic.py            | stop_loss_book_profit_core | Evaluating open positions for stop-loss/book-profit... | 
2025-10-18 04:53:32:661 | DEBUG    | trade_logic.py            | stop_loss_book_profit_core | {} | 
2025-10-18 04:53:37:672 | DEBUG    | trade_logic.py            | stop_loss_book_profit_core | Evaluating open positions for stop-loss/book-profit... | 
2025-10-18 04:53:37:673 | DEBUG    | trade_logic.py            | stop_loss_book_profit_core | {} | 
2025-10-18 04:53:42:682 | DEBUG    | trade_logic.py            | stop_loss_book_profit_core | Evaluating open positions for stop-loss/book-profit... | 
2025-10-18 04:53:42:683 | DEBUG    | trade_logic.py            | stop_loss_book_profit_core | {} | 
2025-10-18 04:53:47:683 | DEBUG    | trade_logic.py            | stop_loss_book_profit_core | Evaluating open positions for stop-loss/book-profit... | 
2025-10-18 04:53:47:684 | DEBUG    | trade_logic.py            | stop_loss_book_profit_core | {} | 
2025-10-18 04:53:52:703 | DEBUG    | trade_logic.py            | stop_loss_book_profit_core | Evaluating open positions for stop-loss/book-profit... | 
2025-10-18 04:53:52:704 | DEBUG    | trade_logic.py            | stop_loss_book_profit_core | {} | 
2025-10-18 04:53:57:708 | DEBUG    | trade_logic.py            | stop_loss_book_profit_core | Evaluating open positions for stop-loss/book-profit... | 
2025-10-18 04:53:57:710 | DEBUG    | trade_logic.py            | stop_loss_book_profit_core | {} | 
2025-10-18 04:54:02:718 | DEBUG    | trade_logic.py            | stop_loss_book_profit_core | Evaluating open positions for stop-loss/book-profit... | 
2025-10-18 04:54:02:719 | DEBUG    | trade_logic.py            | stop_loss_book_profit_core | {} | 
2025-10-18 04:54:07:723 | DEBUG    | trade_logic.py            | stop_loss_book_profit_core | Evaluating open positions for stop-loss/book-profit... | 
2025-10-18 04:54:07:724 | DEBUG    | trade_logic.py            | stop_loss_book_profit_core | {} | 
2025-10-18 04:54:12:731 | DEBUG    | trade_logic.py            | stop_loss_book_profit_core | Evaluating open positions for stop-loss/book-profit... | 
2025-10-18 04:54:12:733 | DEBUG    | trade_logic.py            | stop_loss_book_profit_core | {} | 
2025-10-18 04:54:17:739 | DEBUG    | trade_logic.py            | stop_loss_book_profit_core | Evaluating open positions for stop-loss/book-profit... | 
2025-10-18 04:54:17:740 | DEBUG    | trade_logic.py            | stop_loss_book_profit_core | {} | 
2025-10-18 04:54:22:751 | DEBUG    | trade_logic.py            | stop_loss_book_profit_core | Evaluating open positions for stop-loss/book-profit... | 
2025-10-18 04:54:22:752 | DEBUG    | trade_logic.py            | stop_loss_book_profit_core | {} | 
2025-10-18 04:54:27:755 | DEBUG    | trade_logic.py            | stop_loss_book_profit_core | Evaluating open positions for stop-loss/book-profit... | 
2025-10-18 04:54:27:757 | DEBUG    | trade_logic.py            | stop_loss_book_profit_core | {} | 
2025-10-18 04:54:32:766 | DEBUG    | trade_logic.py            | stop_loss_book_profit_core | Evaluating open positions for stop-loss/book-profit... | 
2025-10-18 04:54:32:767 | DEBUG    | trade_logic.py            | stop_loss_book_profit_core | {} | 
2025-10-18 04:54:37:771 | DEBUG    | trade_logic.py            | stop_loss_book_profit_core | Evaluating open positions for stop-loss/book-profit... | 
2025-10-18 04:54:37:773 | DEBUG    | trade_logic.py            | stop_loss_book_profit_core | {} | 
2025-10-18 04:54:42:787 | DEBUG    | trade_logic.py            | stop_loss_book_profit_core | Evaluating open positions for stop-loss/book-profit... | 
2025-10-18 04:54:42:789 | DEBUG    | trade_logic.py            | stop_loss_book_profit_core | {} | 
2025-10-18 04:54:47:800 | DEBUG    | trade_logic.py            | stop_loss_book_profit_core | Evaluating open positions for stop-loss/book-profit... | 
2025-10-18 04:54:47:802 | DEBUG    | trade_logic.py            | stop_loss_book_profit_core | {} | 
2025-10-18 04:54:52:808 | DEBUG    | trade_logic.py            | stop_loss_book_profit_core | Evaluating open positions for stop-loss/book-profit... | 
2025-10-18 04:54:52:809 | DEBUG    | trade_logic.py            | stop_loss_book_profit_core | {} | 
2025-10-18 04:54:57:812 | DEBUG    | trade_logic.py            | stop_loss_book_profit_core | Evaluating open positions for stop-loss/book-profit... | 
2025-10-18 04:54:57:812 | DEBUG    | trade_logic.py            | stop_loss_book_profit_core | {} | 
2025-10-18 04:55:02:818 | DEBUG    | trade_logic.py            | stop_loss_book_profit_core | Evaluating open positions for stop-loss/book-profit... | 
2025-10-18 04:55:02:819 | DEBUG    | trade_logic.py            | stop_loss_book_profit_core | {} | 
2025-10-18 04:55:07:824 | DEBUG    | trade_logic.py            | stop_loss_book_profit_core | Evaluating open positions for stop-loss/book-profit... | 
2025-10-18 04:55:07:825 | DEBUG    | trade_logic.py            | stop_loss_book_profit_core | {} | 
2025-10-18 04:55:12:836 | DEBUG    | trade_logic.py            | stop_loss_book_profit_core | Evaluating open positions for stop-loss/book-profit... | 
2025-10-18 04:55:12:836 | DEBUG    | trade_logic.py            | stop_loss_book_profit_core | {} | 
2025-10-18 04:55:17:847 | DEBUG    | trade_logic.py            | stop_loss_book_profit_core | Evaluating open positions for stop-loss/book-profit... | 
2025-10-18 04:55:17:848 | DEBUG    | trade_logic.py            | stop_loss_book_profit_core | {} | 
2025-10-18 04:55:22:866 | DEBUG    | trade_logic.py            | stop_loss_book_profit_core | Evaluating open positions for stop-loss/book-profit... | 
2025-10-18 04:55:22:867 | DEBUG    | trade_logic.py            | stop_loss_book_profit_core | {} | 
2025-10-18 04:55:27:871 | DEBUG    | trade_logic.py            | stop_loss_book_profit_core | Evaluating open positions for stop-loss/book-profit... | 
2025-10-18 04:55:27:872 | DEBUG    | trade_logic.py            | stop_loss_book_profit_core | {} | 
2025-10-18 04:55:32:891 | DEBUG    | trade_logic.py            | stop_loss_book_profit_core | Evaluating open positions for stop-loss/book-profit... | 
2025-10-18 04:55:32:892 | DEBUG    | trade_logic.py            | stop_loss_book_profit_core | {} | 
2025-10-18 04:55:37:902 | DEBUG    | trade_logic.py            | stop_loss_book_profit_core | Evaluating open positions for stop-loss/book-profit... | 
2025-10-18 04:55:37:902 | DEBUG    | trade_logic.py            | stop_loss_book_profit_core | {} | 
2025-10-18 04:55:42:904 | DEBUG    | trade_logic.py            | stop_loss_book_profit_core | Evaluating open positions for stop-loss/book-profit... | 
2025-10-18 04:55:42:904 | DEBUG    | trade_logic.py            | stop_loss_book_profit_core | {} | 
2025-10-18 04:55:47:909 | DEBUG    | trade_logic.py            | stop_loss_book_profit_core | Evaluating open positions for stop-loss/book-profit... | 
2025-10-18 04:55:47:910 | DEBUG    | trade_logic.py            | stop_loss_book_profit_core | {} | 
2025-10-18 04:55:52:920 | DEBUG    | trade_logic.py            | stop_loss_book_profit_core | Evaluating open positions for stop-loss/book-profit... | 
2025-10-18 04:55:52:921 | DEBUG    | trade_logic.py            | stop_loss_book_profit_core | {} | 
2025-10-18 04:55:57:926 | DEBUG    | trade_logic.py            | stop_loss_book_profit_core | Evaluating open positions for stop-loss/book-profit... | 
2025-10-18 04:55:57:928 | DEBUG    | trade_logic.py            | stop_loss_book_profit_core | {} | 
2025-10-18 04:56:02:928 | DEBUG    | trade_logic.py            | stop_loss_book_profit_core | Evaluating open positions for stop-loss/book-profit... | 
2025-10-18 04:56:02:929 | DEBUG    | trade_logic.py            | stop_loss_book_profit_core | {} | 
2025-10-18 04:56:07:936 | DEBUG    | trade_logic.py            | stop_loss_book_profit_core | Evaluating open positions for stop-loss/book-profit... | 
2025-10-18 04:56:07:937 | DEBUG    | trade_logic.py            | stop_loss_book_profit_core | {} | 
2025-10-18 04:56:12:952 | DEBUG    | trade_logic.py            | stop_loss_book_profit_core | Evaluating open positions for stop-loss/book-profit... | 
2025-10-18 04:56:12:953 | DEBUG    | trade_logic.py            | stop_loss_book_profit_core | {} | 
2025-10-18 04:56:17:960 | DEBUG    | trade_logic.py            | stop_loss_book_profit_core | Evaluating open positions for stop-loss/book-profit... | 
2025-10-18 04:56:17:962 | DEBUG    | trade_logic.py            | stop_loss_book_profit_core | {} | 
2025-10-18 04:56:22:961 | DEBUG    | trade_logic.py            | stop_loss_book_profit_core | Evaluating open positions for stop-loss/book-profit... | 
2025-10-18 04:56:22:961 | DEBUG    | trade_logic.py            | stop_loss_book_profit_core | {} | 
2025-10-18 04:56:27:961 | DEBUG    | trade_logic.py            | stop_loss_book_profit_core | Evaluating open positions for stop-loss/book-profit... | 
2025-10-18 04:56:27:962 | DEBUG    | trade_logic.py            | stop_loss_book_profit_core | {} | 
2025-10-18 04:56:32:965 | DEBUG    | trade_logic.py            | stop_loss_book_profit_core | Evaluating open positions for stop-loss/book-profit... | 
2025-10-18 04:56:32:966 | DEBUG    | trade_logic.py            | stop_loss_book_profit_core | {} | 
2025-10-18 04:56:37:977 | DEBUG    | trade_logic.py            | stop_loss_book_profit_core | Evaluating open positions for stop-loss/book-profit... | 
2025-10-18 04:56:37:978 | DEBUG    | trade_logic.py            | stop_loss_book_profit_core | {} | 
2025-10-18 04:56:42:981 | DEBUG    | trade_logic.py            | stop_loss_book_profit_core | Evaluating open positions for stop-loss/book-profit... | 
2025-10-18 04:56:42:982 | DEBUG    | trade_logic.py            | stop_loss_book_profit_core | {} | 
2025-10-18 04:56:48:000 | DEBUG    | trade_logic.py            | stop_loss_book_profit_core | Evaluating open positions for stop-loss/book-profit... | 
2025-10-18 04:56:48:001 | DEBUG    | trade_logic.py            | stop_loss_book_profit_core | {} | 
2025-10-18 04:56:53:004 | DEBUG    | trade_logic.py            | stop_loss_book_profit_core | Evaluating open positions for stop-loss/book-profit... | 
2025-10-18 04:56:53:005 | DEBUG    | trade_logic.py            | stop_loss_book_profit_core | {} | 
2025-10-18 04:56:58:011 | DEBUG    | trade_logic.py            | stop_loss_book_profit_core | Evaluating open positions for stop-loss/book-profit... | 
2025-10-18 04:56:58:013 | DEBUG    | trade_logic.py            | stop_loss_book_profit_core | {} | 
2025-10-18 04:57:03:027 | DEBUG    | trade_logic.py            | stop_loss_book_profit_core | Evaluating open positions for stop-loss/book-profit... | 
2025-10-18 04:57:03:028 | DEBUG    | trade_logic.py            | stop_loss_book_profit_core | {} | 
2025-10-18 04:57:08:044 | DEBUG    | trade_logic.py            | stop_loss_book_profit_core | Evaluating open positions for stop-loss/book-profit... | 
2025-10-18 04:57:08:045 | DEBUG    | trade_logic.py            | stop_loss_book_profit_core | {} | 
2025-10-18 04:57:13:055 | DEBUG    | trade_logic.py            | stop_loss_book_profit_core | Evaluating open positions for stop-loss/book-profit... | 
2025-10-18 04:57:13:055 | DEBUG    | trade_logic.py            | stop_loss_book_profit_core | {} | 
2025-10-18 04:57:18:058 | DEBUG    | trade_logic.py            | stop_loss_book_profit_core | Evaluating open positions for stop-loss/book-profit... | 
2025-10-18 04:57:18:059 | DEBUG    | trade_logic.py            | stop_loss_book_profit_core | {} | 
2025-10-18 04:57:23:072 | DEBUG    | trade_logic.py            | stop_loss_book_profit_core | Evaluating open positions for stop-loss/book-profit... | 
2025-10-18 04:57:23:072 | DEBUG    | trade_logic.py            | stop_loss_book_profit_core | {} | 
2025-10-18 04:57:28:085 | DEBUG    | trade_logic.py            | stop_loss_book_profit_core | Evaluating open positions for stop-loss/book-profit... | 
2025-10-18 04:57:28:086 | DEBUG    | trade_logic.py            | stop_loss_book_profit_core | {} | 
2025-10-18 04:57:33:104 | DEBUG    | trade_logic.py            | stop_loss_book_profit_core | Evaluating open positions for stop-loss/book-profit... | 
2025-10-18 04:57:33:105 | DEBUG    | trade_logic.py            | stop_loss_book_profit_core | {} | 
2025-10-18 04:57:38:124 | DEBUG    | trade_logic.py            | stop_loss_book_profit_core | Evaluating open positions for stop-loss/book-profit... | 
2025-10-18 04:57:38:125 | DEBUG    | trade_logic.py            | stop_loss_book_profit_core | {} | 
2025-10-18 04:57:43:125 | DEBUG    | trade_logic.py            | stop_loss_book_profit_core | Evaluating open positions for stop-loss/book-profit... | 
2025-10-18 04:57:43:126 | DEBUG    | trade_logic.py            | stop_loss_book_profit_core | {} | 
2025-10-18 04:57:48:132 | DEBUG    | trade_logic.py            | stop_loss_book_profit_core | Evaluating open positions for stop-loss/book-profit... | 
2025-10-18 04:57:48:132 | DEBUG    | trade_logic.py            | stop_loss_book_profit_core | {} | 
2025-10-18 04:57:53:139 | DEBUG    | trade_logic.py            | stop_loss_book_profit_core | Evaluating open positions for stop-loss/book-profit... | 
2025-10-18 04:57:53:140 | DEBUG    | trade_logic.py            | stop_loss_book_profit_core | {} | 
2025-10-18 04:57:58:152 | DEBUG    | trade_logic.py            | stop_loss_book_profit_core | Evaluating open positions for stop-loss/book-profit... | 
2025-10-18 04:57:58:154 | DEBUG    | trade_logic.py            | stop_loss_book_profit_core | {} | 
2025-10-18 04:58:03:163 | DEBUG    | trade_logic.py            | stop_loss_book_profit_core | Evaluating open positions for stop-loss/book-profit... | 
2025-10-18 04:58:03:164 | DEBUG    | trade_logic.py            | stop_loss_book_profit_core | {} | 
2025-10-18 04:58:08:171 | DEBUG    | trade_logic.py            | stop_loss_book_profit_core | Evaluating open positions for stop-loss/book-profit... | 
2025-10-18 04:58:08:172 | DEBUG    | trade_logic.py            | stop_loss_book_profit_core | {} | 
2025-10-18 04:58:13:179 | DEBUG    | trade_logic.py            | stop_loss_book_profit_core | Evaluating open positions for stop-loss/book-profit... | 
2025-10-18 04:58:13:180 | DEBUG    | trade_logic.py            | stop_loss_book_profit_core | {} | 
2025-10-18 04:58:18:182 | DEBUG    | trade_logic.py            | stop_loss_book_profit_core | Evaluating open positions for stop-loss/book-profit... | 
2025-10-18 04:58:18:183 | DEBUG    | trade_logic.py            | stop_loss_book_profit_core | {} | 
2025-10-18 04:58:23:193 | DEBUG    | trade_logic.py            | stop_loss_book_profit_core | Evaluating open positions for stop-loss/book-profit... | 
2025-10-18 04:58:23:194 | DEBUG    | trade_logic.py            | stop_loss_book_profit_core | {} | 
2025-10-18 04:58:28:196 | DEBUG    | trade_logic.py            | stop_loss_book_profit_core | Evaluating open positions for stop-loss/book-profit... | 
2025-10-18 04:58:28:197 | DEBUG    | trade_logic.py            | stop_loss_book_profit_core | {} | 
2025-10-18 04:58:33:200 | DEBUG    | trade_logic.py            | stop_loss_book_profit_core | Evaluating open positions for stop-loss/book-profit... | 
2025-10-18 04:58:33:201 | DEBUG    | trade_logic.py            | stop_loss_book_profit_core | {} | 
2025-10-18 04:58:38:215 | DEBUG    | trade_logic.py            | stop_loss_book_profit_core | Evaluating open positions for stop-loss/book-profit... | 
2025-10-18 04:58:38:216 | DEBUG    | trade_logic.py            | stop_loss_book_profit_core | {} | 
2025-10-18 04:58:43:221 | DEBUG    | trade_logic.py            | stop_loss_book_profit_core | Evaluating open positions for stop-loss/book-profit... | 
2025-10-18 04:58:43:223 | DEBUG    | trade_logic.py            | stop_loss_book_profit_core | {} | 
2025-10-18 04:58:48:237 | DEBUG    | trade_logic.py            | stop_loss_book_profit_core | Evaluating open positions for stop-loss/book-profit... | 
2025-10-18 04:58:48:239 | DEBUG    | trade_logic.py            | stop_loss_book_profit_core | {} | 
2025-10-18 04:58:53:253 | DEBUG    | trade_logic.py            | stop_loss_book_profit_core | Evaluating open positions for stop-loss/book-profit... | 
2025-10-18 04:58:53:255 | DEBUG    | trade_logic.py            | stop_loss_book_profit_core | {} | 
2025-10-18 04:58:58:254 | DEBUG    | trade_logic.py            | stop_loss_book_profit_core | Evaluating open positions for stop-loss/book-profit... | 
2025-10-18 04:58:58:255 | DEBUG    | trade_logic.py            | stop_loss_book_profit_core | {} | 
2025-10-18 04:59:03:262 | DEBUG    | trade_logic.py            | stop_loss_book_profit_core | Evaluating open positions for stop-loss/book-profit... | 
2025-10-18 04:59:03:263 | DEBUG    | trade_logic.py            | stop_loss_book_profit_core | {} | 
2025-10-18 04:59:08:275 | DEBUG    | trade_logic.py            | stop_loss_book_profit_core | Evaluating open positions for stop-loss/book-profit... | 
2025-10-18 04:59:08:276 | DEBUG    | trade_logic.py            | stop_loss_book_profit_core | {} | 
2025-10-18 04:59:13:281 | DEBUG    | trade_logic.py            | stop_loss_book_profit_core | Evaluating open positions for stop-loss/book-profit... | 
2025-10-18 04:59:13:281 | DEBUG    | trade_logic.py            | stop_loss_book_profit_core | {} | 
2025-10-18 04:59:18:289 | DEBUG    | trade_logic.py            | stop_loss_book_profit_core | Evaluating open positions for stop-loss/book-profit... | 
2025-10-18 04:59:18:289 | DEBUG    | trade_logic.py            | stop_loss_book_profit_core | {} | 
2025-10-18 04:59:23:290 | DEBUG    | trade_logic.py            | stop_loss_book_profit_core | Evaluating open positions for stop-loss/book-profit... | 
2025-10-18 04:59:23:291 | DEBUG    | trade_logic.py            | stop_loss_book_profit_core | {} | 
2025-10-18 04:59:28:298 | DEBUG    | trade_logic.py            | stop_loss_book_profit_core | Evaluating open positions for stop-loss/book-profit... | 
2025-10-18 04:59:28:298 | DEBUG    | trade_logic.py            | stop_loss_book_profit_core | {} | 
2025-10-18 04:59:33:306 | DEBUG    | trade_logic.py            | stop_loss_book_profit_core | Evaluating open positions for stop-loss/book-profit... | 
2025-10-18 04:59:33:306 | DEBUG    | trade_logic.py            | stop_loss_book_profit_core | {} | 
2025-10-18 04:59:38:309 | DEBUG    | trade_logic.py            | stop_loss_book_profit_core | Evaluating open positions for stop-loss/book-profit... | 
2025-10-18 04:59:38:309 | DEBUG    | trade_logic.py            | stop_loss_book_profit_core | {} | 
2025-10-18 04:59:43:328 | DEBUG    | trade_logic.py            | stop_loss_book_profit_core | Evaluating open positions for stop-loss/book-profit... | 
2025-10-18 04:59:43:329 | DEBUG    | trade_logic.py            | stop_loss_book_profit_core | {} | 
2025-10-18 04:59:48:349 | DEBUG    | trade_logic.py            | stop_loss_book_profit_core | Evaluating open positions for stop-loss/book-profit... | 
2025-10-18 04:59:48:350 | DEBUG    | trade_logic.py            | stop_loss_book_profit_core | {} | 
2025-10-18 04:59:53:364 | DEBUG    | trade_logic.py            | stop_loss_book_profit_core | Evaluating open positions for stop-loss/book-profit... | 
2025-10-18 04:59:53:365 | DEBUG    | trade_logic.py            | stop_loss_book_profit_core | {} | 
2025-10-18 04:59:58:370 | DEBUG    | trade_logic.py            | stop_loss_book_profit_core | Evaluating open positions for stop-loss/book-profit... | 
2025-10-18 04:59:58:372 | DEBUG    | trade_logic.py            | stop_loss_book_profit_core | {} | 
2025-10-18 05:00:03:379 | DEBUG    | trade_logic.py            | stop_loss_book_profit_core | Evaluating open positions for stop-loss/book-profit... | 
2025-10-18 05:00:03:380 | DEBUG    | trade_logic.py            | stop_loss_book_profit_core | {} | 
2025-10-18 05:00:08:387 | DEBUG    | trade_logic.py            | stop_loss_book_profit_core | Evaluating open positions for stop-loss/book-profit... | 
2025-10-18 05:00:08:390 | DEBUG    | trade_logic.py            | stop_loss_book_profit_core | {} | 
2025-10-18 05:00:13:393 | DEBUG    | trade_logic.py            | stop_loss_book_profit_core | Evaluating open positions for stop-loss/book-profit... | 
2025-10-18 05:00:13:394 | DEBUG    | trade_logic.py            | stop_loss_book_profit_core | {} | 
2025-10-18 05:00:18:404 | DEBUG    | trade_logic.py            | stop_loss_book_profit_core | Evaluating open positions for stop-loss/book-profit... | 
2025-10-18 05:00:18:406 | DEBUG    | trade_logic.py            | stop_loss_book_profit_core | {} | 
2025-10-18 05:00:23:405 | DEBUG    | trade_logic.py            | stop_loss_book_profit_core | Evaluating open positions for stop-loss/book-profit... | 
2025-10-18 05:00:23:406 | DEBUG    | trade_logic.py            | stop_loss_book_profit_core | {} | 
2025-10-18 05:00:28:409 | DEBUG    | trade_logic.py            | stop_loss_book_profit_core | Evaluating open positions for stop-loss/book-profit... | 
2025-10-18 05:00:28:412 | DEBUG    | trade_logic.py            | stop_loss_book_profit_core | {} | 
2025-10-18 05:00:33:419 | DEBUG    | trade_logic.py            | stop_loss_book_profit_core | Evaluating open positions for stop-loss/book-profit... | 
2025-10-18 05:00:33:420 | DEBUG    | trade_logic.py            | stop_loss_book_profit_core | {} | 
2025-10-18 05:00:38:424 | DEBUG    | trade_logic.py            | stop_loss_book_profit_core | Evaluating open positions for stop-loss/book-profit... | 
2025-10-18 05:00:38:426 | DEBUG    | trade_logic.py            | stop_loss_book_profit_core | {} | 
2025-10-18 05:00:43:430 | DEBUG    | trade_logic.py            | stop_loss_book_profit_core | Evaluating open positions for stop-loss/book-profit... | 
2025-10-18 05:00:43:431 | DEBUG    | trade_logic.py            | stop_loss_book_profit_core | {} | 
2025-10-18 05:00:48:440 | DEBUG    | trade_logic.py            | stop_loss_book_profit_core | Evaluating open positions for stop-loss/book-profit... | 
2025-10-18 05:00:48:441 | DEBUG    | trade_logic.py            | stop_loss_book_profit_core | {} | 
2025-10-18 05:00:53:442 | DEBUG    | trade_logic.py            | stop_loss_book_profit_core | Evaluating open positions for stop-loss/book-profit... | 
2025-10-18 05:00:53:442 | DEBUG    | trade_logic.py            | stop_loss_book_profit_core | {} | 
2025-10-18 05:00:58:452 | DEBUG    | trade_logic.py            | stop_loss_book_profit_core | Evaluating open positions for stop-loss/book-profit... | 
2025-10-18 05:00:58:453 | DEBUG    | trade_logic.py            | stop_loss_book_profit_core | {} | 
2025-10-18 05:01:03:456 | DEBUG    | trade_logic.py            | stop_loss_book_profit_core | Evaluating open positions for stop-loss/book-profit... | 
2025-10-18 05:01:03:457 | DEBUG    | trade_logic.py            | stop_loss_book_profit_core | {} | 
2025-10-18 05:01:08:467 | DEBUG    | trade_logic.py            | stop_loss_book_profit_core | Evaluating open positions for stop-loss/book-profit... | 
2025-10-18 05:01:08:468 | DEBUG    | trade_logic.py            | stop_loss_book_profit_core | {} | 
2025-10-18 05:01:13:478 | DEBUG    | trade_logic.py            | stop_loss_book_profit_core | Evaluating open positions for stop-loss/book-profit... | 
2025-10-18 05:01:13:479 | DEBUG    | trade_logic.py            | stop_loss_book_profit_core | {} | 
2025-10-18 05:01:18:489 | DEBUG    | trade_logic.py            | stop_loss_book_profit_core | Evaluating open positions for stop-loss/book-profit... | 
2025-10-18 05:01:18:490 | DEBUG    | trade_logic.py            | stop_loss_book_profit_core | {} | 
2025-10-18 05:01:23:505 | DEBUG    | trade_logic.py            | stop_loss_book_profit_core | Evaluating open positions for stop-loss/book-profit... | 
2025-10-18 05:01:23:506 | DEBUG    | trade_logic.py            | stop_loss_book_profit_core | {} | 
2025-10-18 05:01:28:510 | DEBUG    | trade_logic.py            | stop_loss_book_profit_core | Evaluating open positions for stop-loss/book-profit... | 
2025-10-18 05:01:28:511 | DEBUG    | trade_logic.py            | stop_loss_book_profit_core | {} | 
2025-10-18 05:01:33:524 | DEBUG    | trade_logic.py            | stop_loss_book_profit_core | Evaluating open positions for stop-loss/book-profit... | 
2025-10-18 05:01:33:525 | DEBUG    | trade_logic.py            | stop_loss_book_profit_core | {} | 
2025-10-18 05:01:38:534 | DEBUG    | trade_logic.py            | stop_loss_book_profit_core | Evaluating open positions for stop-loss/book-profit... | 
2025-10-18 05:01:38:535 | DEBUG    | trade_logic.py            | stop_loss_book_profit_core | {} | 
2025-10-18 05:01:43:538 | DEBUG    | trade_logic.py            | stop_loss_book_profit_core | Evaluating open positions for stop-loss/book-profit... | 
2025-10-18 05:01:43:539 | DEBUG    | trade_logic.py            | stop_loss_book_profit_core | {} | 
2025-10-18 05:01:48:542 | DEBUG    | trade_logic.py            | stop_loss_book_profit_core | Evaluating open positions for stop-loss/book-profit... | 
2025-10-18 05:01:48:544 | DEBUG    | trade_logic.py            | stop_loss_book_profit_core | {} | 
2025-10-18 05:01:53:557 | DEBUG    | trade_logic.py            | stop_loss_book_profit_core | Evaluating open positions for stop-loss/book-profit... | 
2025-10-18 05:01:53:558 | DEBUG    | trade_logic.py            | stop_loss_book_profit_core | {} | 
2025-10-18 05:01:58:579 | DEBUG    | trade_logic.py            | stop_loss_book_profit_core | Evaluating open positions for stop-loss/book-profit... | 
2025-10-18 05:01:58:580 | DEBUG    | trade_logic.py            | stop_loss_book_profit_core | {} | 
2025-10-18 05:02:03:596 | DEBUG    | trade_logic.py            | stop_loss_book_profit_core | Evaluating open positions for stop-loss/book-profit... | 
2025-10-18 05:02:03:598 | DEBUG    | trade_logic.py            | stop_loss_book_profit_core | {} | 
2025-10-18 05:02:08:602 | DEBUG    | trade_logic.py            | stop_loss_book_profit_core | Evaluating open positions for stop-loss/book-profit... | 
2025-10-18 05:02:08:604 | DEBUG    | trade_logic.py            | stop_loss_book_profit_core | {} | 
2025-10-18 05:02:13:612 | DEBUG    | trade_logic.py            | stop_loss_book_profit_core | Evaluating open positions for stop-loss/book-profit... | 
2025-10-18 05:02:13:614 | DEBUG    | trade_logic.py            | stop_loss_book_profit_core | {} | 
2025-10-18 05:02:18:623 | DEBUG    | trade_logic.py            | stop_loss_book_profit_core | Evaluating open positions for stop-loss/book-profit... | 
2025-10-18 05:02:18:624 | DEBUG    | trade_logic.py            | stop_loss_book_profit_core | {} | 
2025-10-18 05:02:23:634 | DEBUG    | trade_logic.py            | stop_loss_book_profit_core | Evaluating open positions for stop-loss/book-profit... | 
2025-10-18 05:02:23:635 | DEBUG    | trade_logic.py            | stop_loss_book_profit_core | {} | 
2025-10-18 05:02:28:645 | DEBUG    | trade_logic.py            | stop_loss_book_profit_core | Evaluating open positions for stop-loss/book-profit... | 
2025-10-18 05:02:28:647 | DEBUG    | trade_logic.py            | stop_loss_book_profit_core | {} | 
2025-10-18 05:02:33:661 | DEBUG    | trade_logic.py            | stop_loss_book_profit_core | Evaluating open positions for stop-loss/book-profit... | 
2025-10-18 05:02:33:663 | DEBUG    | trade_logic.py            | stop_loss_book_profit_core | {} | 
2025-10-18 05:02:38:678 | DEBUG    | trade_logic.py            | stop_loss_book_profit_core | Evaluating open positions for stop-loss/book-profit... | 
2025-10-18 05:02:38:680 | DEBUG    | trade_logic.py            | stop_loss_book_profit_core | {} | 
2025-10-18 05:02:43:690 | DEBUG    | trade_logic.py            | stop_loss_book_profit_core | Evaluating open positions for stop-loss/book-profit... | 
2025-10-18 05:02:43:692 | DEBUG    | trade_logic.py            | stop_loss_book_profit_core | {} | 
2025-10-18 05:02:48:698 | DEBUG    | trade_logic.py            | stop_loss_book_profit_core | Evaluating open positions for stop-loss/book-profit... | 
2025-10-18 05:02:48:699 | DEBUG    | trade_logic.py            | stop_loss_book_profit_core | {} | 
2025-10-18 05:02:53:718 | DEBUG    | trade_logic.py            | stop_loss_book_profit_core | Evaluating open positions for stop-loss/book-profit... | 
2025-10-18 05:02:53:719 | DEBUG    | trade_logic.py            | stop_loss_book_profit_core | {} | 
2025-10-18 05:02:58:724 | DEBUG    | trade_logic.py            | stop_loss_book_profit_core | Evaluating open positions for stop-loss/book-profit... | 
2025-10-18 05:02:58:725 | DEBUG    | trade_logic.py            | stop_loss_book_profit_core | {} | 
2025-10-18 05:03:03:727 | DEBUG    | trade_logic.py            | stop_loss_book_profit_core | Evaluating open positions for stop-loss/book-profit... | 
2025-10-18 05:03:03:728 | DEBUG    | trade_logic.py            | stop_loss_book_profit_core | {} | 
2025-10-18 05:03:08:737 | DEBUG    | trade_logic.py            | stop_loss_book_profit_core | Evaluating open positions for stop-loss/book-profit... | 
2025-10-18 05:03:08:738 | DEBUG    | trade_logic.py            | stop_loss_book_profit_core | {} | 
2025-10-18 05:03:13:748 | DEBUG    | trade_logic.py            | stop_loss_book_profit_core | Evaluating open positions for stop-loss/book-profit... | 
2025-10-18 05:03:13:749 | DEBUG    | trade_logic.py            | stop_loss_book_profit_core | {} | 
2025-10-18 05:03:18:751 | DEBUG    | trade_logic.py            | stop_loss_book_profit_core | Evaluating open positions for stop-loss/book-profit... | 
2025-10-18 05:03:18:752 | DEBUG    | trade_logic.py            | stop_loss_book_profit_core | {} | 
2025-10-18 05:03:23:761 | DEBUG    | trade_logic.py            | stop_loss_book_profit_core | Evaluating open positions for stop-loss/book-profit... | 
2025-10-18 05:03:23:762 | DEBUG    | trade_logic.py            | stop_loss_book_profit_core | {} | 
2025-10-18 05:03:28:774 | DEBUG    | trade_logic.py            | stop_loss_book_profit_core | Evaluating open positions for stop-loss/book-profit... | 
2025-10-18 05:03:28:775 | DEBUG    | trade_logic.py            | stop_loss_book_profit_core | {} | 
2025-10-18 05:03:33:792 | DEBUG    | trade_logic.py            | stop_loss_book_profit_core | Evaluating open positions for stop-loss/book-profit... | 
2025-10-18 05:03:33:792 | DEBUG    | trade_logic.py            | stop_loss_book_profit_core | {} | 
2025-10-18 05:03:38:810 | DEBUG    | trade_logic.py            | stop_loss_book_profit_core | Evaluating open positions for stop-loss/book-profit... | 
2025-10-18 05:03:38:810 | DEBUG    | trade_logic.py            | stop_loss_book_profit_core | {} | 
2025-10-18 05:03:43:825 | DEBUG    | trade_logic.py            | stop_loss_book_profit_core | Evaluating open positions for stop-loss/book-profit... | 
2025-10-18 05:03:43:826 | DEBUG    | trade_logic.py            | stop_loss_book_profit_core | {} | 
2025-10-18 05:03:48:834 | DEBUG    | trade_logic.py            | stop_loss_book_profit_core | Evaluating open positions for stop-loss/book-profit... | 
2025-10-18 05:03:48:835 | DEBUG    | trade_logic.py            | stop_loss_book_profit_core | {} | 
2025-10-18 05:03:53:843 | DEBUG    | trade_logic.py            | stop_loss_book_profit_core | Evaluating open positions for stop-loss/book-profit... | 
2025-10-18 05:03:53:843 | DEBUG    | trade_logic.py            | stop_loss_book_profit_core | {} | 
2025-10-18 05:03:58:855 | DEBUG    | trade_logic.py            | stop_loss_book_profit_core | Evaluating open positions for stop-loss/book-profit... | 
2025-10-18 05:03:58:856 | DEBUG    | trade_logic.py            | stop_loss_book_profit_core | {} | 
2025-10-18 05:04:03:872 | DEBUG    | trade_logic.py            | stop_loss_book_profit_core | Evaluating open positions for stop-loss/book-profit... | 
2025-10-18 05:04:03:873 | DEBUG    | trade_logic.py            | stop_loss_book_profit_core | {} | 
2025-10-18 05:04:08:888 | DEBUG    | trade_logic.py            | stop_loss_book_profit_core | Evaluating open positions for stop-loss/book-profit... | 
2025-10-18 05:04:08:888 | DEBUG    | trade_logic.py            | stop_loss_book_profit_core | {} | 
2025-10-18 05:04:13:888 | DEBUG    | trade_logic.py            | stop_loss_book_profit_core | Evaluating open positions for stop-loss/book-profit... | 
2025-10-18 05:04:13:889 | DEBUG    | trade_logic.py            | stop_loss_book_profit_core | {} | 
2025-10-18 05:04:18:903 | DEBUG    | trade_logic.py            | stop_loss_book_profit_core | Evaluating open positions for stop-loss/book-profit... | 
2025-10-18 05:04:18:904 | DEBUG    | trade_logic.py            | stop_loss_book_profit_core | {} | 
2025-10-18 05:04:23:916 | DEBUG    | trade_logic.py            | stop_loss_book_profit_core | Evaluating open positions for stop-loss/book-profit... | 
2025-10-18 05:04:23:917 | DEBUG    | trade_logic.py            | stop_loss_book_profit_core | {} | 
2025-10-18 05:04:28:934 | DEBUG    | trade_logic.py            | stop_loss_book_profit_core | Evaluating open positions for stop-loss/book-profit... | 
2025-10-18 05:04:28:935 | DEBUG    | trade_logic.py            | stop_loss_book_profit_core | {} | 
2025-10-18 05:04:33:940 | DEBUG    | trade_logic.py            | stop_loss_book_profit_core | Evaluating open positions for stop-loss/book-profit... | 
2025-10-18 05:04:33:942 | DEBUG    | trade_logic.py            | stop_loss_book_profit_core | {} | 
2025-10-18 05:04:38:943 | DEBUG    | trade_logic.py            | stop_loss_book_profit_core | Evaluating open positions for stop-loss/book-profit... | 
2025-10-18 05:04:38:946 | DEBUG    | trade_logic.py            | stop_loss_book_profit_core | {} | 
2025-10-18 05:04:43:948 | DEBUG    | trade_logic.py            | stop_loss_book_profit_core | Evaluating open positions for stop-loss/book-profit... | 
2025-10-18 05:04:43:949 | DEBUG    | trade_logic.py            | stop_loss_book_profit_core | {} | 
2025-10-18 05:04:48:959 | DEBUG    | trade_logic.py            | stop_loss_book_profit_core | Evaluating open positions for stop-loss/book-profit... | 
2025-10-18 05:04:48:960 | DEBUG    | trade_logic.py            | stop_loss_book_profit_core | {} | 
2025-10-18 05:04:53:959 | DEBUG    | trade_logic.py            | stop_loss_book_profit_core | Evaluating open positions for stop-loss/book-profit... | 
2025-10-18 05:04:53:960 | DEBUG    | trade_logic.py            | stop_loss_book_profit_core | {} | 
2025-10-18 05:04:58:965 | DEBUG    | trade_logic.py            | stop_loss_book_profit_core | Evaluating open positions for stop-loss/book-profit... | 
2025-10-18 05:04:58:967 | DEBUG    | trade_logic.py            | stop_loss_book_profit_core | {} | 
2025-10-18 05:05:03:972 | DEBUG    | trade_logic.py            | stop_loss_book_profit_core | Evaluating open positions for stop-loss/book-profit... | 
2025-10-18 05:05:03:973 | DEBUG    | trade_logic.py            | stop_loss_book_profit_core | {} | 
2025-10-18 05:05:08:977 | DEBUG    | trade_logic.py            | stop_loss_book_profit_core | Evaluating open positions for stop-loss/book-profit... | 
2025-10-18 05:05:08:978 | DEBUG    | trade_logic.py            | stop_loss_book_profit_core | {} | 
2025-10-18 05:05:13:982 | DEBUG    | trade_logic.py            | stop_loss_book_profit_core | Evaluating open positions for stop-loss/book-profit... | 
2025-10-18 05:05:13:983 | DEBUG    | trade_logic.py            | stop_loss_book_profit_core | {} | 
2025-10-18 05:05:18:992 | DEBUG    | trade_logic.py            | stop_loss_book_profit_core | Evaluating open positions for stop-loss/book-profit... | 
2025-10-18 05:05:18:992 | DEBUG    | trade_logic.py            | stop_loss_book_profit_core | {} | 
2025-10-18 05:05:23:996 | DEBUG    | trade_logic.py            | stop_loss_book_profit_core | Evaluating open positions for stop-loss/book-profit... | 
2025-10-18 05:05:23:997 | DEBUG    | trade_logic.py            | stop_loss_book_profit_core | {} | 
2025-10-18 05:05:29:014 | DEBUG    | trade_logic.py            | stop_loss_book_profit_core | Evaluating open positions for stop-loss/book-profit... | 
2025-10-18 05:05:29:015 | DEBUG    | trade_logic.py            | stop_loss_book_profit_core | {} | 
2025-10-18 05:05:34:033 | DEBUG    | trade_logic.py            | stop_loss_book_profit_core | Evaluating open positions for stop-loss/book-profit... | 
2025-10-18 05:05:34:034 | DEBUG    | trade_logic.py            | stop_loss_book_profit_core | {} | 
2025-10-18 05:05:39:052 | DEBUG    | trade_logic.py            | stop_loss_book_profit_core | Evaluating open positions for stop-loss/book-profit... | 
2025-10-18 05:05:39:052 | DEBUG    | trade_logic.py            | stop_loss_book_profit_core | {} | 
2025-10-18 05:05:44:069 | DEBUG    | trade_logic.py            | stop_loss_book_profit_core | Evaluating open positions for stop-loss/book-profit... | 
2025-10-18 05:05:44:070 | DEBUG    | trade_logic.py            | stop_loss_book_profit_core | {} | 
2025-10-18 05:05:49:071 | DEBUG    | trade_logic.py            | stop_loss_book_profit_core | Evaluating open positions for stop-loss/book-profit... | 
2025-10-18 05:05:49:071 | DEBUG    | trade_logic.py            | stop_loss_book_profit_core | {} | 
2025-10-18 05:05:54:079 | DEBUG    | trade_logic.py            | stop_loss_book_profit_core | Evaluating open positions for stop-loss/book-profit... | 
2025-10-18 05:05:54:081 | DEBUG    | trade_logic.py            | stop_loss_book_profit_core | {} | 
2025-10-18 05:05:59:085 | DEBUG    | trade_logic.py            | stop_loss_book_profit_core | Evaluating open positions for stop-loss/book-profit... | 
2025-10-18 05:05:59:088 | DEBUG    | trade_logic.py            | stop_loss_book_profit_core | {} | 
2025-10-18 05:06:04:099 | DEBUG    | trade_logic.py            | stop_loss_book_profit_core | Evaluating open positions for stop-loss/book-profit... | 
2025-10-18 05:06:04:101 | DEBUG    | trade_logic.py            | stop_loss_book_profit_core | {} | 
2025-10-18 05:06:09:105 | DEBUG    | trade_logic.py            | stop_loss_book_profit_core | Evaluating open positions for stop-loss/book-profit... | 
2025-10-18 05:06:09:106 | DEBUG    | trade_logic.py            | stop_loss_book_profit_core | {} | 
2025-10-18 05:06:14:106 | DEBUG    | trade_logic.py            | stop_loss_book_profit_core | Evaluating open positions for stop-loss/book-profit... | 
2025-10-18 05:06:14:110 | DEBUG    | trade_logic.py            | stop_loss_book_profit_core | {} | 
2025-10-18 05:06:19:116 | DEBUG    | trade_logic.py            | stop_loss_book_profit_core | Evaluating open positions for stop-loss/book-profit... | 
2025-10-18 05:06:19:117 | DEBUG    | trade_logic.py            | stop_loss_book_profit_core | {} | 
2025-10-18 05:06:24:139 | DEBUG    | trade_logic.py            | stop_loss_book_profit_core | Evaluating open positions for stop-loss/book-profit... | 
2025-10-18 05:06:24:141 | DEBUG    | trade_logic.py            | stop_loss_book_profit_core | {} | 
2025-10-18 05:06:29:158 | DEBUG    | trade_logic.py            | stop_loss_book_profit_core | Evaluating open positions for stop-loss/book-profit... | 
2025-10-18 05:06:29:160 | DEBUG    | trade_logic.py            | stop_loss_book_profit_core | {} | 
2025-10-18 05:06:34:176 | DEBUG    | trade_logic.py            | stop_loss_book_profit_core | Evaluating open positions for stop-loss/book-profit... | 
2025-10-18 05:06:34:177 | DEBUG    | trade_logic.py            | stop_loss_book_profit_core | {} | 
2025-10-18 05:06:39:193 | DEBUG    | trade_logic.py            | stop_loss_book_profit_core | Evaluating open positions for stop-loss/book-profit... | 
2025-10-18 05:06:39:193 | DEBUG    | trade_logic.py            | stop_loss_book_profit_core | {} | 
2025-10-18 05:06:44:215 | DEBUG    | trade_logic.py            | stop_loss_book_profit_core | Evaluating open positions for stop-loss/book-profit... | 
2025-10-18 05:06:44:216 | DEBUG    | trade_logic.py            | stop_loss_book_profit_core | {} | 
2025-10-18 05:06:49:229 | DEBUG    | trade_logic.py            | stop_loss_book_profit_core | Evaluating open positions for stop-loss/book-profit... | 
2025-10-18 05:06:49:229 | DEBUG    | trade_logic.py            | stop_loss_book_profit_core | {} | 
2025-10-18 05:06:54:240 | DEBUG    | trade_logic.py            | stop_loss_book_profit_core | Evaluating open positions for stop-loss/book-profit... | 
2025-10-18 05:06:54:240 | DEBUG    | trade_logic.py            | stop_loss_book_profit_core | {} | 
2025-10-18 05:06:59:242 | DEBUG    | trade_logic.py            | stop_loss_book_profit_core | Evaluating open positions for stop-loss/book-profit... | 
2025-10-18 05:06:59:245 | DEBUG    | trade_logic.py            | stop_loss_book_profit_core | {} | 
2025-10-18 05:07:04:244 | DEBUG    | trade_logic.py            | stop_loss_book_profit_core | Evaluating open positions for stop-loss/book-profit... | 
2025-10-18 05:07:04:245 | DEBUG    | trade_logic.py            | stop_loss_book_profit_core | {} | 
2025-10-18 05:07:06:538 | INFO     | server.py                 | home_page                 | Rendering home page | 
2025-10-18 05:07:08:832 | INFO     | server.py                 | dashboard                 | Rendering buy dashboard page | 
2025-10-18 05:07:08:990 | INFO     | server.py                 | get_fund_summary          | Fetching fund summary | 
2025-10-18 05:07:09:010 | INFO     | trade_logic.py            | handle_connect            | Client connected to socket server. | 
2025-10-18 05:07:09:041 | INFO     | trade_logic.py            | handle_request_weekly_options | Received 'request_weekly_options' from client. Sending weekly contracts... | 
2025-10-18 05:07:09:042 | INFO     | trade_logic.py            | handle_request_open_positions | Received 'request_open_positions' from client. Sending position data... | 
2025-10-18 05:07:09:258 | ERROR    | kite_adapter.py           | fetch_fund_summary        | Kite fund summary error : Incorrect `api_key` or `access_token`. | 
2025-10-18 05:07:09:259 | DATA     | server.py                 | get_fund_summary          | Fund Summary: None | 
2025-10-18 05:07:09:263 | DEBUG    | trade_logic.py            | stop_loss_book_profit_core | Evaluating open positions for stop-loss/book-profit... | 
2025-10-18 05:07:09:264 | DEBUG    | trade_logic.py            | stop_loss_book_profit_core | {} | 
2025-10-18 05:07:14:279 | DEBUG    | trade_logic.py            | stop_loss_book_profit_core | Evaluating open positions for stop-loss/book-profit... | 
2025-10-18 05:07:14:279 | DEBUG    | trade_logic.py            | stop_loss_book_profit_core | {} | 
2025-10-18 05:07:19:285 | DEBUG    | trade_logic.py            | stop_loss_book_profit_core | Evaluating open positions for stop-loss/book-profit... | 
2025-10-18 05:07:19:286 | DEBUG    | trade_logic.py            | stop_loss_book_profit_core | {} | 
2025-10-18 05:07:24:296 | DEBUG    | trade_logic.py            | stop_loss_book_profit_core | Evaluating open positions for stop-loss/book-profit... | 
2025-10-18 05:07:24:297 | DEBUG    | trade_logic.py            | stop_loss_book_profit_core | {} | 
2025-10-18 05:07:29:298 | DEBUG    | trade_logic.py            | stop_loss_book_profit_core | Evaluating open positions for stop-loss/book-profit... | 
2025-10-18 05:07:29:299 | DEBUG    | trade_logic.py            | stop_loss_book_profit_core | {} | 
2025-10-18 05:07:34:306 | DEBUG    | trade_logic.py            | stop_loss_book_profit_core | Evaluating open positions for stop-loss/book-profit... | 
2025-10-18 05:07:34:307 | DEBUG    | trade_logic.py            | stop_loss_book_profit_core | {} | 
2025-10-18 05:07:39:312 | DEBUG    | trade_logic.py            | stop_loss_book_profit_core | Evaluating open positions for stop-loss/book-profit... | 
2025-10-18 05:07:39:313 | DEBUG    | trade_logic.py            | stop_loss_book_profit_core | {} | 
2025-10-18 05:07:44:319 | DEBUG    | trade_logic.py            | stop_loss_book_profit_core | Evaluating open positions for stop-loss/book-profit... | 
2025-10-18 05:07:44:320 | DEBUG    | trade_logic.py            | stop_loss_book_profit_core | {} | 
2025-10-18 05:07:49:332 | DEBUG    | trade_logic.py            | stop_loss_book_profit_core | Evaluating open positions for stop-loss/book-profit... | 
2025-10-18 05:07:49:333 | DEBUG    | trade_logic.py            | stop_loss_book_profit_core | {} | 
2025-10-18 05:07:54:340 | DEBUG    | trade_logic.py            | stop_loss_book_profit_core | Evaluating open positions for stop-loss/book-profit... | 
2025-10-18 05:07:54:342 | DEBUG    | trade_logic.py            | stop_loss_book_profit_core | {} | 
2025-10-18 05:07:59:344 | DEBUG    | trade_logic.py            | stop_loss_book_profit_core | Evaluating open positions for stop-loss/book-profit... | 
2025-10-18 05:07:59:346 | DEBUG    | trade_logic.py            | stop_loss_book_profit_core | {} | 
2025-10-18 05:08:04:348 | DEBUG    | trade_logic.py            | stop_loss_book_profit_core | Evaluating open positions for stop-loss/book-profit... | 
2025-10-18 05:08:04:350 | DEBUG    | trade_logic.py            | stop_loss_book_profit_core | {} | 
2025-10-18 05:08:09:365 | DEBUG    | trade_logic.py            | stop_loss_book_profit_core | Evaluating open positions for stop-loss/book-profit... | 
2025-10-18 05:08:09:366 | DEBUG    | trade_logic.py            | stop_loss_book_profit_core | {} | 
2025-10-18 05:08:14:374 | DEBUG    | trade_logic.py            | stop_loss_book_profit_core | Evaluating open positions for stop-loss/book-profit... | 
2025-10-18 05:08:14:374 | DEBUG    | trade_logic.py            | stop_loss_book_profit_core | {} | 
2025-10-18 05:08:19:377 | DEBUG    | trade_logic.py            | stop_loss_book_profit_core | Evaluating open positions for stop-loss/book-profit... | 
2025-10-18 05:08:19:378 | DEBUG    | trade_logic.py            | stop_loss_book_profit_core | {} | 
2025-10-18 05:08:24:396 | DEBUG    | trade_logic.py            | stop_loss_book_profit_core | Evaluating open positions for stop-loss/book-profit... | 
2025-10-18 05:08:24:399 | DEBUG    | trade_logic.py            | stop_loss_book_profit_core | {} | 
2025-10-18 05:08:29:418 | DEBUG    | trade_logic.py            | stop_loss_book_profit_core | Evaluating open positions for stop-loss/book-profit... | 
2025-10-18 05:08:29:420 | DEBUG    | trade_logic.py            | stop_loss_book_profit_core | {} | 
2025-10-18 05:08:34:435 | DEBUG    | trade_logic.py            | stop_loss_book_profit_core | Evaluating open positions for stop-loss/book-profit... | 
2025-10-18 05:08:34:437 | DEBUG    | trade_logic.py            | stop_loss_book_profit_core | {} | 
2025-10-18 05:08:39:455 | DEBUG    | trade_logic.py            | stop_loss_book_profit_core | Evaluating open positions for stop-loss/book-profit... | 
2025-10-18 05:08:39:456 | DEBUG    | trade_logic.py            | stop_loss_book_profit_core | {} | 
2025-10-18 05:08:44:473 | DEBUG    | trade_logic.py            | stop_loss_book_profit_core | Evaluating open positions for stop-loss/book-profit... | 
2025-10-18 05:08:44:475 | DEBUG    | trade_logic.py            | stop_loss_book_profit_core | {} | 
2025-10-18 05:08:49:492 | DEBUG    | trade_logic.py            | stop_loss_book_profit_core | Evaluating open positions for stop-loss/book-profit... | 
2025-10-18 05:08:49:493 | DEBUG    | trade_logic.py            | stop_loss_book_profit_core | {} | 
2025-10-18 05:08:54:512 | DEBUG    | trade_logic.py            | stop_loss_book_profit_core | Evaluating open positions for stop-loss/book-profit... | 
2025-10-18 05:08:54:514 | DEBUG    | trade_logic.py            | stop_loss_book_profit_core | {} | 
2025-10-18 05:08:59:532 | DEBUG    | trade_logic.py            | stop_loss_book_profit_core | Evaluating open positions for stop-loss/book-profit... | 
2025-10-18 05:08:59:533 | DEBUG    | trade_logic.py            | stop_loss_book_profit_core | {} | 
2025-10-18 05:09:04:544 | DEBUG    | trade_logic.py            | stop_loss_book_profit_core | Evaluating open positions for stop-loss/book-profit... | 
2025-10-18 05:09:04:545 | DEBUG    | trade_logic.py            | stop_loss_book_profit_core | {} | 
2025-10-18 05:09:09:564 | DEBUG    | trade_logic.py            | stop_loss_book_profit_core | Evaluating open positions for stop-loss/book-profit... | 
2025-10-18 05:09:09:565 | DEBUG    | trade_logic.py            | stop_loss_book_profit_core | {} | 
2025-10-18 05:09:14:582 | DEBUG    | trade_logic.py            | stop_loss_book_profit_core | Evaluating open positions for stop-loss/book-profit... | 
2025-10-18 05:09:14:582 | DEBUG    | trade_logic.py            | stop_loss_book_profit_core | {} | 
2025-10-18 05:09:19:601 | DEBUG    | trade_logic.py            | stop_loss_book_profit_core | Evaluating open positions for stop-loss/book-profit... | 
2025-10-18 05:09:19:602 | DEBUG    | trade_logic.py            | stop_loss_book_profit_core | {} | 
2025-10-18 05:09:24:621 | DEBUG    | trade_logic.py            | stop_loss_book_profit_core | Evaluating open positions for stop-loss/book-profit... | 
2025-10-18 05:09:24:622 | DEBUG    | trade_logic.py            | stop_loss_book_profit_core | {} | 
2025-10-18 05:09:29:625 | DEBUG    | trade_logic.py            | stop_loss_book_profit_core | Evaluating open positions for stop-loss/book-profit... | 
2025-10-18 05:09:29:625 | DEBUG    | trade_logic.py            | stop_loss_book_profit_core | {} | 
2025-10-18 05:09:34:637 | DEBUG    | trade_logic.py            | stop_loss_book_profit_core | Evaluating open positions for stop-loss/book-profit... | 
2025-10-18 05:09:34:638 | DEBUG    | trade_logic.py            | stop_loss_book_profit_core | {} | 
2025-10-18 05:09:39:639 | DEBUG    | trade_logic.py            | stop_loss_book_profit_core | Evaluating open positions for stop-loss/book-profit... | 
2025-10-18 05:09:39:641 | DEBUG    | trade_logic.py            | stop_loss_book_profit_core | {} | 
2025-10-18 05:09:44:643 | DEBUG    | trade_logic.py            | stop_loss_book_profit_core | Evaluating open positions for stop-loss/book-profit... | 
2025-10-18 05:09:44:644 | DEBUG    | trade_logic.py            | stop_loss_book_profit_core | {} | 
2025-10-18 05:09:49:651 | DEBUG    | trade_logic.py            | stop_loss_book_profit_core | Evaluating open positions for stop-loss/book-profit... | 
2025-10-18 05:09:49:652 | DEBUG    | trade_logic.py            | stop_loss_book_profit_core | {} | 
2025-10-18 05:09:54:656 | DEBUG    | trade_logic.py            | stop_loss_book_profit_core | Evaluating open positions for stop-loss/book-profit... | 
2025-10-18 05:09:54:658 | DEBUG    | trade_logic.py            | stop_loss_book_profit_core | {} | 
2025-10-18 05:09:59:674 | DEBUG    | trade_logic.py            | stop_loss_book_profit_core | Evaluating open positions for stop-loss/book-profit... | 
2025-10-18 05:09:59:676 | DEBUG    | trade_logic.py            | stop_loss_book_profit_core | {} | 
2025-10-18 05:10:04:695 | DEBUG    | trade_logic.py            | stop_loss_book_profit_core | Evaluating open positions for stop-loss/book-profit... | 
2025-10-18 05:10:04:696 | DEBUG    | trade_logic.py            | stop_loss_book_profit_core | {} | 
2025-10-18 05:10:09:716 | DEBUG    | trade_logic.py            | stop_loss_book_profit_core | Evaluating open positions for stop-loss/book-profit... | 
2025-10-18 05:10:09:717 | DEBUG    | trade_logic.py            | stop_loss_book_profit_core | {} | 
2025-10-18 05:10:14:737 | DEBUG    | trade_logic.py            | stop_loss_book_profit_core | Evaluating open positions for stop-loss/book-profit... | 
2025-10-18 05:10:14:739 | DEBUG    | trade_logic.py            | stop_loss_book_profit_core | {} | 
2025-10-18 05:10:19:756 | DEBUG    | trade_logic.py            | stop_loss_book_profit_core | Evaluating open positions for stop-loss/book-profit... | 
2025-10-18 05:10:19:757 | DEBUG    | trade_logic.py            | stop_loss_book_profit_core | {} | 
2025-10-18 05:10:24:764 | DEBUG    | trade_logic.py            | stop_loss_book_profit_core | Evaluating open positions for stop-loss/book-profit... | 
2025-10-18 05:10:24:766 | DEBUG    | trade_logic.py            | stop_loss_book_profit_core | {} | 
2025-10-18 05:10:29:766 | DEBUG    | trade_logic.py            | stop_loss_book_profit_core | Evaluating open positions for stop-loss/book-profit... | 
2025-10-18 05:10:29:767 | DEBUG    | trade_logic.py            | stop_loss_book_profit_core | {} | 
2025-10-18 05:10:34:787 | DEBUG    | trade_logic.py            | stop_loss_book_profit_core | Evaluating open positions for stop-loss/book-profit... | 
2025-10-18 05:10:34:788 | DEBUG    | trade_logic.py            | stop_loss_book_profit_core | {} | 
2025-10-18 05:10:39:807 | DEBUG    | trade_logic.py            | stop_loss_book_profit_core | Evaluating open positions for stop-loss/book-profit... | 
2025-10-18 05:10:39:810 | DEBUG    | trade_logic.py            | stop_loss_book_profit_core | {} | 
2025-10-18 05:10:44:828 | DEBUG    | trade_logic.py            | stop_loss_book_profit_core | Evaluating open positions for stop-loss/book-profit... | 
2025-10-18 05:10:44:830 | DEBUG    | trade_logic.py            | stop_loss_book_profit_core | {} | 
2025-10-18 05:10:49:846 | DEBUG    | trade_logic.py            | stop_loss_book_profit_core | Evaluating open positions for stop-loss/book-profit... | 
2025-10-18 05:10:49:848 | DEBUG    | trade_logic.py            | stop_loss_book_profit_core | {} | 
2025-10-18 05:10:54:864 | DEBUG    | trade_logic.py            | stop_loss_book_profit_core | Evaluating open positions for stop-loss/book-profit... | 
2025-10-18 05:10:54:866 | DEBUG    | trade_logic.py            | stop_loss_book_profit_core | {} | 
2025-10-18 05:10:59:883 | DEBUG    | trade_logic.py            | stop_loss_book_profit_core | Evaluating open positions for stop-loss/book-profit... | 
2025-10-18 05:10:59:884 | DEBUG    | trade_logic.py            | stop_loss_book_profit_core | {} | 
2025-10-18 05:11:04:884 | DEBUG    | trade_logic.py            | stop_loss_book_profit_core | Evaluating open positions for stop-loss/book-profit... | 
2025-10-18 05:11:04:885 | DEBUG    | trade_logic.py            | stop_loss_book_profit_core | {} | 
2025-10-18 05:11:09:894 | DEBUG    | trade_logic.py            | stop_loss_book_profit_core | Evaluating open positions for stop-loss/book-profit... | 
2025-10-18 05:11:09:896 | DEBUG    | trade_logic.py            | stop_loss_book_profit_core | {} | 
2025-10-18 05:11:14:909 | DEBUG    | trade_logic.py            | stop_loss_book_profit_core | Evaluating open positions for stop-loss/book-profit... | 
2025-10-18 05:11:14:910 | DEBUG    | trade_logic.py            | stop_loss_book_profit_core | {} | 
2025-10-18 05:11:19:916 | DEBUG    | trade_logic.py            | stop_loss_book_profit_core | Evaluating open positions for stop-loss/book-profit... | 
2025-10-18 05:11:19:917 | DEBUG    | trade_logic.py            | stop_loss_book_profit_core | {} | 
2025-10-18 05:11:24:935 | DEBUG    | trade_logic.py            | stop_loss_book_profit_core | Evaluating open positions for stop-loss/book-profit... | 
2025-10-18 05:11:24:936 | DEBUG    | trade_logic.py            | stop_loss_book_profit_core | {} | 
2025-10-18 05:11:29:950 | DEBUG    | trade_logic.py            | stop_loss_book_profit_core | Evaluating open positions for stop-loss/book-profit... | 
2025-10-18 05:11:29:950 | DEBUG    | trade_logic.py            | stop_loss_book_profit_core | {} | 
2025-10-18 05:11:34:970 | DEBUG    | trade_logic.py            | stop_loss_book_profit_core | Evaluating open positions for stop-loss/book-profit... | 
2025-10-18 05:11:34:970 | DEBUG    | trade_logic.py            | stop_loss_book_profit_core | {} | 
2025-10-18 05:11:39:973 | DEBUG    | trade_logic.py            | stop_loss_book_profit_core | Evaluating open positions for stop-loss/book-profit... | 
2025-10-18 05:11:39:974 | DEBUG    | trade_logic.py            | stop_loss_book_profit_core | {} | 
2025-10-18 05:11:44:980 | DEBUG    | trade_logic.py            | stop_loss_book_profit_core | Evaluating open positions for stop-loss/book-profit... | 
2025-10-18 05:11:44:981 | DEBUG    | trade_logic.py            | stop_loss_book_profit_core | {} | 
2025-10-18 05:11:49:986 | DEBUG    | trade_logic.py            | stop_loss_book_profit_core | Evaluating open positions for stop-loss/book-profit... | 
2025-10-18 05:11:49:987 | DEBUG    | trade_logic.py            | stop_loss_book_profit_core | {} | 
2025-10-18 05:11:55:005 | DEBUG    | trade_logic.py            | stop_loss_book_profit_core | Evaluating open positions for stop-loss/book-profit... | 
2025-10-18 05:11:55:006 | DEBUG    | trade_logic.py            | stop_loss_book_profit_core | {} | 
2025-10-18 05:12:00:019 | DEBUG    | trade_logic.py            | stop_loss_book_profit_core | Evaluating open positions for stop-loss/book-profit... | 
2025-10-18 05:12:00:020 | DEBUG    | trade_logic.py            | stop_loss_book_profit_core | {} | 
2025-10-18 05:12:05:033 | DEBUG    | trade_logic.py            | stop_loss_book_profit_core | Evaluating open positions for stop-loss/book-profit... | 
2025-10-18 05:12:05:034 | DEBUG    | trade_logic.py            | stop_loss_book_profit_core | {} | 
2025-10-18 05:12:10:049 | DEBUG    | trade_logic.py            | stop_loss_book_profit_core | Evaluating open positions for stop-loss/book-profit... | 
2025-10-18 05:12:10:050 | DEBUG    | trade_logic.py            | stop_loss_book_profit_core | {} | 
2025-10-18 05:12:15:064 | DEBUG    | trade_logic.py            | stop_loss_book_profit_core | Evaluating open positions for stop-loss/book-profit... | 
2025-10-18 05:12:15:064 | DEBUG    | trade_logic.py            | stop_loss_book_profit_core | {} | 
2025-10-18 05:12:20:075 | DEBUG    | trade_logic.py            | stop_loss_book_profit_core | Evaluating open positions for stop-loss/book-profit... | 
2025-10-18 05:12:20:076 | DEBUG    | trade_logic.py            | stop_loss_book_profit_core | {} | 
2025-10-18 05:12:25:088 | DEBUG    | trade_logic.py            | stop_loss_book_profit_core | Evaluating open positions for stop-loss/book-profit... | 
2025-10-18 05:12:25:089 | DEBUG    | trade_logic.py            | stop_loss_book_profit_core | {} | 
2025-10-18 05:12:30:098 | DEBUG    | trade_logic.py            | stop_loss_book_profit_core | Evaluating open positions for stop-loss/book-profit... | 
2025-10-18 05:12:30:098 | DEBUG    | trade_logic.py            | stop_loss_book_profit_core | {} | 
2025-10-18 05:12:35:116 | DEBUG    | trade_logic.py            | stop_loss_book_profit_core | Evaluating open positions for stop-loss/book-profit... | 
2025-10-18 05:12:35:117 | DEBUG    | trade_logic.py            | stop_loss_book_profit_core | {} | 
2025-10-18 05:12:40:127 | DEBUG    | trade_logic.py            | stop_loss_book_profit_core | Evaluating open positions for stop-loss/book-profit... | 
2025-10-18 05:12:40:128 | DEBUG    | trade_logic.py            | stop_loss_book_profit_core | {} | 
2025-10-18 05:12:45:132 | DEBUG    | trade_logic.py            | stop_loss_book_profit_core | Evaluating open positions for stop-loss/book-profit... | 
2025-10-18 05:12:45:133 | DEBUG    | trade_logic.py            | stop_loss_book_profit_core | {} | 
2025-10-18 05:12:50:147 | DEBUG    | trade_logic.py            | stop_loss_book_profit_core | Evaluating open positions for stop-loss/book-profit... | 
2025-10-18 05:12:50:148 | DEBUG    | trade_logic.py            | stop_loss_book_profit_core | {} | 
2025-10-18 05:12:55:162 | DEBUG    | trade_logic.py            | stop_loss_book_profit_core | Evaluating open positions for stop-loss/book-profit... | 
2025-10-18 05:12:55:163 | DEBUG    | trade_logic.py            | stop_loss_book_profit_core | {} | 
2025-10-18 05:13:00:177 | DEBUG    | trade_logic.py            | stop_loss_book_profit_core | Evaluating open positions for stop-loss/book-profit... | 
2025-10-18 05:13:00:177 | DEBUG    | trade_logic.py            | stop_loss_book_profit_core | {} | 
2025-10-18 05:13:05:177 | DEBUG    | trade_logic.py            | stop_loss_book_profit_core | Evaluating open positions for stop-loss/book-profit... | 
2025-10-18 05:13:05:178 | DEBUG    | trade_logic.py            | stop_loss_book_profit_core | {} | 
2025-10-18 05:13:10:188 | DEBUG    | trade_logic.py            | stop_loss_book_profit_core | Evaluating open positions for stop-loss/book-profit... | 
2025-10-18 05:13:10:189 | DEBUG    | trade_logic.py            | stop_loss_book_profit_core | {} | 
2025-10-18 05:13:15:191 | DEBUG    | trade_logic.py            | stop_loss_book_profit_core | Evaluating open positions for stop-loss/book-profit... | 
2025-10-18 05:13:15:192 | DEBUG    | trade_logic.py            | stop_loss_book_profit_core | {} | 
2025-10-18 05:13:20:202 | DEBUG    | trade_logic.py            | stop_loss_book_profit_core | Evaluating open positions for stop-loss/book-profit... | 
2025-10-18 05:13:20:203 | DEBUG    | trade_logic.py            | stop_loss_book_profit_core | {} | 
2025-10-18 05:13:25:206 | DEBUG    | trade_logic.py            | stop_loss_book_profit_core | Evaluating open positions for stop-loss/book-profit... | 
2025-10-18 05:13:25:207 | DEBUG    | trade_logic.py            | stop_loss_book_profit_core | {} | 
2025-10-18 05:13:30:212 | DEBUG    | trade_logic.py            | stop_loss_book_profit_core | Evaluating open positions for stop-loss/book-profit... | 
2025-10-18 05:13:30:213 | DEBUG    | trade_logic.py            | stop_loss_book_profit_core | {} | 
2025-10-18 05:13:35:219 | DEBUG    | trade_logic.py            | stop_loss_book_profit_core | Evaluating open positions for stop-loss/book-profit... | 
2025-10-18 05:13:35:221 | DEBUG    | trade_logic.py            | stop_loss_book_profit_core | {} | 
2025-10-18 05:13:40:228 | DEBUG    | trade_logic.py            | stop_loss_book_profit_core | Evaluating open positions for stop-loss/book-profit... | 
2025-10-18 05:13:40:229 | DEBUG    | trade_logic.py            | stop_loss_book_profit_core | {} | 
2025-10-18 05:13:45:248 | DEBUG    | trade_logic.py            | stop_loss_book_profit_core | Evaluating open positions for stop-loss/book-profit... | 
2025-10-18 05:13:45:250 | DEBUG    | trade_logic.py            | stop_loss_book_profit_core | {} | 
2025-10-18 05:13:50:254 | DEBUG    | trade_logic.py            | stop_loss_book_profit_core | Evaluating open positions for stop-loss/book-profit... | 
2025-10-18 05:13:50:255 | DEBUG    | trade_logic.py            | stop_loss_book_profit_core | {} | 
2025-10-18 05:13:55:271 | DEBUG    | trade_logic.py            | stop_loss_book_profit_core | Evaluating open positions for stop-loss/book-profit... | 
2025-10-18 05:13:55:271 | DEBUG    | trade_logic.py            | stop_loss_book_profit_core | {} | 
2025-10-18 05:14:00:279 | DEBUG    | trade_logic.py            | stop_loss_book_profit_core | Evaluating open positions for stop-loss/book-profit... | 
2025-10-18 05:14:00:280 | DEBUG    | trade_logic.py            | stop_loss_book_profit_core | {} | 
2025-10-18 05:14:05:279 | DEBUG    | trade_logic.py            | stop_loss_book_profit_core | Evaluating open positions for stop-loss/book-profit... | 
2025-10-18 05:14:05:280 | DEBUG    | trade_logic.py            | stop_loss_book_profit_core | {} | 
2025-10-18 05:14:10:294 | DEBUG    | trade_logic.py            | stop_loss_book_profit_core | Evaluating open positions for stop-loss/book-profit... | 
2025-10-18 05:14:10:295 | DEBUG    | trade_logic.py            | stop_loss_book_profit_core | {} | 
2025-10-18 05:14:15:312 | DEBUG    | trade_logic.py            | stop_loss_book_profit_core | Evaluating open positions for stop-loss/book-profit... | 
2025-10-18 05:14:15:313 | DEBUG    | trade_logic.py            | stop_loss_book_profit_core | {} | 
2025-10-18 05:14:20:324 | DEBUG    | trade_logic.py            | stop_loss_book_profit_core | Evaluating open positions for stop-loss/book-profit... | 
2025-10-18 05:14:20:325 | DEBUG    | trade_logic.py            | stop_loss_book_profit_core | {} | 
2025-10-18 05:14:25:325 | DEBUG    | trade_logic.py            | stop_loss_book_profit_core | Evaluating open positions for stop-loss/book-profit... | 
2025-10-18 05:14:25:325 | DEBUG    | trade_logic.py            | stop_loss_book_profit_core | {} | 
2025-10-18 05:14:30:339 | DEBUG    | trade_logic.py            | stop_loss_book_profit_core | Evaluating open positions for stop-loss/book-profit... | 
2025-10-18 05:14:30:340 | DEBUG    | trade_logic.py            | stop_loss_book_profit_core | {} | 
2025-10-18 05:14:35:359 | DEBUG    | trade_logic.py            | stop_loss_book_profit_core | Evaluating open positions for stop-loss/book-profit... | 
2025-10-18 05:14:35:361 | DEBUG    | trade_logic.py            | stop_loss_book_profit_core | {} | 
2025-10-18 05:14:40:367 | DEBUG    | trade_logic.py            | stop_loss_book_profit_core | Evaluating open positions for stop-loss/book-profit... | 
2025-10-18 05:14:40:368 | DEBUG    | trade_logic.py            | stop_loss_book_profit_core | {} | 
2025-10-18 05:14:45:381 | DEBUG    | trade_logic.py            | stop_loss_book_profit_core | Evaluating open positions for stop-loss/book-profit... | 
2025-10-18 05:14:45:382 | DEBUG    | trade_logic.py            | stop_loss_book_profit_core | {} | 
2025-10-18 05:14:50:388 | DEBUG    | trade_logic.py            | stop_loss_book_profit_core | Evaluating open positions for stop-loss/book-profit... | 
2025-10-18 05:14:50:389 | DEBUG    | trade_logic.py            | stop_loss_book_profit_core | {} | 
2025-10-18 05:14:55:403 | DEBUG    | trade_logic.py            | stop_loss_book_profit_core | Evaluating open positions for stop-loss/book-profit... | 
2025-10-18 05:14:55:404 | DEBUG    | trade_logic.py            | stop_loss_book_profit_core | {} | 
2025-10-18 05:15:00:417 | DEBUG    | trade_logic.py            | stop_loss_book_profit_core | Evaluating open positions for stop-loss/book-profit... | 
2025-10-18 05:15:00:418 | DEBUG    | trade_logic.py            | stop_loss_book_profit_core | {} | 
2025-10-18 05:15:05:432 | DEBUG    | trade_logic.py            | stop_loss_book_profit_core | Evaluating open positions for stop-loss/book-profit... | 
2025-10-18 05:15:05:433 | DEBUG    | trade_logic.py            | stop_loss_book_profit_core | {} | 
2025-10-18 05:15:10:434 | DEBUG    | trade_logic.py            | stop_loss_book_profit_core | Evaluating open positions for stop-loss/book-profit... | 
2025-10-18 05:15:10:436 | DEBUG    | trade_logic.py            | stop_loss_book_profit_core | {} | 
2025-10-18 05:15:15:446 | DEBUG    | trade_logic.py            | stop_loss_book_profit_core | Evaluating open positions for stop-loss/book-profit... | 
2025-10-18 05:15:15:447 | DEBUG    | trade_logic.py            | stop_loss_book_profit_core | {} | 
2025-10-18 05:15:20:450 | DEBUG    | trade_logic.py            | stop_loss_book_profit_core | Evaluating open positions for stop-loss/book-profit... | 
2025-10-18 05:15:20:450 | DEBUG    | trade_logic.py            | stop_loss_book_profit_core | {} | 
2025-10-18 05:15:25:452 | DEBUG    | trade_logic.py            | stop_loss_book_profit_core | Evaluating open positions for stop-loss/book-profit... | 
2025-10-18 05:15:25:452 | DEBUG    | trade_logic.py            | stop_loss_book_profit_core | {} | 
2025-10-18 05:15:30:463 | DEBUG    | trade_logic.py            | stop_loss_book_profit_core | Evaluating open positions for stop-loss/book-profit... | 
2025-10-18 05:15:30:464 | DEBUG    | trade_logic.py            | stop_loss_book_profit_core | {} | 
2025-10-18 05:15:35:475 | DEBUG    | trade_logic.py            | stop_loss_book_profit_core | Evaluating open positions for stop-loss/book-profit... | 
2025-10-18 05:15:35:476 | DEBUG    | trade_logic.py            | stop_loss_book_profit_core | {} | 
2025-10-18 05:15:40:486 | DEBUG    | trade_logic.py            | stop_loss_book_profit_core | Evaluating open positions for stop-loss/book-profit... | 
2025-10-18 05:15:40:487 | DEBUG    | trade_logic.py            | stop_loss_book_profit_core | {} | 
2025-10-18 05:15:45:492 | DEBUG    | trade_logic.py            | stop_loss_book_profit_core | Evaluating open positions for stop-loss/book-profit... | 
2025-10-18 05:15:45:494 | DEBUG    | trade_logic.py            | stop_loss_book_profit_core | {} | 
2025-10-18 05:15:50:502 | DEBUG    | trade_logic.py            | stop_loss_book_profit_core | Evaluating open positions for stop-loss/book-profit... | 
2025-10-18 05:15:50:503 | DEBUG    | trade_logic.py            | stop_loss_book_profit_core | {} | 
2025-10-18 05:15:55:513 | DEBUG    | trade_logic.py            | stop_loss_book_profit_core | Evaluating open positions for stop-loss/book-profit... | 
2025-10-18 05:15:55:514 | DEBUG    | trade_logic.py            | stop_loss_book_profit_core | {} | 
2025-10-18 05:16:00:518 | DEBUG    | trade_logic.py            | stop_loss_book_profit_core | Evaluating open positions for stop-loss/book-profit... | 
2025-10-18 05:16:00:519 | DEBUG    | trade_logic.py            | stop_loss_book_profit_core | {} | 
2025-10-18 05:16:05:522 | DEBUG    | trade_logic.py            | stop_loss_book_profit_core | Evaluating open positions for stop-loss/book-profit... | 
2025-10-18 05:16:05:523 | DEBUG    | trade_logic.py            | stop_loss_book_profit_core | {} | 
2025-10-18 05:16:10:544 | DEBUG    | trade_logic.py            | stop_loss_book_profit_core | Evaluating open positions for stop-loss/book-profit... | 
2025-10-18 05:16:10:545 | DEBUG    | trade_logic.py            | stop_loss_book_profit_core | {} | 
2025-10-18 05:16:15:562 | DEBUG    | trade_logic.py            | stop_loss_book_profit_core | Evaluating open positions for stop-loss/book-profit... | 
2025-10-18 05:16:15:565 | DEBUG    | trade_logic.py            | stop_loss_book_profit_core | {} | 
2025-10-18 05:16:20:582 | DEBUG    | trade_logic.py            | stop_loss_book_profit_core | Evaluating open positions for stop-loss/book-profit... | 
2025-10-18 05:16:20:584 | DEBUG    | trade_logic.py            | stop_loss_book_profit_core | {} | 
2025-10-18 05:16:25:600 | DEBUG    | trade_logic.py            | stop_loss_book_profit_core | Evaluating open positions for stop-loss/book-profit... | 
2025-10-18 05:16:25:602 | DEBUG    | trade_logic.py            | stop_loss_book_profit_core | {} | 
2025-10-18 05:16:30:618 | DEBUG    | trade_logic.py            | stop_loss_book_profit_core | Evaluating open positions for stop-loss/book-profit... | 
2025-10-18 05:16:30:620 | DEBUG    | trade_logic.py            | stop_loss_book_profit_core | {} | 
2025-10-18 05:16:35:636 | DEBUG    | trade_logic.py            | stop_loss_book_profit_core | Evaluating open positions for stop-loss/book-profit... | 
2025-10-18 05:16:35:637 | DEBUG    | trade_logic.py            | stop_loss_book_profit_core | {} | 
2025-10-18 05:16:40:656 | DEBUG    | trade_logic.py            | stop_loss_book_profit_core | Evaluating open positions for stop-loss/book-profit... | 
2025-10-18 05:16:40:657 | DEBUG    | trade_logic.py            | stop_loss_book_profit_core | {} | 
2025-10-18 05:16:45:677 | DEBUG    | trade_logic.py            | stop_loss_book_profit_core | Evaluating open positions for stop-loss/book-profit... | 
2025-10-18 05:16:45:679 | DEBUG    | trade_logic.py            | stop_loss_book_profit_core | {} | 
2025-10-18 05:16:50:697 | DEBUG    | trade_logic.py            | stop_loss_book_profit_core | Evaluating open positions for stop-loss/book-profit... | 
2025-10-18 05:16:50:698 | DEBUG    | trade_logic.py            | stop_loss_book_profit_core | {} | 
2025-10-18 05:16:55:714 | DEBUG    | trade_logic.py            | stop_loss_book_profit_core | Evaluating open positions for stop-loss/book-profit... | 
2025-10-18 05:16:55:715 | DEBUG    | trade_logic.py            | stop_loss_book_profit_core | {} | 
2025-10-18 05:17:00:730 | DEBUG    | trade_logic.py            | stop_loss_book_profit_core | Evaluating open positions for stop-loss/book-profit... | 
2025-10-18 05:17:00:731 | DEBUG    | trade_logic.py            | stop_loss_book_profit_core | {} | 
2025-10-18 05:17:05:735 | DEBUG    | trade_logic.py            | stop_loss_book_profit_core | Evaluating open positions for stop-loss/book-profit... | 
2025-10-18 05:17:05:736 | DEBUG    | trade_logic.py            | stop_loss_book_profit_core | {} | 
2025-10-18 05:17:10:739 | DEBUG    | trade_logic.py            | stop_loss_book_profit_core | Evaluating open positions for stop-loss/book-profit... | 
2025-10-18 05:17:10:739 | DEBUG    | trade_logic.py            | stop_loss_book_profit_core | {} | 
2025-10-18 05:17:15:750 | DEBUG    | trade_logic.py            | stop_loss_book_profit_core | Evaluating open positions for stop-loss/book-profit... | 
2025-10-18 05:17:15:751 | DEBUG    | trade_logic.py            | stop_loss_book_profit_core | {} | 
2025-10-18 05:17:20:762 | DEBUG    | trade_logic.py            | stop_loss_book_profit_core | Evaluating open positions for stop-loss/book-profit... | 
2025-10-18 05:17:20:763 | DEBUG    | trade_logic.py            | stop_loss_book_profit_core | {} | 
2025-10-18 05:17:25:764 | DEBUG    | trade_logic.py            | stop_loss_book_profit_core | Evaluating open positions for stop-loss/book-profit... | 
2025-10-18 05:17:25:765 | DEBUG    | trade_logic.py            | stop_loss_book_profit_core | {} | 
2025-10-18 05:17:30:769 | DEBUG    | trade_logic.py            | stop_loss_book_profit_core | Evaluating open positions for stop-loss/book-profit... | 
2025-10-18 05:17:30:770 | DEBUG    | trade_logic.py            | stop_loss_book_profit_core | {} | 
2025-10-18 05:17:35:791 | DEBUG    | trade_logic.py            | stop_loss_book_profit_core | Evaluating open positions for stop-loss/book-profit... | 
2025-10-18 05:17:35:792 | DEBUG    | trade_logic.py            | stop_loss_book_profit_core | {} | 
2025-10-18 05:17:40:794 | DEBUG    | trade_logic.py            | stop_loss_book_profit_core | Evaluating open positions for stop-loss/book-profit... | 
2025-10-18 05:17:40:796 | DEBUG    | trade_logic.py            | stop_loss_book_profit_core | {} | 
2025-10-18 05:17:45:797 | DEBUG    | trade_logic.py            | stop_loss_book_profit_core | Evaluating open positions for stop-loss/book-profit... | 
2025-10-18 05:17:45:798 | DEBUG    | trade_logic.py            | stop_loss_book_profit_core | {} | 
2025-10-18 05:17:50:798 | DEBUG    | trade_logic.py            | stop_loss_book_profit_core | Evaluating open positions for stop-loss/book-profit... | 
2025-10-18 05:17:50:798 | DEBUG    | trade_logic.py            | stop_loss_book_profit_core | {} | 
2025-10-18 05:17:55:804 | DEBUG    | trade_logic.py            | stop_loss_book_profit_core | Evaluating open positions for stop-loss/book-profit... | 
2025-10-18 05:17:55:806 | DEBUG    | trade_logic.py            | stop_loss_book_profit_core | {} | 
2025-10-18 05:18:00:808 | DEBUG    | trade_logic.py            | stop_loss_book_profit_core | Evaluating open positions for stop-loss/book-profit... | 
2025-10-18 05:18:00:809 | DEBUG    | trade_logic.py            | stop_loss_book_profit_core | {} | 
2025-10-18 05:18:05:828 | DEBUG    | trade_logic.py            | stop_loss_book_profit_core | Evaluating open positions for stop-loss/book-profit... | 
2025-10-18 05:18:05:829 | DEBUG    | trade_logic.py            | stop_loss_book_profit_core | {} | 
2025-10-18 05:18:10:846 | DEBUG    | trade_logic.py            | stop_loss_book_profit_core | Evaluating open positions for stop-loss/book-profit... | 
2025-10-18 05:18:10:847 | DEBUG    | trade_logic.py            | stop_loss_book_profit_core | {} | 
2025-10-18 05:18:15:865 | DEBUG    | trade_logic.py            | stop_loss_book_profit_core | Evaluating open positions for stop-loss/book-profit... | 
2025-10-18 05:18:15:866 | DEBUG    | trade_logic.py            | stop_loss_book_profit_core | {} | 
2025-10-18 05:18:20:885 | DEBUG    | trade_logic.py            | stop_loss_book_profit_core | Evaluating open positions for stop-loss/book-profit... | 
2025-10-18 05:18:20:887 | DEBUG    | trade_logic.py            | stop_loss_book_profit_core | {} | 
2025-10-18 05:18:25:905 | DEBUG    | trade_logic.py            | stop_loss_book_profit_core | Evaluating open positions for stop-loss/book-profit... | 
2025-10-18 05:18:25:906 | DEBUG    | trade_logic.py            | stop_loss_book_profit_core | {} | 
2025-10-18 05:18:30:924 | DEBUG    | trade_logic.py            | stop_loss_book_profit_core | Evaluating open positions for stop-loss/book-profit... | 
2025-10-18 05:18:30:925 | DEBUG    | trade_logic.py            | stop_loss_book_profit_core | {} | 
2025-10-18 05:18:35:942 | DEBUG    | trade_logic.py            | stop_loss_book_profit_core | Evaluating open positions for stop-loss/book-profit... | 
2025-10-18 05:18:35:943 | DEBUG    | trade_logic.py            | stop_loss_book_profit_core | {} | 
2025-10-18 05:18:40:960 | DEBUG    | trade_logic.py            | stop_loss_book_profit_core | Evaluating open positions for stop-loss/book-profit... | 
2025-10-18 05:18:40:961 | DEBUG    | trade_logic.py            | stop_loss_book_profit_core | {} | 
2025-10-18 05:18:45:978 | DEBUG    | trade_logic.py            | stop_loss_book_profit_core | Evaluating open positions for stop-loss/book-profit... | 
2025-10-18 05:18:45:979 | DEBUG    | trade_logic.py            | stop_loss_book_profit_core | {} | 
2025-10-18 05:18:50:996 | DEBUG    | trade_logic.py            | stop_loss_book_profit_core | Evaluating open positions for stop-loss/book-profit... | 
2025-10-18 05:18:51:001 | DEBUG    | trade_logic.py            | stop_loss_book_profit_core | {} | 
2025-10-18 05:18:55:999 | DEBUG    | trade_logic.py            | stop_loss_book_profit_core | Evaluating open positions for stop-loss/book-profit... | 
2025-10-18 05:18:56:000 | DEBUG    | trade_logic.py            | stop_loss_book_profit_core | {} | 
2025-10-18 05:19:01:010 | DEBUG    | trade_logic.py            | stop_loss_book_profit_core | Evaluating open positions for stop-loss/book-profit... | 
2025-10-18 05:19:01:010 | DEBUG    | trade_logic.py            | stop_loss_book_profit_core | {} | 
2025-10-18 05:19:06:019 | DEBUG    | trade_logic.py            | stop_loss_book_profit_core | Evaluating open positions for stop-loss/book-profit... | 
2025-10-18 05:19:06:019 | DEBUG    | trade_logic.py            | stop_loss_book_profit_core | {} | 
2025-10-18 05:19:11:027 | DEBUG    | trade_logic.py            | stop_loss_book_profit_core | Evaluating open positions for stop-loss/book-profit... | 
2025-10-18 05:19:11:028 | DEBUG    | trade_logic.py            | stop_loss_book_profit_core | {} | 
2025-10-18 05:19:16:048 | DEBUG    | trade_logic.py            | stop_loss_book_profit_core | Evaluating open positions for stop-loss/book-profit... | 
2025-10-18 05:19:16:049 | DEBUG    | trade_logic.py            | stop_loss_book_profit_core | {} | 
2025-10-18 05:19:21:054 | DEBUG    | trade_logic.py            | stop_loss_book_profit_core | Evaluating open positions for stop-loss/book-profit... | 
2025-10-18 05:19:21:055 | DEBUG    | trade_logic.py            | stop_loss_book_profit_core | {} | 
2025-10-18 05:19:26:066 | DEBUG    | trade_logic.py            | stop_loss_book_profit_core | Evaluating open positions for stop-loss/book-profit... | 
2025-10-18 05:19:26:067 | DEBUG    | trade_logic.py            | stop_loss_book_profit_core | {} | 
2025-10-18 05:19:31:075 | DEBUG    | trade_logic.py            | stop_loss_book_profit_core | Evaluating open positions for stop-loss/book-profit... | 
2025-10-18 05:19:31:075 | DEBUG    | trade_logic.py            | stop_loss_book_profit_core | {} | 
2025-10-18 05:19:36:077 | DEBUG    | trade_logic.py            | stop_loss_book_profit_core | Evaluating open positions for stop-loss/book-profit... | 
2025-10-18 05:19:36:078 | DEBUG    | trade_logic.py            | stop_loss_book_profit_core | {} | 
2025-10-18 05:19:41:087 | DEBUG    | trade_logic.py            | stop_loss_book_profit_core | Evaluating open positions for stop-loss/book-profit... | 
2025-10-18 05:19:41:088 | DEBUG    | trade_logic.py            | stop_loss_book_profit_core | {} | 
2025-10-18 05:19:46:093 | DEBUG    | trade_logic.py            | stop_loss_book_profit_core | Evaluating open positions for stop-loss/book-profit... | 
2025-10-18 05:19:46:093 | DEBUG    | trade_logic.py            | stop_loss_book_profit_core | {} | 
2025-10-18 05:19:51:102 | DEBUG    | trade_logic.py            | stop_loss_book_profit_core | Evaluating open positions for stop-loss/book-profit... | 
2025-10-18 05:19:51:105 | DEBUG    | trade_logic.py            | stop_loss_book_profit_core | {} | 
2025-10-18 05:19:56:117 | DEBUG    | trade_logic.py            | stop_loss_book_profit_core | Evaluating open positions for stop-loss/book-profit... | 
2025-10-18 05:19:56:118 | DEBUG    | trade_logic.py            | stop_loss_book_profit_core | {} | 
2025-10-18 05:20:01:125 | DEBUG    | trade_logic.py            | stop_loss_book_profit_core | Evaluating open positions for stop-loss/book-profit... | 
2025-10-18 05:20:01:126 | DEBUG    | trade_logic.py            | stop_loss_book_profit_core | {} | 
2025-10-18 05:20:06:126 | DEBUG    | trade_logic.py            | stop_loss_book_profit_core | Evaluating open positions for stop-loss/book-profit... | 
2025-10-18 05:20:06:127 | DEBUG    | trade_logic.py            | stop_loss_book_profit_core | {} | 
2025-10-18 05:20:11:129 | DEBUG    | trade_logic.py            | stop_loss_book_profit_core | Evaluating open positions for stop-loss/book-profit... | 
2025-10-18 05:20:11:130 | DEBUG    | trade_logic.py            | stop_loss_book_profit_core | {} | 
2025-10-18 05:20:16:132 | DEBUG    | trade_logic.py            | stop_loss_book_profit_core | Evaluating open positions for stop-loss/book-profit... | 
2025-10-18 05:20:16:134 | DEBUG    | trade_logic.py            | stop_loss_book_profit_core | {} | 
2025-10-18 05:20:21:134 | DEBUG    | trade_logic.py            | stop_loss_book_profit_core | Evaluating open positions for stop-loss/book-profit... | 
2025-10-18 05:20:21:136 | DEBUG    | trade_logic.py            | stop_loss_book_profit_core | {} | 
2025-10-18 05:20:26:144 | DEBUG    | trade_logic.py            | stop_loss_book_profit_core | Evaluating open positions for stop-loss/book-profit... | 
2025-10-18 05:20:26:146 | DEBUG    | trade_logic.py            | stop_loss_book_profit_core | {} | 
2025-10-18 05:20:31:146 | DEBUG    | trade_logic.py            | stop_loss_book_profit_core | Evaluating open positions for stop-loss/book-profit... | 
2025-10-18 05:20:31:147 | DEBUG    | trade_logic.py            | stop_loss_book_profit_core | {} | 
2025-10-18 05:20:36:160 | DEBUG    | trade_logic.py            | stop_loss_book_profit_core | Evaluating open positions for stop-loss/book-profit... | 
2025-10-18 05:20:36:161 | DEBUG    | trade_logic.py            | stop_loss_book_profit_core | {} | 
2025-10-18 05:20:41:161 | DEBUG    | trade_logic.py            | stop_loss_book_profit_core | Evaluating open positions for stop-loss/book-profit... | 
2025-10-18 05:20:41:162 | DEBUG    | trade_logic.py            | stop_loss_book_profit_core | {} | 
2025-10-18 05:20:46:168 | DEBUG    | trade_logic.py            | stop_loss_book_profit_core | Evaluating open positions for stop-loss/book-profit... | 
2025-10-18 05:20:46:170 | DEBUG    | trade_logic.py            | stop_loss_book_profit_core | {} | 
2025-10-18 05:20:51:174 | DEBUG    | trade_logic.py            | stop_loss_book_profit_core | Evaluating open positions for stop-loss/book-profit... | 
2025-10-18 05:20:51:176 | DEBUG    | trade_logic.py            | stop_loss_book_profit_core | {} | 
2025-10-18 05:20:56:188 | DEBUG    | trade_logic.py            | stop_loss_book_profit_core | Evaluating open positions for stop-loss/book-profit... | 
2025-10-18 05:20:56:189 | DEBUG    | trade_logic.py            | stop_loss_book_profit_core | {} | 
2025-10-18 05:21:01:201 | DEBUG    | trade_logic.py            | stop_loss_book_profit_core | Evaluating open positions for stop-loss/book-profit... | 
2025-10-18 05:21:01:202 | DEBUG    | trade_logic.py            | stop_loss_book_profit_core | {} | 
2025-10-18 05:21:06:207 | DEBUG    | trade_logic.py            | stop_loss_book_profit_core | Evaluating open positions for stop-loss/book-profit... | 
2025-10-18 05:21:06:208 | DEBUG    | trade_logic.py            | stop_loss_book_profit_core | {} | 
2025-10-18 05:21:11:217 | DEBUG    | trade_logic.py            | stop_loss_book_profit_core | Evaluating open positions for stop-loss/book-profit... | 
2025-10-18 05:21:11:218 | DEBUG    | trade_logic.py            | stop_loss_book_profit_core | {} | 
2025-10-18 05:21:16:221 | DEBUG    | trade_logic.py            | stop_loss_book_profit_core | Evaluating open positions for stop-loss/book-profit... | 
2025-10-18 05:21:16:221 | DEBUG    | trade_logic.py            | stop_loss_book_profit_core | {} | 
2025-10-18 05:21:21:241 | DEBUG    | trade_logic.py            | stop_loss_book_profit_core | Evaluating open positions for stop-loss/book-profit... | 
2025-10-18 05:21:21:241 | DEBUG    | trade_logic.py            | stop_loss_book_profit_core | {} | 
2025-10-18 05:21:26:245 | DEBUG    | trade_logic.py            | stop_loss_book_profit_core | Evaluating open positions for stop-loss/book-profit... | 
2025-10-18 05:21:26:246 | DEBUG    | trade_logic.py            | stop_loss_book_profit_core | {} | 
2025-10-18 05:21:31:264 | DEBUG    | trade_logic.py            | stop_loss_book_profit_core | Evaluating open positions for stop-loss/book-profit... | 
2025-10-18 05:21:31:264 | DEBUG    | trade_logic.py            | stop_loss_book_profit_core | {} | 
2025-10-18 05:21:36:269 | DEBUG    | trade_logic.py            | stop_loss_book_profit_core | Evaluating open positions for stop-loss/book-profit... | 
2025-10-18 05:21:36:270 | DEBUG    | trade_logic.py            | stop_loss_book_profit_core | {} | 
2025-10-18 05:21:41:277 | DEBUG    | trade_logic.py            | stop_loss_book_profit_core | Evaluating open positions for stop-loss/book-profit... | 
2025-10-18 05:21:41:277 | DEBUG    | trade_logic.py            | stop_loss_book_profit_core | {} | 
2025-10-18 05:21:46:291 | DEBUG    | trade_logic.py            | stop_loss_book_profit_core | Evaluating open positions for stop-loss/book-profit... | 
2025-10-18 05:21:46:292 | DEBUG    | trade_logic.py            | stop_loss_book_profit_core | {} | 
2025-10-18 05:21:51:303 | DEBUG    | trade_logic.py            | stop_loss_book_profit_core | Evaluating open positions for stop-loss/book-profit... | 
2025-10-18 05:21:51:305 | DEBUG    | trade_logic.py            | stop_loss_book_profit_core | {} | 
2025-10-18 05:21:56:318 | DEBUG    | trade_logic.py            | stop_loss_book_profit_core | Evaluating open positions for stop-loss/book-profit... | 
2025-10-18 05:21:56:319 | DEBUG    | trade_logic.py            | stop_loss_book_profit_core | {} | 
2025-10-18 05:22:01:320 | DEBUG    | trade_logic.py            | stop_loss_book_profit_core | Evaluating open positions for stop-loss/book-profit... | 
2025-10-18 05:22:01:321 | DEBUG    | trade_logic.py            | stop_loss_book_profit_core | {} | 
2025-10-18 05:22:06:339 | DEBUG    | trade_logic.py            | stop_loss_book_profit_core | Evaluating open positions for stop-loss/book-profit... | 
2025-10-18 05:22:06:341 | DEBUG    | trade_logic.py            | stop_loss_book_profit_core | {} | 
2025-10-18 05:22:11:340 | DEBUG    | trade_logic.py            | stop_loss_book_profit_core | Evaluating open positions for stop-loss/book-profit... | 
2025-10-18 05:22:11:340 | DEBUG    | trade_logic.py            | stop_loss_book_profit_core | {} | 
2025-10-18 05:22:16:347 | DEBUG    | trade_logic.py            | stop_loss_book_profit_core | Evaluating open positions for stop-loss/book-profit... | 
2025-10-18 05:22:16:349 | DEBUG    | trade_logic.py            | stop_loss_book_profit_core | {} | 
2025-10-18 05:22:21:351 | DEBUG    | trade_logic.py            | stop_loss_book_profit_core | Evaluating open positions for stop-loss/book-profit... | 
2025-10-18 05:22:21:352 | DEBUG    | trade_logic.py            | stop_loss_book_profit_core | {} | 
2025-10-18 05:22:26:356 | DEBUG    | trade_logic.py            | stop_loss_book_profit_core | Evaluating open positions for stop-loss/book-profit... | 
2025-10-18 05:22:26:357 | DEBUG    | trade_logic.py            | stop_loss_book_profit_core | {} | 
2025-10-18 05:22:31:361 | DEBUG    | trade_logic.py            | stop_loss_book_profit_core | Evaluating open positions for stop-loss/book-profit... | 
2025-10-18 05:22:31:362 | DEBUG    | trade_logic.py            | stop_loss_book_profit_core | {} | 
2025-10-18 05:22:36:364 | DEBUG    | trade_logic.py            | stop_loss_book_profit_core | Evaluating open positions for stop-loss/book-profit... | 
2025-10-18 05:22:36:366 | DEBUG    | trade_logic.py            | stop_loss_book_profit_core | {} | 
2025-10-18 05:22:41:370 | DEBUG    | trade_logic.py            | stop_loss_book_profit_core | Evaluating open positions for stop-loss/book-profit... | 
2025-10-18 05:22:41:373 | DEBUG    | trade_logic.py            | stop_loss_book_profit_core | {} | 
2025-10-18 05:22:46:392 | DEBUG    | trade_logic.py            | stop_loss_book_profit_core | Evaluating open positions for stop-loss/book-profit... | 
2025-10-18 05:22:46:392 | DEBUG    | trade_logic.py            | stop_loss_book_profit_core | {} | 
2025-10-18 05:22:51:412 | DEBUG    | trade_logic.py            | stop_loss_book_profit_core | Evaluating open positions for stop-loss/book-profit... | 
2025-10-18 05:22:51:413 | DEBUG    | trade_logic.py            | stop_loss_book_profit_core | {} | 
2025-10-18 05:22:56:433 | DEBUG    | trade_logic.py            | stop_loss_book_profit_core | Evaluating open positions for stop-loss/book-profit... | 
2025-10-18 05:22:56:435 | DEBUG    | trade_logic.py            | stop_loss_book_profit_core | {} | 
2025-10-18 05:23:01:434 | DEBUG    | trade_logic.py            | stop_loss_book_profit_core | Evaluating open positions for stop-loss/book-profit... | 
2025-10-18 05:23:01:434 | DEBUG    | trade_logic.py            | stop_loss_book_profit_core | {} | 
2025-10-18 05:23:06:438 | DEBUG    | trade_logic.py            | stop_loss_book_profit_core | Evaluating open positions for stop-loss/book-profit... | 
2025-10-18 05:23:06:439 | DEBUG    | trade_logic.py            | stop_loss_book_profit_core | {} | 
2025-10-18 05:23:11:450 | DEBUG    | trade_logic.py            | stop_loss_book_profit_core | Evaluating open positions for stop-loss/book-profit... | 
2025-10-18 05:23:11:451 | DEBUG    | trade_logic.py            | stop_loss_book_profit_core | {} | 
2025-10-18 05:23:16:470 | DEBUG    | trade_logic.py            | stop_loss_book_profit_core | Evaluating open positions for stop-loss/book-profit... | 
2025-10-18 05:23:16:470 | DEBUG    | trade_logic.py            | stop_loss_book_profit_core | {} | 
2025-10-18 05:23:21:473 | DEBUG    | trade_logic.py            | stop_loss_book_profit_core | Evaluating open positions for stop-loss/book-profit... | 
2025-10-18 05:23:21:474 | DEBUG    | trade_logic.py            | stop_loss_book_profit_core | {} | 
2025-10-18 05:23:26:490 | DEBUG    | trade_logic.py            | stop_loss_book_profit_core | Evaluating open positions for stop-loss/book-profit... | 
2025-10-18 05:23:26:491 | DEBUG    | trade_logic.py            | stop_loss_book_profit_core | {} | 
2025-10-18 05:23:31:510 | DEBUG    | trade_logic.py            | stop_loss_book_profit_core | Evaluating open positions for stop-loss/book-profit... | 
2025-10-18 05:23:31:510 | DEBUG    | trade_logic.py            | stop_loss_book_profit_core | {} | 
2025-10-18 05:23:36:514 | DEBUG    | trade_logic.py            | stop_loss_book_profit_core | Evaluating open positions for stop-loss/book-profit... | 
2025-10-18 05:23:36:515 | DEBUG    | trade_logic.py            | stop_loss_book_profit_core | {} | 
2025-10-18 05:23:41:527 | DEBUG    | trade_logic.py            | stop_loss_book_profit_core | Evaluating open positions for stop-loss/book-profit... | 
2025-10-18 05:23:41:527 | DEBUG    | trade_logic.py            | stop_loss_book_profit_core | {} | 
2025-10-18 05:23:46:540 | DEBUG    | trade_logic.py            | stop_loss_book_profit_core | Evaluating open positions for stop-loss/book-profit... | 
2025-10-18 05:23:46:541 | DEBUG    | trade_logic.py            | stop_loss_book_profit_core | {} | 
2025-10-18 05:23:51:554 | DEBUG    | trade_logic.py            | stop_loss_book_profit_core | Evaluating open positions for stop-loss/book-profit... | 
2025-10-18 05:23:51:555 | DEBUG    | trade_logic.py            | stop_loss_book_profit_core | {} | 
2025-10-18 05:23:56:566 | DEBUG    | trade_logic.py            | stop_loss_book_profit_core | Evaluating open positions for stop-loss/book-profit... | 
2025-10-18 05:23:56:568 | DEBUG    | trade_logic.py            | stop_loss_book_profit_core | {} | 
2025-10-18 05:24:01:583 | DEBUG    | trade_logic.py            | stop_loss_book_profit_core | Evaluating open positions for stop-loss/book-profit... | 
2025-10-18 05:24:01:585 | DEBUG    | trade_logic.py            | stop_loss_book_profit_core | {} | 
2025-10-18 05:24:06:588 | DEBUG    | trade_logic.py            | stop_loss_book_profit_core | Evaluating open positions for stop-loss/book-profit... | 
2025-10-18 05:24:06:589 | DEBUG    | trade_logic.py            | stop_loss_book_profit_core | {} | 
2025-10-18 05:24:11:597 | DEBUG    | trade_logic.py            | stop_loss_book_profit_core | Evaluating open positions for stop-loss/book-profit... | 
2025-10-18 05:24:11:598 | DEBUG    | trade_logic.py            | stop_loss_book_profit_core | {} | 
2025-10-18 05:24:16:466 | INFO     | trade_logic.py            | handle_disconnect         | Client disconnected. | 
2025-10-18 05:24:16:508 | INFO     | server.py                 | dashboard                 | Rendering buy dashboard page | 
2025-10-18 05:24:16:604 | DEBUG    | trade_logic.py            | stop_loss_book_profit_core | Evaluating open positions for stop-loss/book-profit... | 
2025-10-18 05:24:16:605 | DEBUG    | trade_logic.py            | stop_loss_book_profit_core | {} | 
2025-10-18 05:24:16:721 | INFO     | server.py                 | get_fund_summary          | Fetching fund summary | 
2025-10-18 05:24:16:736 | INFO     | trade_logic.py            | handle_connect            | Client connected to socket server. | 
2025-10-18 05:24:16:766 | INFO     | trade_logic.py            | handle_request_weekly_options | Received 'request_weekly_options' from client. Sending weekly contracts... | 
2025-10-18 05:24:16:774 | INFO     | trade_logic.py            | handle_request_open_positions | Received 'request_open_positions' from client. Sending position data... | 
2025-10-18 05:24:16:971 | ERROR    | kite_adapter.py           | fetch_fund_summary        | Kite fund summary error : Incorrect `api_key` or `access_token`. | 
2025-10-18 05:24:16:972 | DATA     | server.py                 | get_fund_summary          | Fund Summary: None | 
2025-10-18 05:24:21:615 | DEBUG    | trade_logic.py            | stop_loss_book_profit_core | Evaluating open positions for stop-loss/book-profit... | 
2025-10-18 05:24:21:617 | DEBUG    | trade_logic.py            | stop_loss_book_profit_core | {} | 
2025-10-18 05:24:26:633 | DEBUG    | trade_logic.py            | stop_loss_book_profit_core | Evaluating open positions for stop-loss/book-profit... | 
2025-10-18 05:24:26:634 | DEBUG    | trade_logic.py            | stop_loss_book_profit_core | {} | 
2025-10-18 05:24:31:654 | DEBUG    | trade_logic.py            | stop_loss_book_profit_core | Evaluating open positions for stop-loss/book-profit... | 
2025-10-18 05:24:31:657 | DEBUG    | trade_logic.py            | stop_loss_book_profit_core | {} | 
2025-10-18 05:24:36:676 | DEBUG    | trade_logic.py            | stop_loss_book_profit_core | Evaluating open positions for stop-loss/book-profit... | 
2025-10-18 05:24:36:679 | DEBUG    | trade_logic.py            | stop_loss_book_profit_core | {} | 
2025-10-18 05:24:41:697 | DEBUG    | trade_logic.py            | stop_loss_book_profit_core | Evaluating open positions for stop-loss/book-profit... | 
2025-10-18 05:24:41:699 | DEBUG    | trade_logic.py            | stop_loss_book_profit_core | {} | 
2025-10-18 05:24:46:715 | DEBUG    | trade_logic.py            | stop_loss_book_profit_core | Evaluating open positions for stop-loss/book-profit... | 
2025-10-18 05:24:46:717 | DEBUG    | trade_logic.py            | stop_loss_book_profit_core | {} | 
2025-10-18 05:24:51:733 | DEBUG    | trade_logic.py            | stop_loss_book_profit_core | Evaluating open positions for stop-loss/book-profit... | 
2025-10-18 05:24:51:734 | DEBUG    | trade_logic.py            | stop_loss_book_profit_core | {} | 
2025-10-18 05:24:56:752 | DEBUG    | trade_logic.py            | stop_loss_book_profit_core | Evaluating open positions for stop-loss/book-profit... | 
2025-10-18 05:24:56:753 | DEBUG    | trade_logic.py            | stop_loss_book_profit_core | {} | 
2025-10-18 05:25:01:766 | DEBUG    | trade_logic.py            | stop_loss_book_profit_core | Evaluating open positions for stop-loss/book-profit... | 
2025-10-18 05:25:01:767 | DEBUG    | trade_logic.py            | stop_loss_book_profit_core | {} | 
2025-10-18 05:25:06:770 | DEBUG    | trade_logic.py            | stop_loss_book_profit_core | Evaluating open positions for stop-loss/book-profit... | 
2025-10-18 05:25:06:770 | DEBUG    | trade_logic.py            | stop_loss_book_profit_core | {} | 
2025-10-18 05:25:11:784 | DEBUG    | trade_logic.py            | stop_loss_book_profit_core | Evaluating open positions for stop-loss/book-profit... | 
2025-10-18 05:25:11:787 | DEBUG    | trade_logic.py            | stop_loss_book_profit_core | {} | 
2025-10-18 05:25:16:789 | DEBUG    | trade_logic.py            | stop_loss_book_profit_core | Evaluating open positions for stop-loss/book-profit... | 
2025-10-18 05:25:16:791 | DEBUG    | trade_logic.py            | stop_loss_book_profit_core | {} | 
2025-10-18 05:25:21:794 | DEBUG    | trade_logic.py            | stop_loss_book_profit_core | Evaluating open positions for stop-loss/book-profit... | 
2025-10-18 05:25:21:796 | DEBUG    | trade_logic.py            | stop_loss_book_profit_core | {} | 
2025-10-18 05:25:26:796 | DEBUG    | trade_logic.py            | stop_loss_book_profit_core | Evaluating open positions for stop-loss/book-profit... | 
2025-10-18 05:25:26:798 | DEBUG    | trade_logic.py            | stop_loss_book_profit_core | {} | 
2025-10-18 05:25:31:797 | DEBUG    | trade_logic.py            | stop_loss_book_profit_core | Evaluating open positions for stop-loss/book-profit... | 
2025-10-18 05:25:31:798 | DEBUG    | trade_logic.py            | stop_loss_book_profit_core | {} | 
2025-10-18 05:25:36:799 | DEBUG    | trade_logic.py            | stop_loss_book_profit_core | Evaluating open positions for stop-loss/book-profit... | 
2025-10-18 05:25:36:800 | DEBUG    | trade_logic.py            | stop_loss_book_profit_core | {} | 
2025-10-18 05:25:41:817 | DEBUG    | trade_logic.py            | stop_loss_book_profit_core | Evaluating open positions for stop-loss/book-profit... | 
2025-10-18 05:25:41:818 | DEBUG    | trade_logic.py            | stop_loss_book_profit_core | {} | 
2025-10-18 05:25:46:835 | DEBUG    | trade_logic.py            | stop_loss_book_profit_core | Evaluating open positions for stop-loss/book-profit... | 
2025-10-18 05:25:46:835 | DEBUG    | trade_logic.py            | stop_loss_book_profit_core | {} | 
2025-10-18 05:25:51:853 | DEBUG    | trade_logic.py            | stop_loss_book_profit_core | Evaluating open positions for stop-loss/book-profit... | 
2025-10-18 05:25:51:854 | DEBUG    | trade_logic.py            | stop_loss_book_profit_core | {} | 
2025-10-18 05:25:56:873 | DEBUG    | trade_logic.py            | stop_loss_book_profit_core | Evaluating open positions for stop-loss/book-profit... | 
2025-10-18 05:25:56:874 | DEBUG    | trade_logic.py            | stop_loss_book_profit_core | {} | 
2025-10-18 05:26:01:882 | DEBUG    | trade_logic.py            | stop_loss_book_profit_core | Evaluating open positions for stop-loss/book-profit... | 
2025-10-18 05:26:01:882 | DEBUG    | trade_logic.py            | stop_loss_book_profit_core | {} | 
2025-10-18 05:26:06:885 | DEBUG    | trade_logic.py            | stop_loss_book_profit_core | Evaluating open positions for stop-loss/book-profit... | 
2025-10-18 05:26:06:887 | DEBUG    | trade_logic.py            | stop_loss_book_profit_core | {} | 
2025-10-18 05:26:11:885 | DEBUG    | trade_logic.py            | stop_loss_book_profit_core | Evaluating open positions for stop-loss/book-profit... | 
2025-10-18 05:26:11:886 | DEBUG    | trade_logic.py            | stop_loss_book_profit_core | {} | 
2025-10-18 05:26:16:887 | DEBUG    | trade_logic.py            | stop_loss_book_profit_core | Evaluating open positions for stop-loss/book-profit... | 
2025-10-18 05:26:16:888 | DEBUG    | trade_logic.py            | stop_loss_book_profit_core | {} | 
2025-10-18 05:26:21:888 | DEBUG    | trade_logic.py            | stop_loss_book_profit_core | Evaluating open positions for stop-loss/book-profit... | 
2025-10-18 05:26:21:888 | DEBUG    | trade_logic.py            | stop_loss_book_profit_core | {} | 
2025-10-18 05:26:26:893 | DEBUG    | trade_logic.py            | stop_loss_book_profit_core | Evaluating open positions for stop-loss/book-profit... | 
2025-10-18 05:26:26:894 | DEBUG    | trade_logic.py            | stop_loss_book_profit_core | {} | 
2025-10-18 05:26:31:894 | DEBUG    | trade_logic.py            | stop_loss_book_profit_core | Evaluating open positions for stop-loss/book-profit... | 
2025-10-18 05:26:31:894 | DEBUG    | trade_logic.py            | stop_loss_book_profit_core | {} | 
2025-10-18 05:26:36:897 | DEBUG    | trade_logic.py            | stop_loss_book_profit_core | Evaluating open positions for stop-loss/book-profit... | 
2025-10-18 05:26:36:899 | DEBUG    | trade_logic.py            | stop_loss_book_profit_core | {} | 
2025-10-18 05:26:41:906 | DEBUG    | trade_logic.py            | stop_loss_book_profit_core | Evaluating open positions for stop-loss/book-profit... | 
2025-10-18 05:26:41:907 | DEBUG    | trade_logic.py            | stop_loss_book_profit_core | {} | 
2025-10-18 05:26:46:911 | DEBUG    | trade_logic.py            | stop_loss_book_profit_core | Evaluating open positions for stop-loss/book-profit... | 
2025-10-18 05:26:46:913 | DEBUG    | trade_logic.py            | stop_loss_book_profit_core | {} | 
2025-10-18 05:26:51:913 | DEBUG    | trade_logic.py            | stop_loss_book_profit_core | Evaluating open positions for stop-loss/book-profit... | 
2025-10-18 05:26:51:915 | DEBUG    | trade_logic.py            | stop_loss_book_profit_core | {} | 
2025-10-18 05:26:56:918 | DEBUG    | trade_logic.py            | stop_loss_book_profit_core | Evaluating open positions for stop-loss/book-profit... | 
2025-10-18 05:26:56:920 | DEBUG    | trade_logic.py            | stop_loss_book_profit_core | {} | 
2025-10-18 05:27:01:920 | DEBUG    | trade_logic.py            | stop_loss_book_profit_core | Evaluating open positions for stop-loss/book-profit... | 
2025-10-18 05:27:01:920 | DEBUG    | trade_logic.py            | stop_loss_book_profit_core | {} | 
2025-10-18 05:27:06:924 | DEBUG    | trade_logic.py            | stop_loss_book_profit_core | Evaluating open positions for stop-loss/book-profit... | 
2025-10-18 05:27:06:925 | DEBUG    | trade_logic.py            | stop_loss_book_profit_core | {} | 
2025-10-18 05:27:11:940 | DEBUG    | trade_logic.py            | stop_loss_book_profit_core | Evaluating open positions for stop-loss/book-profit... | 
2025-10-18 05:27:11:941 | DEBUG    | trade_logic.py            | stop_loss_book_profit_core | {} | 
2025-10-18 05:27:16:941 | DEBUG    | trade_logic.py            | stop_loss_book_profit_core | Evaluating open positions for stop-loss/book-profit... | 
2025-10-18 05:27:16:942 | DEBUG    | trade_logic.py            | stop_loss_book_profit_core | {} | 
2025-10-18 05:27:21:943 | DEBUG    | trade_logic.py            | stop_loss_book_profit_core | Evaluating open positions for stop-loss/book-profit... | 
2025-10-18 05:27:21:945 | DEBUG    | trade_logic.py            | stop_loss_book_profit_core | {} | 
2025-10-18 05:27:26:948 | DEBUG    | trade_logic.py            | stop_loss_book_profit_core | Evaluating open positions for stop-loss/book-profit... | 
2025-10-18 05:27:26:950 | DEBUG    | trade_logic.py            | stop_loss_book_profit_core | {} | 
2025-10-18 05:27:31:950 | DEBUG    | trade_logic.py            | stop_loss_book_profit_core | Evaluating open positions for stop-loss/book-profit... | 
2025-10-18 05:27:31:951 | DEBUG    | trade_logic.py            | stop_loss_book_profit_core | {} | 
2025-10-18 05:27:36:890 | INFO     | trade_logic.py            | handle_disconnect         | Client disconnected. | 
2025-10-18 05:27:36:943 | INFO     | server.py                 | dashboard                 | Rendering buy dashboard page | 
2025-10-18 05:27:36:964 | DEBUG    | trade_logic.py            | stop_loss_book_profit_core | Evaluating open positions for stop-loss/book-profit... | 
2025-10-18 05:27:36:966 | DEBUG    | trade_logic.py            | stop_loss_book_profit_core | {} | 
2025-10-18 05:27:37:155 | INFO     | server.py                 | get_fund_summary          | Fetching fund summary | 
2025-10-18 05:27:37:172 | INFO     | trade_logic.py            | handle_connect            | Client connected to socket server. | 
2025-10-18 05:27:37:200 | INFO     | trade_logic.py            | handle_request_weekly_options | Received 'request_weekly_options' from client. Sending weekly contracts... | 
2025-10-18 05:27:37:206 | INFO     | trade_logic.py            | handle_request_open_positions | Received 'request_open_positions' from client. Sending position data... | 
2025-10-18 05:27:37:335 | ERROR    | kite_adapter.py           | fetch_fund_summary        | Kite fund summary error : Incorrect `api_key` or `access_token`. | 
2025-10-18 05:27:37:336 | DATA     | server.py                 | get_fund_summary          | Fund Summary: None | 
2025-10-18 05:27:41:982 | DEBUG    | trade_logic.py            | stop_loss_book_profit_core | Evaluating open positions for stop-loss/book-profit... | 
2025-10-18 05:27:41:983 | DEBUG    | trade_logic.py            | stop_loss_book_profit_core | {} | 
2025-10-18 05:27:46:989 | DEBUG    | trade_logic.py            | stop_loss_book_profit_core | Evaluating open positions for stop-loss/book-profit... | 
2025-10-18 05:27:46:990 | DEBUG    | trade_logic.py            | stop_loss_book_profit_core | {} | 
2025-10-18 05:27:48:363 | INFO     | trade_logic.py            | handle_disconnect         | Client disconnected. | 
2025-10-18 05:27:48:384 | INFO     | server.py                 | dashboard                 | Rendering buy dashboard page | 
2025-10-18 05:27:48:548 | INFO     | server.py                 | get_fund_summary          | Fetching fund summary | 
2025-10-18 05:27:48:550 | INFO     | trade_logic.py            | handle_connect            | Client connected to socket server. | 
2025-10-18 05:27:48:576 | INFO     | trade_logic.py            | handle_request_weekly_options | Received 'request_weekly_options' from client. Sending weekly contracts... | 
2025-10-18 05:27:48:583 | INFO     | trade_logic.py            | handle_request_open_positions | Received 'request_open_positions' from client. Sending position data... | 
2025-10-18 05:27:48:703 | ERROR    | kite_adapter.py           | fetch_fund_summary        | Kite fund summary error : Incorrect `api_key` or `access_token`. | 
2025-10-18 05:27:48:704 | DATA     | server.py                 | get_fund_summary          | Fund Summary: None | 
2025-10-18 05:27:51:993 | DEBUG    | trade_logic.py            | stop_loss_book_profit_core | Evaluating open positions for stop-loss/book-profit... | 
2025-10-18 05:27:51:993 | DEBUG    | trade_logic.py            | stop_loss_book_profit_core | {} | 
2025-10-18 05:27:57:008 | DEBUG    | trade_logic.py            | stop_loss_book_profit_core | Evaluating open positions for stop-loss/book-profit... | 
2025-10-18 05:27:57:009 | DEBUG    | trade_logic.py            | stop_loss_book_profit_core | {} | 
2025-10-18 05:28:02:021 | DEBUG    | trade_logic.py            | stop_loss_book_profit_core | Evaluating open positions for stop-loss/book-profit... | 
2025-10-18 05:28:02:023 | DEBUG    | trade_logic.py            | stop_loss_book_profit_core | {} | 
2025-10-18 05:28:05:419 | INFO     | trade_logic.py            | handle_disconnect         | Client disconnected. | 
2025-10-18 05:28:05:430 | INFO     | server.py                 | dashboard                 | Rendering buy dashboard page | 
2025-10-18 05:28:05:563 | INFO     | server.py                 | get_fund_summary          | Fetching fund summary | 
2025-10-18 05:28:05:577 | INFO     | trade_logic.py            | handle_connect            | Client connected to socket server. | 
2025-10-18 05:28:05:598 | INFO     | trade_logic.py            | handle_request_weekly_options | Received 'request_weekly_options' from client. Sending weekly contracts... | 
2025-10-18 05:28:05:614 | INFO     | trade_logic.py            | handle_request_open_positions | Received 'request_open_positions' from client. Sending position data... | 
2025-10-18 05:28:05:700 | ERROR    | kite_adapter.py           | fetch_fund_summary        | Kite fund summary error : Incorrect `api_key` or `access_token`. | 
2025-10-18 05:28:05:703 | DATA     | server.py                 | get_fund_summary          | Fund Summary: None | 
2025-10-18 05:28:07:023 | DEBUG    | trade_logic.py            | stop_loss_book_profit_core | Evaluating open positions for stop-loss/book-profit... | 
2025-10-18 05:28:07:024 | DEBUG    | trade_logic.py            | stop_loss_book_profit_core | {} | 
2025-10-18 05:28:12:037 | DEBUG    | trade_logic.py            | stop_loss_book_profit_core | Evaluating open positions for stop-loss/book-profit... | 
2025-10-18 05:28:12:038 | DEBUG    | trade_logic.py            | stop_loss_book_profit_core | {} | 
2025-10-18 05:28:17:041 | DEBUG    | trade_logic.py            | stop_loss_book_profit_core | Evaluating open positions for stop-loss/book-profit... | 
2025-10-18 05:28:17:042 | DEBUG    | trade_logic.py            | stop_loss_book_profit_core | {} | 
2025-10-18 05:28:22:047 | DEBUG    | trade_logic.py            | stop_loss_book_profit_core | Evaluating open positions for stop-loss/book-profit... | 
2025-10-18 05:28:22:048 | DEBUG    | trade_logic.py            | stop_loss_book_profit_core | {} | 
2025-10-18 05:28:27:062 | DEBUG    | trade_logic.py            | stop_loss_book_profit_core | Evaluating open positions for stop-loss/book-profit... | 
2025-10-18 05:28:27:063 | DEBUG    | trade_logic.py            | stop_loss_book_profit_core | {} | 
2025-10-18 05:28:32:084 | DEBUG    | trade_logic.py            | stop_loss_book_profit_core | Evaluating open positions for stop-loss/book-profit... | 
2025-10-18 05:28:32:085 | DEBUG    | trade_logic.py            | stop_loss_book_profit_core | {} | 
2025-10-18 05:28:37:103 | DEBUG    | trade_logic.py            | stop_loss_book_profit_core | Evaluating open positions for stop-loss/book-profit... | 
2025-10-18 05:28:37:104 | DEBUG    | trade_logic.py            | stop_loss_book_profit_core | {} | 
2025-10-18 05:28:42:113 | DEBUG    | trade_logic.py            | stop_loss_book_profit_core | Evaluating open positions for stop-loss/book-profit... | 
2025-10-18 05:28:42:114 | DEBUG    | trade_logic.py            | stop_loss_book_profit_core | {} | 
2025-10-18 05:28:47:115 | DEBUG    | trade_logic.py            | stop_loss_book_profit_core | Evaluating open positions for stop-loss/book-profit... | 
2025-10-18 05:28:47:116 | DEBUG    | trade_logic.py            | stop_loss_book_profit_core | {} | 
2025-10-18 05:28:52:130 | DEBUG    | trade_logic.py            | stop_loss_book_profit_core | Evaluating open positions for stop-loss/book-profit... | 
2025-10-18 05:28:52:131 | DEBUG    | trade_logic.py            | stop_loss_book_profit_core | {} | 
2025-10-18 05:28:57:131 | DEBUG    | trade_logic.py            | stop_loss_book_profit_core | Evaluating open positions for stop-loss/book-profit... | 
2025-10-18 05:28:57:131 | DEBUG    | trade_logic.py            | stop_loss_book_profit_core | {} | 
2025-10-18 05:29:02:133 | DEBUG    | trade_logic.py            | stop_loss_book_profit_core | Evaluating open positions for stop-loss/book-profit... | 
2025-10-18 05:29:02:133 | DEBUG    | trade_logic.py            | stop_loss_book_profit_core | {} | 
2025-10-18 05:29:07:149 | DEBUG    | trade_logic.py            | stop_loss_book_profit_core | Evaluating open positions for stop-loss/book-profit... | 
2025-10-18 05:29:07:150 | DEBUG    | trade_logic.py            | stop_loss_book_profit_core | {} | 
2025-10-18 05:29:12:163 | DEBUG    | trade_logic.py            | stop_loss_book_profit_core | Evaluating open positions for stop-loss/book-profit... | 
2025-10-18 05:29:12:164 | DEBUG    | trade_logic.py            | stop_loss_book_profit_core | {} | 
2025-10-18 05:29:17:178 | DEBUG    | trade_logic.py            | stop_loss_book_profit_core | Evaluating open positions for stop-loss/book-profit... | 
2025-10-18 05:29:17:179 | DEBUG    | trade_logic.py            | stop_loss_book_profit_core | {} | 
2025-10-18 05:29:17:580 | INFO     | trade_logic.py            | handle_disconnect         | Client disconnected. | 
2025-10-18 05:29:17:620 | INFO     | server.py                 | dashboard                 | Rendering buy dashboard page | 
2025-10-18 05:29:17:758 | INFO     | server.py                 | get_fund_summary          | Fetching fund summary | 
2025-10-18 05:29:17:776 | INFO     | trade_logic.py            | handle_connect            | Client connected to socket server. | 
2025-10-18 05:29:17:798 | INFO     | trade_logic.py            | handle_request_weekly_options | Received 'request_weekly_options' from client. Sending weekly contracts... | 
2025-10-18 05:29:17:807 | INFO     | trade_logic.py            | handle_request_open_positions | Received 'request_open_positions' from client. Sending position data... | 
2025-10-18 05:29:17:891 | ERROR    | kite_adapter.py           | fetch_fund_summary        | Kite fund summary error : Incorrect `api_key` or `access_token`. | 
2025-10-18 05:29:17:892 | DATA     | server.py                 | get_fund_summary          | Fund Summary: None | 
2025-10-18 05:29:22:181 | DEBUG    | trade_logic.py            | stop_loss_book_profit_core | Evaluating open positions for stop-loss/book-profit... | 
2025-10-18 05:29:22:182 | DEBUG    | trade_logic.py            | stop_loss_book_profit_core | {} | 
2025-10-18 05:29:27:191 | DEBUG    | trade_logic.py            | stop_loss_book_profit_core | Evaluating open positions for stop-loss/book-profit... | 
2025-10-18 05:29:27:192 | DEBUG    | trade_logic.py            | stop_loss_book_profit_core | {} | 
2025-10-18 05:29:32:197 | DEBUG    | trade_logic.py            | stop_loss_book_profit_core | Evaluating open positions for stop-loss/book-profit... | 
2025-10-18 05:29:32:198 | DEBUG    | trade_logic.py            | stop_loss_book_profit_core | {} | 
2025-10-18 05:29:33:780 | INFO     | trade_logic.py            | handle_disconnect         | Client disconnected. | 
2025-10-18 05:29:33:791 | INFO     | server.py                 | dashboard                 | Rendering buy dashboard page | 
2025-10-18 05:29:33:920 | INFO     | server.py                 | get_fund_summary          | Fetching fund summary | 
2025-10-18 05:29:33:938 | INFO     | trade_logic.py            | handle_connect            | Client connected to socket server. | 
2025-10-18 05:29:33:957 | INFO     | trade_logic.py            | handle_request_weekly_options | Received 'request_weekly_options' from client. Sending weekly contracts... | 
2025-10-18 05:29:33:969 | INFO     | trade_logic.py            | handle_request_open_positions | Received 'request_open_positions' from client. Sending position data... | 
2025-10-18 05:29:34:071 | ERROR    | kite_adapter.py           | fetch_fund_summary        | Kite fund summary error : Incorrect `api_key` or `access_token`. | 
2025-10-18 05:29:34:071 | DATA     | server.py                 | get_fund_summary          | Fund Summary: None | 
2025-10-18 05:29:37:198 | DEBUG    | trade_logic.py            | stop_loss_book_profit_core | Evaluating open positions for stop-loss/book-profit... | 
2025-10-18 05:29:37:199 | DEBUG    | trade_logic.py            | stop_loss_book_profit_core | {} | 
2025-10-18 05:29:42:205 | DEBUG    | trade_logic.py            | stop_loss_book_profit_core | Evaluating open positions for stop-loss/book-profit... | 
2025-10-18 05:29:42:207 | DEBUG    | trade_logic.py            | stop_loss_book_profit_core | {} | 
2025-10-18 05:29:47:209 | DEBUG    | trade_logic.py            | stop_loss_book_profit_core | Evaluating open positions for stop-loss/book-profit... | 
2025-10-18 05:29:47:211 | DEBUG    | trade_logic.py            | stop_loss_book_profit_core | {} | 
2025-10-18 05:29:52:212 | DEBUG    | trade_logic.py            | stop_loss_book_profit_core | Evaluating open positions for stop-loss/book-profit... | 
2025-10-18 05:29:52:214 | DEBUG    | trade_logic.py            | stop_loss_book_profit_core | {} | 
2025-10-18 05:29:57:214 | DEBUG    | trade_logic.py            | stop_loss_book_profit_core | Evaluating open positions for stop-loss/book-profit... | 
2025-10-18 05:29:57:214 | DEBUG    | trade_logic.py            | stop_loss_book_profit_core | {} | 
2025-10-18 05:30:02:214 | DEBUG    | trade_logic.py            | stop_loss_book_profit_core | Evaluating open positions for stop-loss/book-profit... | 
2025-10-18 05:30:02:215 | DEBUG    | trade_logic.py            | stop_loss_book_profit_core | {} | 
2025-10-18 05:30:07:232 | DEBUG    | trade_logic.py            | stop_loss_book_profit_core | Evaluating open positions for stop-loss/book-profit... | 
2025-10-18 05:30:07:233 | DEBUG    | trade_logic.py            | stop_loss_book_profit_core | {} | 
2025-10-18 05:30:12:234 | DEBUG    | trade_logic.py            | stop_loss_book_profit_core | Evaluating open positions for stop-loss/book-profit... | 
2025-10-18 05:30:12:235 | DEBUG    | trade_logic.py            | stop_loss_book_profit_core | {} | 
2025-10-18 05:30:16:931 | INFO     | trade_logic.py            | handle_disconnect         | Client disconnected. | 
2025-10-18 05:30:16:981 | INFO     | server.py                 | dashboard                 | Rendering buy dashboard page | 
2025-10-18 05:30:17:127 | INFO     | server.py                 | get_fund_summary          | Fetching fund summary | 
2025-10-18 05:30:17:138 | INFO     | trade_logic.py            | handle_connect            | Client connected to socket server. | 
2025-10-18 05:30:17:163 | INFO     | trade_logic.py            | handle_request_weekly_options | Received 'request_weekly_options' from client. Sending weekly contracts... | 
2025-10-18 05:30:17:171 | INFO     | trade_logic.py            | handle_request_open_positions | Received 'request_open_positions' from client. Sending position data... | 
2025-10-18 05:30:17:236 | DEBUG    | trade_logic.py            | stop_loss_book_profit_core | Evaluating open positions for stop-loss/book-profit... | 
2025-10-18 05:30:17:238 | DEBUG    | trade_logic.py            | stop_loss_book_profit_core | {} | 
2025-10-18 05:30:17:299 | ERROR    | kite_adapter.py           | fetch_fund_summary        | Kite fund summary error : Incorrect `api_key` or `access_token`. | 
2025-10-18 05:30:17:300 | DATA     | server.py                 | get_fund_summary          | Fund Summary: None | 
2025-10-18 05:30:22:248 | DEBUG    | trade_logic.py            | stop_loss_book_profit_core | Evaluating open positions for stop-loss/book-profit... | 
2025-10-18 05:30:22:248 | DEBUG    | trade_logic.py            | stop_loss_book_profit_core | {} | 
2025-10-18 05:30:27:251 | DEBUG    | trade_logic.py            | stop_loss_book_profit_core | Evaluating open positions for stop-loss/book-profit... | 
2025-10-18 05:30:27:252 | DEBUG    | trade_logic.py            | stop_loss_book_profit_core | {} | 
2025-10-18 05:30:32:268 | DEBUG    | trade_logic.py            | stop_loss_book_profit_core | Evaluating open positions for stop-loss/book-profit... | 
2025-10-18 05:30:32:269 | DEBUG    | trade_logic.py            | stop_loss_book_profit_core | {} | 
2025-10-18 05:30:36:845 | INFO     | trade_logic.py            | handle_disconnect         | Client disconnected. | 
2025-10-18 05:30:36:856 | INFO     | server.py                 | dashboard                 | Rendering buy dashboard page | 
2025-10-18 05:30:36:994 | INFO     | server.py                 | get_fund_summary          | Fetching fund summary | 
2025-10-18 05:30:37:010 | INFO     | trade_logic.py            | handle_connect            | Client connected to socket server. | 
2025-10-18 05:30:37:030 | INFO     | trade_logic.py            | handle_request_weekly_options | Received 'request_weekly_options' from client. Sending weekly contracts... | 
2025-10-18 05:30:37:039 | INFO     | trade_logic.py            | handle_request_open_positions | Received 'request_open_positions' from client. Sending position data... | 
2025-10-18 05:30:37:149 | ERROR    | kite_adapter.py           | fetch_fund_summary        | Kite fund summary error : Incorrect `api_key` or `access_token`. | 
2025-10-18 05:30:37:150 | DATA     | server.py                 | get_fund_summary          | Fund Summary: None | 
2025-10-18 05:30:37:276 | DEBUG    | trade_logic.py            | stop_loss_book_profit_core | Evaluating open positions for stop-loss/book-profit... | 
2025-10-18 05:30:37:277 | DEBUG    | trade_logic.py            | stop_loss_book_profit_core | {} | 
2025-10-18 05:30:42:290 | DEBUG    | trade_logic.py            | stop_loss_book_profit_core | Evaluating open positions for stop-loss/book-profit... | 
2025-10-18 05:30:42:291 | DEBUG    | trade_logic.py            | stop_loss_book_profit_core | {} | 
2025-10-18 05:30:47:294 | DEBUG    | trade_logic.py            | stop_loss_book_profit_core | Evaluating open positions for stop-loss/book-profit... | 
2025-10-18 05:30:47:296 | DEBUG    | trade_logic.py            | stop_loss_book_profit_core | {} | 
2025-10-18 05:30:52:309 | DEBUG    | trade_logic.py            | stop_loss_book_profit_core | Evaluating open positions for stop-loss/book-profit... | 
2025-10-18 05:30:52:310 | DEBUG    | trade_logic.py            | stop_loss_book_profit_core | {} | 
2025-10-18 05:30:57:327 | DEBUG    | trade_logic.py            | stop_loss_book_profit_core | Evaluating open positions for stop-loss/book-profit... | 
2025-10-18 05:30:57:328 | DEBUG    | trade_logic.py            | stop_loss_book_profit_core | {} | 
2025-10-18 05:31:02:335 | DEBUG    | trade_logic.py            | stop_loss_book_profit_core | Evaluating open positions for stop-loss/book-profit... | 
2025-10-18 05:31:02:336 | DEBUG    | trade_logic.py            | stop_loss_book_profit_core | {} | 
2025-10-18 05:31:07:339 | DEBUG    | trade_logic.py            | stop_loss_book_profit_core | Evaluating open positions for stop-loss/book-profit... | 
2025-10-18 05:31:07:342 | DEBUG    | trade_logic.py            | stop_loss_book_profit_core | {} | 
2025-10-18 05:31:12:344 | DEBUG    | trade_logic.py            | stop_loss_book_profit_core | Evaluating open positions for stop-loss/book-profit... | 
2025-10-18 05:31:12:345 | DEBUG    | trade_logic.py            | stop_loss_book_profit_core | {} | 
2025-10-18 05:31:17:353 | DEBUG    | trade_logic.py            | stop_loss_book_profit_core | Evaluating open positions for stop-loss/book-profit... | 
2025-10-18 05:31:17:354 | DEBUG    | trade_logic.py            | stop_loss_book_profit_core | {} | 
2025-10-18 05:31:22:364 | DEBUG    | trade_logic.py            | stop_loss_book_profit_core | Evaluating open positions for stop-loss/book-profit... | 
2025-10-18 05:31:22:366 | DEBUG    | trade_logic.py            | stop_loss_book_profit_core | {} | 
2025-10-18 05:31:27:369 | DEBUG    | trade_logic.py            | stop_loss_book_profit_core | Evaluating open positions for stop-loss/book-profit... | 
2025-10-18 05:31:27:371 | DEBUG    | trade_logic.py            | stop_loss_book_profit_core | {} | 
2025-10-18 05:31:32:378 | DEBUG    | trade_logic.py            | stop_loss_book_profit_core | Evaluating open positions for stop-loss/book-profit... | 
2025-10-18 05:31:32:378 | DEBUG    | trade_logic.py            | stop_loss_book_profit_core | {} | 
2025-10-18 05:31:37:378 | DEBUG    | trade_logic.py            | stop_loss_book_profit_core | Evaluating open positions for stop-loss/book-profit... | 
2025-10-18 05:31:37:380 | DEBUG    | trade_logic.py            | stop_loss_book_profit_core | {} | 
2025-10-18 05:31:42:394 | DEBUG    | trade_logic.py            | stop_loss_book_profit_core | Evaluating open positions for stop-loss/book-profit... | 
2025-10-18 05:31:42:395 | DEBUG    | trade_logic.py            | stop_loss_book_profit_core | {} | 
2025-10-18 05:31:47:398 | DEBUG    | trade_logic.py            | stop_loss_book_profit_core | Evaluating open positions for stop-loss/book-profit... | 
2025-10-18 05:31:47:399 | DEBUG    | trade_logic.py            | stop_loss_book_profit_core | {} | 
2025-10-18 05:31:52:401 | DEBUG    | trade_logic.py            | stop_loss_book_profit_core | Evaluating open positions for stop-loss/book-profit... | 
2025-10-18 05:31:52:402 | DEBUG    | trade_logic.py            | stop_loss_book_profit_core | {} | 
2025-10-18 05:31:57:405 | DEBUG    | trade_logic.py            | stop_loss_book_profit_core | Evaluating open positions for stop-loss/book-profit... | 
2025-10-18 05:31:57:406 | DEBUG    | trade_logic.py            | stop_loss_book_profit_core | {} | 
2025-10-18 05:32:02:411 | DEBUG    | trade_logic.py            | stop_loss_book_profit_core | Evaluating open positions for stop-loss/book-profit... | 
2025-10-18 05:32:02:412 | DEBUG    | trade_logic.py            | stop_loss_book_profit_core | {} | 
2025-10-18 05:32:07:431 | DEBUG    | trade_logic.py            | stop_loss_book_profit_core | Evaluating open positions for stop-loss/book-profit... | 
2025-10-18 05:32:07:432 | DEBUG    | trade_logic.py            | stop_loss_book_profit_core | {} | 
2025-10-18 05:32:12:440 | DEBUG    | trade_logic.py            | stop_loss_book_profit_core | Evaluating open positions for stop-loss/book-profit... | 
2025-10-18 05:32:12:441 | DEBUG    | trade_logic.py            | stop_loss_book_profit_core | {} | 
2025-10-18 05:32:17:445 | DEBUG    | trade_logic.py            | stop_loss_book_profit_core | Evaluating open positions for stop-loss/book-profit... | 
2025-10-18 05:32:17:446 | DEBUG    | trade_logic.py            | stop_loss_book_profit_core | {} | 
2025-10-18 05:32:22:447 | DEBUG    | trade_logic.py            | stop_loss_book_profit_core | Evaluating open positions for stop-loss/book-profit... | 
2025-10-18 05:32:22:448 | DEBUG    | trade_logic.py            | stop_loss_book_profit_core | {} | 
2025-10-18 05:32:27:463 | DEBUG    | trade_logic.py            | stop_loss_book_profit_core | Evaluating open positions for stop-loss/book-profit... | 
2025-10-18 05:32:27:464 | DEBUG    | trade_logic.py            | stop_loss_book_profit_core | {} | 
2025-10-18 05:32:32:467 | DEBUG    | trade_logic.py            | stop_loss_book_profit_core | Evaluating open positions for stop-loss/book-profit... | 
2025-10-18 05:32:32:469 | DEBUG    | trade_logic.py            | stop_loss_book_profit_core | {} | 
2025-10-18 05:32:37:470 | DEBUG    | trade_logic.py            | stop_loss_book_profit_core | Evaluating open positions for stop-loss/book-profit... | 
2025-10-18 05:32:37:471 | DEBUG    | trade_logic.py            | stop_loss_book_profit_core | {} | 
2025-10-18 05:32:42:474 | DEBUG    | trade_logic.py            | stop_loss_book_profit_core | Evaluating open positions for stop-loss/book-profit... | 
2025-10-18 05:32:42:475 | DEBUG    | trade_logic.py            | stop_loss_book_profit_core | {} | 
2025-10-18 05:32:47:480 | DEBUG    | trade_logic.py            | stop_loss_book_profit_core | Evaluating open positions for stop-loss/book-profit... | 
2025-10-18 05:32:47:481 | DEBUG    | trade_logic.py            | stop_loss_book_profit_core | {} | 
2025-10-18 05:32:52:497 | DEBUG    | trade_logic.py            | stop_loss_book_profit_core | Evaluating open positions for stop-loss/book-profit... | 
2025-10-18 05:32:52:499 | DEBUG    | trade_logic.py            | stop_loss_book_profit_core | {} | 
2025-10-18 05:32:57:514 | DEBUG    | trade_logic.py            | stop_loss_book_profit_core | Evaluating open positions for stop-loss/book-profit... | 
2025-10-18 05:32:57:515 | DEBUG    | trade_logic.py            | stop_loss_book_profit_core | {} | 
2025-10-18 05:33:02:527 | DEBUG    | trade_logic.py            | stop_loss_book_profit_core | Evaluating open positions for stop-loss/book-profit... | 
2025-10-18 05:33:02:527 | DEBUG    | trade_logic.py            | stop_loss_book_profit_core | {} | 
2025-10-18 05:33:07:533 | DEBUG    | trade_logic.py            | stop_loss_book_profit_core | Evaluating open positions for stop-loss/book-profit... | 
2025-10-18 05:33:07:534 | DEBUG    | trade_logic.py            | stop_loss_book_profit_core | {} | 
2025-10-18 05:33:12:540 | DEBUG    | trade_logic.py            | stop_loss_book_profit_core | Evaluating open positions for stop-loss/book-profit... | 
2025-10-18 05:33:12:541 | DEBUG    | trade_logic.py            | stop_loss_book_profit_core | {} | 
2025-10-18 05:33:17:546 | DEBUG    | trade_logic.py            | stop_loss_book_profit_core | Evaluating open positions for stop-loss/book-profit... | 
2025-10-18 05:33:17:547 | DEBUG    | trade_logic.py            | stop_loss_book_profit_core | {} | 
2025-10-18 05:33:22:555 | DEBUG    | trade_logic.py            | stop_loss_book_profit_core | Evaluating open positions for stop-loss/book-profit... | 
2025-10-18 05:33:22:557 | DEBUG    | trade_logic.py            | stop_loss_book_profit_core | {} | 
2025-10-18 05:33:27:563 | DEBUG    | trade_logic.py            | stop_loss_book_profit_core | Evaluating open positions for stop-loss/book-profit... | 
2025-10-18 05:33:27:565 | DEBUG    | trade_logic.py            | stop_loss_book_profit_core | {} | 
2025-10-18 05:33:32:583 | DEBUG    | trade_logic.py            | stop_loss_book_profit_core | Evaluating open positions for stop-loss/book-profit... | 
2025-10-18 05:33:32:585 | DEBUG    | trade_logic.py            | stop_loss_book_profit_core | {} | 
2025-10-18 05:33:37:596 | DEBUG    | trade_logic.py            | stop_loss_book_profit_core | Evaluating open positions for stop-loss/book-profit... | 
2025-10-18 05:33:37:598 | DEBUG    | trade_logic.py            | stop_loss_book_profit_core | {} | 
2025-10-18 05:33:42:614 | DEBUG    | trade_logic.py            | stop_loss_book_profit_core | Evaluating open positions for stop-loss/book-profit... | 
2025-10-18 05:33:42:615 | DEBUG    | trade_logic.py            | stop_loss_book_profit_core | {} | 
2025-10-18 05:33:47:620 | DEBUG    | trade_logic.py            | stop_loss_book_profit_core | Evaluating open positions for stop-loss/book-profit... | 
2025-10-18 05:33:47:620 | DEBUG    | trade_logic.py            | stop_loss_book_profit_core | {} | 
2025-10-18 05:33:52:632 | DEBUG    | trade_logic.py            | stop_loss_book_profit_core | Evaluating open positions for stop-loss/book-profit... | 
2025-10-18 05:33:52:632 | DEBUG    | trade_logic.py            | stop_loss_book_profit_core | {} | 
2025-10-18 05:33:57:643 | DEBUG    | trade_logic.py            | stop_loss_book_profit_core | Evaluating open positions for stop-loss/book-profit... | 
2025-10-18 05:33:57:644 | DEBUG    | trade_logic.py            | stop_loss_book_profit_core | {} | 
2025-10-18 05:34:02:654 | DEBUG    | trade_logic.py            | stop_loss_book_profit_core | Evaluating open positions for stop-loss/book-profit... | 
2025-10-18 05:34:02:655 | DEBUG    | trade_logic.py            | stop_loss_book_profit_core | {} | 
2025-10-18 05:34:06:660 | INFO     | trade_logic.py            | handle_disconnect         | Client disconnected. | 
2025-10-18 05:34:06:717 | INFO     | server.py                 | dashboard                 | Rendering buy dashboard page | 
2025-10-18 05:34:06:877 | INFO     | server.py                 | get_fund_summary          | Fetching fund summary | 
2025-10-18 05:34:06:892 | INFO     | trade_logic.py            | handle_connect            | Client connected to socket server. | 
2025-10-18 05:34:06:920 | INFO     | trade_logic.py            | handle_request_weekly_options | Received 'request_weekly_options' from client. Sending weekly contracts... | 
2025-10-18 05:34:06:927 | INFO     | trade_logic.py            | handle_request_open_positions | Received 'request_open_positions' from client. Sending position data... | 
2025-10-18 05:34:07:101 | ERROR    | kite_adapter.py           | fetch_fund_summary        | Kite fund summary error : Incorrect `api_key` or `access_token`. | 
2025-10-18 05:34:07:102 | DATA     | server.py                 | get_fund_summary          | Fund Summary: None | 
2025-10-18 05:34:07:657 | DEBUG    | trade_logic.py            | stop_loss_book_profit_core | Evaluating open positions for stop-loss/book-profit... | 
2025-10-18 05:34:07:659 | DEBUG    | trade_logic.py            | stop_loss_book_profit_core | {} | 
2025-10-18 05:34:08:675 | INFO     | trade_logic.py            | handle_disconnect         | Client disconnected. | 
2025-10-18 05:34:08:689 | INFO     | server.py                 | dashboard                 | Rendering buy dashboard page | 
2025-10-18 05:34:08:775 | INFO     | server.py                 | get_fund_summary          | Fetching fund summary | 
2025-10-18 05:34:08:789 | INFO     | trade_logic.py            | handle_connect            | Client connected to socket server. | 
2025-10-18 05:34:08:818 | INFO     | trade_logic.py            | handle_request_weekly_options | Received 'request_weekly_options' from client. Sending weekly contracts... | 
2025-10-18 05:34:08:822 | INFO     | trade_logic.py            | handle_request_open_positions | Received 'request_open_positions' from client. Sending position data... | 
2025-10-18 05:34:08:940 | ERROR    | kite_adapter.py           | fetch_fund_summary        | Kite fund summary error : Incorrect `api_key` or `access_token`. | 
2025-10-18 05:34:08:941 | DATA     | server.py                 | get_fund_summary          | Fund Summary: None | 
2025-10-18 05:34:12:675 | DEBUG    | trade_logic.py            | stop_loss_book_profit_core | Evaluating open positions for stop-loss/book-profit... | 
2025-10-18 05:34:12:677 | DEBUG    | trade_logic.py            | stop_loss_book_profit_core | {} | 
2025-10-18 05:34:17:690 | DEBUG    | trade_logic.py            | stop_loss_book_profit_core | Evaluating open positions for stop-loss/book-profit... | 
2025-10-18 05:34:17:692 | DEBUG    | trade_logic.py            | stop_loss_book_profit_core | {} | 
2025-10-18 05:34:22:715 | DEBUG    | trade_logic.py            | stop_loss_book_profit_core | Evaluating open positions for stop-loss/book-profit... | 
2025-10-18 05:34:22:717 | DEBUG    | trade_logic.py            | stop_loss_book_profit_core | {} | 
2025-10-18 05:34:24:196 | INFO     | trade_logic.py            | handle_disconnect         | Client disconnected. | 
2025-10-18 05:34:24:207 | INFO     | server.py                 | dashboard                 | Rendering buy dashboard page | 
2025-10-18 05:34:24:304 | INFO     | server.py                 | get_fund_summary          | Fetching fund summary | 
2025-10-18 05:34:24:321 | INFO     | trade_logic.py            | handle_connect            | Client connected to socket server. | 
2025-10-18 05:34:24:354 | INFO     | trade_logic.py            | handle_request_weekly_options | Received 'request_weekly_options' from client. Sending weekly contracts... | 
2025-10-18 05:34:24:355 | INFO     | trade_logic.py            | handle_request_open_positions | Received 'request_open_positions' from client. Sending position data... | 
2025-10-18 05:34:24:374 | ERROR    | kite_adapter.py           | fetch_fund_summary        | Kite fund summary error : Incorrect `api_key` or `access_token`. | 
2025-10-18 05:34:24:374 | DATA     | server.py                 | get_fund_summary          | Fund Summary: None | 
2025-10-18 05:34:24:985 | INFO     | trade_logic.py            | handle_disconnect         | Client disconnected. | 
2025-10-18 05:34:26:864 | INFO     | trade_logic.py            | handle_connect            | Client connected to socket server. | 
2025-10-18 05:34:26:891 | INFO     | trade_logic.py            | handle_request_weekly_options | Received 'request_weekly_options' from client. Sending weekly contracts... | 
2025-10-18 05:34:26:899 | INFO     | trade_logic.py            | handle_request_open_positions | Received 'request_open_positions' from client. Sending position data... | 
2025-10-18 05:34:27:732 | DEBUG    | trade_logic.py            | stop_loss_book_profit_core | Evaluating open positions for stop-loss/book-profit... | 
2025-10-18 05:34:27:734 | DEBUG    | trade_logic.py            | stop_loss_book_profit_core | {} | 
2025-10-18 05:34:27:858 | INFO     | trade_logic.py            | handle_disconnect         | Client disconnected. | 
2025-10-18 05:34:27:875 | INFO     | server.py                 | dashboard                 | Rendering buy dashboard page | 
2025-10-18 05:34:27:962 | INFO     | server.py                 | get_fund_summary          | Fetching fund summary | 
2025-10-18 05:34:27:975 | INFO     | trade_logic.py            | handle_connect            | Client connected to socket server. | 
2025-10-18 05:34:27:994 | INFO     | trade_logic.py            | handle_request_weekly_options | Received 'request_weekly_options' from client. Sending weekly contracts... | 
2025-10-18 05:34:27:999 | INFO     | trade_logic.py            | handle_request_open_positions | Received 'request_open_positions' from client. Sending position data... | 
2025-10-18 05:34:28:059 | ERROR    | kite_adapter.py           | fetch_fund_summary        | Kite fund summary error : Incorrect `api_key` or `access_token`. | 
2025-10-18 05:34:28:060 | DATA     | server.py                 | get_fund_summary          | Fund Summary: None | 
2025-10-18 05:34:28:458 | INFO     | trade_logic.py            | handle_disconnect         | Client disconnected. | 
2025-10-18 05:34:28:475 | INFO     | server.py                 | dashboard                 | Rendering buy dashboard page | 
2025-10-18 05:34:28:574 | INFO     | server.py                 | get_fund_summary          | Fetching fund summary | 
2025-10-18 05:34:28:577 | INFO     | trade_logic.py            | handle_connect            | Client connected to socket server. | 
2025-10-18 05:34:28:598 | INFO     | trade_logic.py            | handle_request_weekly_options | Received 'request_weekly_options' from client. Sending weekly contracts... | 
2025-10-18 05:34:28:617 | INFO     | trade_logic.py            | handle_request_open_positions | Received 'request_open_positions' from client. Sending position data... | 
2025-10-18 05:34:28:673 | ERROR    | kite_adapter.py           | fetch_fund_summary        | Kite fund summary error : Incorrect `api_key` or `access_token`. | 
2025-10-18 05:34:28:673 | DATA     | server.py                 | get_fund_summary          | Fund Summary: None | 
2025-10-18 05:34:32:742 | DEBUG    | trade_logic.py            | stop_loss_book_profit_core | Evaluating open positions for stop-loss/book-profit... | 
2025-10-18 05:34:32:743 | DEBUG    | trade_logic.py            | stop_loss_book_profit_core | {} | 
2025-10-18 05:34:37:762 | DEBUG    | trade_logic.py            | stop_loss_book_profit_core | Evaluating open positions for stop-loss/book-profit... | 
2025-10-18 05:34:37:764 | DEBUG    | trade_logic.py            | stop_loss_book_profit_core | {} | 
2025-10-18 05:34:42:781 | DEBUG    | trade_logic.py            | stop_loss_book_profit_core | Evaluating open positions for stop-loss/book-profit... | 
2025-10-18 05:34:42:782 | DEBUG    | trade_logic.py            | stop_loss_book_profit_core | {} | 
2025-10-18 05:34:47:800 | DEBUG    | trade_logic.py            | stop_loss_book_profit_core | Evaluating open positions for stop-loss/book-profit... | 
2025-10-18 05:34:47:802 | DEBUG    | trade_logic.py            | stop_loss_book_profit_core | {} | 
2025-10-18 05:34:52:820 | DEBUG    | trade_logic.py            | stop_loss_book_profit_core | Evaluating open positions for stop-loss/book-profit... | 
2025-10-18 05:34:52:822 | DEBUG    | trade_logic.py            | stop_loss_book_profit_core | {} | 
2025-10-18 05:34:57:838 | DEBUG    | trade_logic.py            | stop_loss_book_profit_core | Evaluating open positions for stop-loss/book-profit... | 
2025-10-18 05:34:57:839 | DEBUG    | trade_logic.py            | stop_loss_book_profit_core | {} | 
2025-10-18 05:35:02:839 | DEBUG    | trade_logic.py            | stop_loss_book_profit_core | Evaluating open positions for stop-loss/book-profit... | 
2025-10-18 05:35:02:841 | DEBUG    | trade_logic.py            | stop_loss_book_profit_core | {} | 
2025-10-18 05:35:07:842 | DEBUG    | trade_logic.py            | stop_loss_book_profit_core | Evaluating open positions for stop-loss/book-profit... | 
2025-10-18 05:35:07:843 | DEBUG    | trade_logic.py            | stop_loss_book_profit_core | {} | 
2025-10-18 05:35:12:856 | DEBUG    | trade_logic.py            | stop_loss_book_profit_core | Evaluating open positions for stop-loss/book-profit... | 
2025-10-18 05:35:12:858 | DEBUG    | trade_logic.py            | stop_loss_book_profit_core | {} | 
2025-10-18 05:35:17:861 | DEBUG    | trade_logic.py            | stop_loss_book_profit_core | Evaluating open positions for stop-loss/book-profit... | 
2025-10-18 05:35:17:862 | DEBUG    | trade_logic.py            | stop_loss_book_profit_core | {} | 
2025-10-18 05:35:22:865 | DEBUG    | trade_logic.py            | stop_loss_book_profit_core | Evaluating open positions for stop-loss/book-profit... | 
2025-10-18 05:35:22:867 | DEBUG    | trade_logic.py            | stop_loss_book_profit_core | {} | 
2025-10-18 05:35:27:882 | DEBUG    | trade_logic.py            | stop_loss_book_profit_core | Evaluating open positions for stop-loss/book-profit... | 
2025-10-18 05:35:27:884 | DEBUG    | trade_logic.py            | stop_loss_book_profit_core | {} | 
2025-10-18 05:35:32:901 | DEBUG    | trade_logic.py            | stop_loss_book_profit_core | Evaluating open positions for stop-loss/book-profit... | 
2025-10-18 05:35:32:902 | DEBUG    | trade_logic.py            | stop_loss_book_profit_core | {} | 
2025-10-18 05:35:37:918 | DEBUG    | trade_logic.py            | stop_loss_book_profit_core | Evaluating open positions for stop-loss/book-profit... | 
2025-10-18 05:35:37:919 | DEBUG    | trade_logic.py            | stop_loss_book_profit_core | {} | 
2025-10-18 05:35:42:935 | DEBUG    | trade_logic.py            | stop_loss_book_profit_core | Evaluating open positions for stop-loss/book-profit... | 
2025-10-18 05:35:42:937 | DEBUG    | trade_logic.py            | stop_loss_book_profit_core | {} | 
2025-10-18 05:35:47:956 | DEBUG    | trade_logic.py            | stop_loss_book_profit_core | Evaluating open positions for stop-loss/book-profit... | 
2025-10-18 05:35:47:958 | DEBUG    | trade_logic.py            | stop_loss_book_profit_core | {} | 
2025-10-18 05:35:52:956 | DEBUG    | trade_logic.py            | stop_loss_book_profit_core | Evaluating open positions for stop-loss/book-profit... | 
2025-10-18 05:35:52:958 | DEBUG    | trade_logic.py            | stop_loss_book_profit_core | {} | 
2025-10-18 05:35:57:960 | DEBUG    | trade_logic.py            | stop_loss_book_profit_core | Evaluating open positions for stop-loss/book-profit... | 
2025-10-18 05:35:57:962 | DEBUG    | trade_logic.py            | stop_loss_book_profit_core | {} | 
2025-10-18 05:36:02:965 | DEBUG    | trade_logic.py            | stop_loss_book_profit_core | Evaluating open positions for stop-loss/book-profit... | 
2025-10-18 05:36:02:966 | DEBUG    | trade_logic.py            | stop_loss_book_profit_core | {} | 
2025-10-18 05:36:07:978 | DEBUG    | trade_logic.py            | stop_loss_book_profit_core | Evaluating open positions for stop-loss/book-profit... | 
2025-10-18 05:36:07:978 | DEBUG    | trade_logic.py            | stop_loss_book_profit_core | {} | 
2025-10-18 05:36:12:982 | DEBUG    | trade_logic.py            | stop_loss_book_profit_core | Evaluating open positions for stop-loss/book-profit... | 
2025-10-18 05:36:12:984 | DEBUG    | trade_logic.py            | stop_loss_book_profit_core | {} | 
2025-10-18 05:36:17:988 | DEBUG    | trade_logic.py            | stop_loss_book_profit_core | Evaluating open positions for stop-loss/book-profit... | 
2025-10-18 05:36:17:989 | DEBUG    | trade_logic.py            | stop_loss_book_profit_core | {} | 
2025-10-18 05:36:23:008 | DEBUG    | trade_logic.py            | stop_loss_book_profit_core | Evaluating open positions for stop-loss/book-profit... | 
2025-10-18 05:36:23:011 | DEBUG    | trade_logic.py            | stop_loss_book_profit_core | {} | 
2025-10-18 05:36:28:022 | DEBUG    | trade_logic.py            | stop_loss_book_profit_core | Evaluating open positions for stop-loss/book-profit... | 
2025-10-18 05:36:28:024 | DEBUG    | trade_logic.py            | stop_loss_book_profit_core | {} | 
2025-10-18 05:36:33:041 | DEBUG    | trade_logic.py            | stop_loss_book_profit_core | Evaluating open positions for stop-loss/book-profit... | 
2025-10-18 05:36:33:043 | DEBUG    | trade_logic.py            | stop_loss_book_profit_core | {} | 
2025-10-18 05:36:38:066 | DEBUG    | trade_logic.py            | stop_loss_book_profit_core | Evaluating open positions for stop-loss/book-profit... | 
2025-10-18 05:36:38:079 | DEBUG    | trade_logic.py            | stop_loss_book_profit_core | {} | 
2025-10-18 05:36:43:082 | DEBUG    | trade_logic.py            | stop_loss_book_profit_core | Evaluating open positions for stop-loss/book-profit... | 
2025-10-18 05:36:43:082 | DEBUG    | trade_logic.py            | stop_loss_book_profit_core | {} | 
2025-10-18 05:36:48:096 | DEBUG    | trade_logic.py            | stop_loss_book_profit_core | Evaluating open positions for stop-loss/book-profit... | 
2025-10-18 05:36:48:098 | DEBUG    | trade_logic.py            | stop_loss_book_profit_core | {} | 
2025-10-18 05:36:53:110 | DEBUG    | trade_logic.py            | stop_loss_book_profit_core | Evaluating open positions for stop-loss/book-profit... | 
2025-10-18 05:36:53:111 | DEBUG    | trade_logic.py            | stop_loss_book_profit_core | {} | 
2025-10-18 05:36:58:112 | DEBUG    | trade_logic.py            | stop_loss_book_profit_core | Evaluating open positions for stop-loss/book-profit... | 
2025-10-18 05:36:58:114 | DEBUG    | trade_logic.py            | stop_loss_book_profit_core | {} | 
2025-10-18 05:37:03:121 | DEBUG    | trade_logic.py            | stop_loss_book_profit_core | Evaluating open positions for stop-loss/book-profit... | 
2025-10-18 05:37:03:123 | DEBUG    | trade_logic.py            | stop_loss_book_profit_core | {} | 
2025-10-18 05:37:08:124 | DEBUG    | trade_logic.py            | stop_loss_book_profit_core | Evaluating open positions for stop-loss/book-profit... | 
2025-10-18 05:37:08:125 | DEBUG    | trade_logic.py            | stop_loss_book_profit_core | {} | 
2025-10-18 05:37:13:130 | DEBUG    | trade_logic.py            | stop_loss_book_profit_core | Evaluating open positions for stop-loss/book-profit... | 
2025-10-18 05:37:13:131 | DEBUG    | trade_logic.py            | stop_loss_book_profit_core | {} | 
2025-10-18 05:37:18:133 | DEBUG    | trade_logic.py            | stop_loss_book_profit_core | Evaluating open positions for stop-loss/book-profit... | 
2025-10-18 05:37:18:135 | DEBUG    | trade_logic.py            | stop_loss_book_profit_core | {} | 
2025-10-18 05:37:23:137 | DEBUG    | trade_logic.py            | stop_loss_book_profit_core | Evaluating open positions for stop-loss/book-profit... | 
2025-10-18 05:37:23:137 | DEBUG    | trade_logic.py            | stop_loss_book_profit_core | {} | 
2025-10-18 05:37:28:146 | DEBUG    | trade_logic.py            | stop_loss_book_profit_core | Evaluating open positions for stop-loss/book-profit... | 
2025-10-18 05:37:28:148 | DEBUG    | trade_logic.py            | stop_loss_book_profit_core | {} | 
2025-10-18 05:37:33:149 | DEBUG    | trade_logic.py            | stop_loss_book_profit_core | Evaluating open positions for stop-loss/book-profit... | 
2025-10-18 05:37:33:150 | DEBUG    | trade_logic.py            | stop_loss_book_profit_core | {} | 
2025-10-18 05:37:38:150 | DEBUG    | trade_logic.py            | stop_loss_book_profit_core | Evaluating open positions for stop-loss/book-profit... | 
2025-10-18 05:37:38:152 | DEBUG    | trade_logic.py            | stop_loss_book_profit_core | {} | 
2025-10-18 05:37:43:152 | DEBUG    | trade_logic.py            | stop_loss_book_profit_core | Evaluating open positions for stop-loss/book-profit... | 
2025-10-18 05:37:43:153 | DEBUG    | trade_logic.py            | stop_loss_book_profit_core | {} | 
2025-10-18 05:37:48:166 | DEBUG    | trade_logic.py            | stop_loss_book_profit_core | Evaluating open positions for stop-loss/book-profit... | 
2025-10-18 05:37:48:169 | DEBUG    | trade_logic.py            | stop_loss_book_profit_core | {} | 
2025-10-18 05:37:53:181 | DEBUG    | trade_logic.py            | stop_loss_book_profit_core | Evaluating open positions for stop-loss/book-profit... | 
2025-10-18 05:37:53:183 | DEBUG    | trade_logic.py            | stop_loss_book_profit_core | {} | 
2025-10-18 05:37:58:199 | DEBUG    | trade_logic.py            | stop_loss_book_profit_core | Evaluating open positions for stop-loss/book-profit... | 
2025-10-18 05:37:58:200 | DEBUG    | trade_logic.py            | stop_loss_book_profit_core | {} | 
2025-10-18 05:38:03:213 | DEBUG    | trade_logic.py            | stop_loss_book_profit_core | Evaluating open positions for stop-loss/book-profit... | 
2025-10-18 05:38:03:214 | DEBUG    | trade_logic.py            | stop_loss_book_profit_core | {} | 
2025-10-18 05:38:08:219 | DEBUG    | trade_logic.py            | stop_loss_book_profit_core | Evaluating open positions for stop-loss/book-profit... | 
2025-10-18 05:38:08:219 | DEBUG    | trade_logic.py            | stop_loss_book_profit_core | {} | 
2025-10-18 05:38:13:221 | DEBUG    | trade_logic.py            | stop_loss_book_profit_core | Evaluating open positions for stop-loss/book-profit... | 
2025-10-18 05:38:13:222 | DEBUG    | trade_logic.py            | stop_loss_book_profit_core | {} | 
2025-10-18 05:38:18:227 | DEBUG    | trade_logic.py            | stop_loss_book_profit_core | Evaluating open positions for stop-loss/book-profit... | 
2025-10-18 05:38:18:229 | DEBUG    | trade_logic.py            | stop_loss_book_profit_core | {} | 
2025-10-18 05:38:23:232 | DEBUG    | trade_logic.py            | stop_loss_book_profit_core | Evaluating open positions for stop-loss/book-profit... | 
2025-10-18 05:38:23:233 | DEBUG    | trade_logic.py            | stop_loss_book_profit_core | {} | 
2025-10-18 05:38:28:253 | DEBUG    | trade_logic.py            | stop_loss_book_profit_core | Evaluating open positions for stop-loss/book-profit... | 
2025-10-18 05:38:28:255 | DEBUG    | trade_logic.py            | stop_loss_book_profit_core | {} | 
2025-10-18 05:38:33:268 | DEBUG    | trade_logic.py            | stop_loss_book_profit_core | Evaluating open positions for stop-loss/book-profit... | 
2025-10-18 05:38:33:269 | DEBUG    | trade_logic.py            | stop_loss_book_profit_core | {} | 
2025-10-18 05:38:38:280 | DEBUG    | trade_logic.py            | stop_loss_book_profit_core | Evaluating open positions for stop-loss/book-profit... | 
2025-10-18 05:38:38:282 | DEBUG    | trade_logic.py            | stop_loss_book_profit_core | {} | 
2025-10-18 05:38:43:289 | DEBUG    | trade_logic.py            | stop_loss_book_profit_core | Evaluating open positions for stop-loss/book-profit... | 
2025-10-18 05:38:43:291 | DEBUG    | trade_logic.py            | stop_loss_book_profit_core | {} | 
2025-10-18 05:38:48:293 | DEBUG    | trade_logic.py            | stop_loss_book_profit_core | Evaluating open positions for stop-loss/book-profit... | 
2025-10-18 05:38:48:293 | DEBUG    | trade_logic.py            | stop_loss_book_profit_core | {} | 
2025-10-18 05:38:53:298 | DEBUG    | trade_logic.py            | stop_loss_book_profit_core | Evaluating open positions for stop-loss/book-profit... | 
2025-10-18 05:38:53:299 | DEBUG    | trade_logic.py            | stop_loss_book_profit_core | {} | 
2025-10-18 05:38:58:302 | DEBUG    | trade_logic.py            | stop_loss_book_profit_core | Evaluating open positions for stop-loss/book-profit... | 
2025-10-18 05:38:58:302 | DEBUG    | trade_logic.py            | stop_loss_book_profit_core | {} | 
2025-10-18 05:39:03:306 | DEBUG    | trade_logic.py            | stop_loss_book_profit_core | Evaluating open positions for stop-loss/book-profit... | 
2025-10-18 05:39:03:307 | DEBUG    | trade_logic.py            | stop_loss_book_profit_core | {} | 
2025-10-18 05:39:08:310 | DEBUG    | trade_logic.py            | stop_loss_book_profit_core | Evaluating open positions for stop-loss/book-profit... | 
2025-10-18 05:39:08:311 | DEBUG    | trade_logic.py            | stop_loss_book_profit_core | {} | 
2025-10-18 05:39:13:331 | DEBUG    | trade_logic.py            | stop_loss_book_profit_core | Evaluating open positions for stop-loss/book-profit... | 
2025-10-18 05:39:13:334 | DEBUG    | trade_logic.py            | stop_loss_book_profit_core | {} | 
2025-10-18 05:39:18:352 | DEBUG    | trade_logic.py            | stop_loss_book_profit_core | Evaluating open positions for stop-loss/book-profit... | 
2025-10-18 05:39:18:355 | DEBUG    | trade_logic.py            | stop_loss_book_profit_core | {} | 
2025-10-18 05:39:23:352 | DEBUG    | trade_logic.py            | stop_loss_book_profit_core | Evaluating open positions for stop-loss/book-profit... | 
2025-10-18 05:39:23:354 | DEBUG    | trade_logic.py            | stop_loss_book_profit_core | {} | 
2025-10-18 05:39:28:359 | DEBUG    | trade_logic.py            | stop_loss_book_profit_core | Evaluating open positions for stop-loss/book-profit... | 
2025-10-18 05:39:28:361 | DEBUG    | trade_logic.py            | stop_loss_book_profit_core | {} | 
2025-10-18 05:39:33:366 | DEBUG    | trade_logic.py            | stop_loss_book_profit_core | Evaluating open positions for stop-loss/book-profit... | 
2025-10-18 05:39:33:367 | DEBUG    | trade_logic.py            | stop_loss_book_profit_core | {} | 
2025-10-18 05:39:38:372 | DEBUG    | trade_logic.py            | stop_loss_book_profit_core | Evaluating open positions for stop-loss/book-profit... | 
2025-10-18 05:39:38:373 | DEBUG    | trade_logic.py            | stop_loss_book_profit_core | {} | 
2025-10-18 05:39:43:376 | DEBUG    | trade_logic.py            | stop_loss_book_profit_core | Evaluating open positions for stop-loss/book-profit... | 
2025-10-18 05:39:43:377 | DEBUG    | trade_logic.py            | stop_loss_book_profit_core | {} | 
2025-10-18 05:39:48:378 | DEBUG    | trade_logic.py            | stop_loss_book_profit_core | Evaluating open positions for stop-loss/book-profit... | 
2025-10-18 05:39:48:379 | DEBUG    | trade_logic.py            | stop_loss_book_profit_core | {} | 
2025-10-18 05:39:53:398 | DEBUG    | trade_logic.py            | stop_loss_book_profit_core | Evaluating open positions for stop-loss/book-profit... | 
2025-10-18 05:39:53:399 | DEBUG    | trade_logic.py            | stop_loss_book_profit_core | {} | 
2025-10-18 05:39:58:418 | DEBUG    | trade_logic.py            | stop_loss_book_profit_core | Evaluating open positions for stop-loss/book-profit... | 
2025-10-18 05:39:58:419 | DEBUG    | trade_logic.py            | stop_loss_book_profit_core | {} | 
2025-10-18 05:40:03:428 | DEBUG    | trade_logic.py            | stop_loss_book_profit_core | Evaluating open positions for stop-loss/book-profit... | 
2025-10-18 05:40:03:429 | DEBUG    | trade_logic.py            | stop_loss_book_profit_core | {} | 
2025-10-18 05:40:08:434 | DEBUG    | trade_logic.py            | stop_loss_book_profit_core | Evaluating open positions for stop-loss/book-profit... | 
2025-10-18 05:40:08:435 | DEBUG    | trade_logic.py            | stop_loss_book_profit_core | {} | 
2025-10-18 05:40:13:455 | DEBUG    | trade_logic.py            | stop_loss_book_profit_core | Evaluating open positions for stop-loss/book-profit... | 
2025-10-18 05:40:13:456 | DEBUG    | trade_logic.py            | stop_loss_book_profit_core | {} | 
2025-10-18 05:40:18:475 | DEBUG    | trade_logic.py            | stop_loss_book_profit_core | Evaluating open positions for stop-loss/book-profit... | 
2025-10-18 05:40:18:476 | DEBUG    | trade_logic.py            | stop_loss_book_profit_core | {} | 
2025-10-18 05:40:23:497 | DEBUG    | trade_logic.py            | stop_loss_book_profit_core | Evaluating open positions for stop-loss/book-profit... | 
2025-10-18 05:40:23:498 | DEBUG    | trade_logic.py            | stop_loss_book_profit_core | {} | 
2025-10-18 05:40:28:497 | DEBUG    | trade_logic.py            | stop_loss_book_profit_core | Evaluating open positions for stop-loss/book-profit... | 
2025-10-18 05:40:28:498 | DEBUG    | trade_logic.py            | stop_loss_book_profit_core | {} | 
2025-10-18 05:40:33:509 | DEBUG    | trade_logic.py            | stop_loss_book_profit_core | Evaluating open positions for stop-loss/book-profit... | 
2025-10-18 05:40:33:510 | DEBUG    | trade_logic.py            | stop_loss_book_profit_core | {} | 
2025-10-18 05:40:38:525 | DEBUG    | trade_logic.py            | stop_loss_book_profit_core | Evaluating open positions for stop-loss/book-profit... | 
2025-10-18 05:40:38:527 | DEBUG    | trade_logic.py            | stop_loss_book_profit_core | {} | 
2025-10-18 05:40:43:528 | DEBUG    | trade_logic.py            | stop_loss_book_profit_core | Evaluating open positions for stop-loss/book-profit... | 
2025-10-18 05:40:43:529 | DEBUG    | trade_logic.py            | stop_loss_book_profit_core | {} | 
2025-10-18 05:40:48:544 | DEBUG    | trade_logic.py            | stop_loss_book_profit_core | Evaluating open positions for stop-loss/book-profit... | 
2025-10-18 05:40:48:545 | DEBUG    | trade_logic.py            | stop_loss_book_profit_core | {} | 
2025-10-18 05:40:53:546 | DEBUG    | trade_logic.py            | stop_loss_book_profit_core | Evaluating open positions for stop-loss/book-profit... | 
2025-10-18 05:40:53:547 | DEBUG    | trade_logic.py            | stop_loss_book_profit_core | {} | 
2025-10-18 05:40:58:550 | DEBUG    | trade_logic.py            | stop_loss_book_profit_core | Evaluating open positions for stop-loss/book-profit... | 
2025-10-18 05:40:58:552 | DEBUG    | trade_logic.py            | stop_loss_book_profit_core | {} | 
2025-10-18 05:41:03:558 | DEBUG    | trade_logic.py            | stop_loss_book_profit_core | Evaluating open positions for stop-loss/book-profit... | 
2025-10-18 05:41:03:559 | DEBUG    | trade_logic.py            | stop_loss_book_profit_core | {} | 
2025-10-18 05:41:08:564 | DEBUG    | trade_logic.py            | stop_loss_book_profit_core | Evaluating open positions for stop-loss/book-profit... | 
2025-10-18 05:41:08:565 | DEBUG    | trade_logic.py            | stop_loss_book_profit_core | {} | 
2025-10-18 05:41:13:566 | DEBUG    | trade_logic.py            | stop_loss_book_profit_core | Evaluating open positions for stop-loss/book-profit... | 
2025-10-18 05:41:13:567 | DEBUG    | trade_logic.py            | stop_loss_book_profit_core | {} | 
2025-10-18 05:41:18:568 | DEBUG    | trade_logic.py            | stop_loss_book_profit_core | Evaluating open positions for stop-loss/book-profit... | 
2025-10-18 05:41:18:569 | DEBUG    | trade_logic.py            | stop_loss_book_profit_core | {} | 
2025-10-18 05:41:23:580 | DEBUG    | trade_logic.py            | stop_loss_book_profit_core | Evaluating open positions for stop-loss/book-profit... | 
2025-10-18 05:41:23:581 | DEBUG    | trade_logic.py            | stop_loss_book_profit_core | {} | 
2025-10-18 05:41:28:582 | DEBUG    | trade_logic.py            | stop_loss_book_profit_core | Evaluating open positions for stop-loss/book-profit... | 
2025-10-18 05:41:28:583 | DEBUG    | trade_logic.py            | stop_loss_book_profit_core | {} | 
2025-10-18 05:41:33:588 | DEBUG    | trade_logic.py            | stop_loss_book_profit_core | Evaluating open positions for stop-loss/book-profit... | 
2025-10-18 05:41:33:589 | DEBUG    | trade_logic.py            | stop_loss_book_profit_core | {} | 
2025-10-18 05:41:38:593 | DEBUG    | trade_logic.py            | stop_loss_book_profit_core | Evaluating open positions for stop-loss/book-profit... | 
2025-10-18 05:41:38:594 | DEBUG    | trade_logic.py            | stop_loss_book_profit_core | {} | 
2025-10-18 05:41:43:609 | DEBUG    | trade_logic.py            | stop_loss_book_profit_core | Evaluating open positions for stop-loss/book-profit... | 
2025-10-18 05:41:43:610 | DEBUG    | trade_logic.py            | stop_loss_book_profit_core | {} | 
2025-10-18 05:41:48:613 | DEBUG    | trade_logic.py            | stop_loss_book_profit_core | Evaluating open positions for stop-loss/book-profit... | 
2025-10-18 05:41:48:614 | DEBUG    | trade_logic.py            | stop_loss_book_profit_core | {} | 
2025-10-18 05:41:53:617 | DEBUG    | trade_logic.py            | stop_loss_book_profit_core | Evaluating open positions for stop-loss/book-profit... | 
2025-10-18 05:41:53:619 | DEBUG    | trade_logic.py            | stop_loss_book_profit_core | {} | 
2025-10-18 05:41:58:629 | DEBUG    | trade_logic.py            | stop_loss_book_profit_core | Evaluating open positions for stop-loss/book-profit... | 
2025-10-18 05:41:58:630 | DEBUG    | trade_logic.py            | stop_loss_book_profit_core | {} | 
2025-10-18 05:42:03:629 | DEBUG    | trade_logic.py            | stop_loss_book_profit_core | Evaluating open positions for stop-loss/book-profit... | 
2025-10-18 05:42:03:630 | DEBUG    | trade_logic.py            | stop_loss_book_profit_core | {} | 
2025-10-18 05:42:08:639 | DEBUG    | trade_logic.py            | stop_loss_book_profit_core | Evaluating open positions for stop-loss/book-profit... | 
2025-10-18 05:42:08:640 | DEBUG    | trade_logic.py            | stop_loss_book_profit_core | {} | 
2025-10-18 05:42:13:643 | DEBUG    | trade_logic.py            | stop_loss_book_profit_core | Evaluating open positions for stop-loss/book-profit... | 
2025-10-18 05:42:13:644 | DEBUG    | trade_logic.py            | stop_loss_book_profit_core | {} | 
2025-10-18 05:42:15:588 | INFO     | trade_logic.py            | handle_disconnect         | Client disconnected. | 
2025-10-18 05:42:15:637 | INFO     | server.py                 | dashboard                 | Rendering buy dashboard page | 
2025-10-18 05:42:15:867 | INFO     | server.py                 | get_fund_summary          | Fetching fund summary | 
2025-10-18 05:42:15:882 | INFO     | trade_logic.py            | handle_connect            | Client connected to socket server. | 
2025-10-18 05:42:15:905 | INFO     | trade_logic.py            | handle_request_weekly_options | Received 'request_weekly_options' from client. Sending weekly contracts... | 
2025-10-18 05:42:15:916 | INFO     | trade_logic.py            | handle_request_open_positions | Received 'request_open_positions' from client. Sending position data... | 
2025-10-18 05:42:16:124 | ERROR    | kite_adapter.py           | fetch_fund_summary        | Kite fund summary error : Incorrect `api_key` or `access_token`. | 
2025-10-18 05:42:16:125 | DATA     | server.py                 | get_fund_summary          | Fund Summary: None | 
2025-10-18 05:42:18:649 | DEBUG    | trade_logic.py            | stop_loss_book_profit_core | Evaluating open positions for stop-loss/book-profit... | 
2025-10-18 05:42:18:650 | DEBUG    | trade_logic.py            | stop_loss_book_profit_core | {} | 
2025-10-18 05:42:23:663 | DEBUG    | trade_logic.py            | stop_loss_book_profit_core | Evaluating open positions for stop-loss/book-profit... | 
2025-10-18 05:42:23:663 | DEBUG    | trade_logic.py            | stop_loss_book_profit_core | {} | 
2025-10-18 05:42:28:673 | DEBUG    | trade_logic.py            | stop_loss_book_profit_core | Evaluating open positions for stop-loss/book-profit... | 
2025-10-18 05:42:28:674 | DEBUG    | trade_logic.py            | stop_loss_book_profit_core | {} | 
2025-10-18 05:42:32:854 | INFO     | trade_logic.py            | handle_disconnect         | Client disconnected. | 
2025-10-18 05:42:32:869 | INFO     | server.py                 | dashboard                 | Rendering buy dashboard page | 
2025-10-18 05:42:32:980 | INFO     | server.py                 | get_fund_summary          | Fetching fund summary | 
2025-10-18 05:42:32:996 | INFO     | trade_logic.py            | handle_connect            | Client connected to socket server. | 
2025-10-18 05:42:33:019 | INFO     | trade_logic.py            | handle_request_weekly_options | Received 'request_weekly_options' from client. Sending weekly contracts... | 
2025-10-18 05:42:33:030 | INFO     | trade_logic.py            | handle_request_open_positions | Received 'request_open_positions' from client. Sending position data... | 
2025-10-18 05:42:33:122 | ERROR    | kite_adapter.py           | fetch_fund_summary        | Kite fund summary error : Incorrect `api_key` or `access_token`. | 
2025-10-18 05:42:33:123 | DATA     | server.py                 | get_fund_summary          | Fund Summary: None | 
2025-10-18 05:42:33:680 | DEBUG    | trade_logic.py            | stop_loss_book_profit_core | Evaluating open positions for stop-loss/book-profit... | 
2025-10-18 05:42:33:681 | DEBUG    | trade_logic.py            | stop_loss_book_profit_core | {} | 
2025-10-18 05:42:38:687 | DEBUG    | trade_logic.py            | stop_loss_book_profit_core | Evaluating open positions for stop-loss/book-profit... | 
2025-10-18 05:42:38:688 | DEBUG    | trade_logic.py            | stop_loss_book_profit_core | {} | 
2025-10-18 05:42:43:688 | DEBUG    | trade_logic.py            | stop_loss_book_profit_core | Evaluating open positions for stop-loss/book-profit... | 
2025-10-18 05:42:43:688 | DEBUG    | trade_logic.py            | stop_loss_book_profit_core | {} | 
2025-10-18 05:42:48:694 | DEBUG    | trade_logic.py            | stop_loss_book_profit_core | Evaluating open positions for stop-loss/book-profit... | 
2025-10-18 05:42:48:694 | DEBUG    | trade_logic.py            | stop_loss_book_profit_core | {} | 
2025-10-18 05:42:53:712 | DEBUG    | trade_logic.py            | stop_loss_book_profit_core | Evaluating open positions for stop-loss/book-profit... | 
2025-10-18 05:42:53:713 | DEBUG    | trade_logic.py            | stop_loss_book_profit_core | {} | 
2025-10-18 05:42:58:733 | DEBUG    | trade_logic.py            | stop_loss_book_profit_core | Evaluating open positions for stop-loss/book-profit... | 
2025-10-18 05:42:58:734 | DEBUG    | trade_logic.py            | stop_loss_book_profit_core | {} | 
2025-10-18 05:43:03:753 | DEBUG    | trade_logic.py            | stop_loss_book_profit_core | Evaluating open positions for stop-loss/book-profit... | 
2025-10-18 05:43:03:755 | DEBUG    | trade_logic.py            | stop_loss_book_profit_core | {} | 
2025-10-18 05:43:08:756 | DEBUG    | trade_logic.py            | stop_loss_book_profit_core | Evaluating open positions for stop-loss/book-profit... | 
2025-10-18 05:43:08:756 | DEBUG    | trade_logic.py            | stop_loss_book_profit_core | {} | 
2025-10-18 05:43:13:769 | DEBUG    | trade_logic.py            | stop_loss_book_profit_core | Evaluating open positions for stop-loss/book-profit... | 
2025-10-18 05:43:13:771 | DEBUG    | trade_logic.py            | stop_loss_book_profit_core | {} | 
2025-10-18 05:43:18:783 | DEBUG    | trade_logic.py            | stop_loss_book_profit_core | Evaluating open positions for stop-loss/book-profit... | 
2025-10-18 05:43:18:784 | DEBUG    | trade_logic.py            | stop_loss_book_profit_core | {} | 
2025-10-18 05:43:23:791 | DEBUG    | trade_logic.py            | stop_loss_book_profit_core | Evaluating open positions for stop-loss/book-profit... | 
2025-10-18 05:43:23:791 | DEBUG    | trade_logic.py            | stop_loss_book_profit_core | {} | 
2025-10-18 05:43:28:801 | DEBUG    | trade_logic.py            | stop_loss_book_profit_core | Evaluating open positions for stop-loss/book-profit... | 
2025-10-18 05:43:28:802 | DEBUG    | trade_logic.py            | stop_loss_book_profit_core | {} | 
2025-10-18 05:43:29:140 | INFO     | trade_logic.py            | handle_disconnect         | Client disconnected. | 
2025-10-18 05:43:29:183 | INFO     | server.py                 | dashboard                 | Rendering buy dashboard page | 
2025-10-18 05:43:29:305 | INFO     | server.py                 | get_fund_summary          | Fetching fund summary | 
2025-10-18 05:43:29:316 | INFO     | trade_logic.py            | handle_connect            | Client connected to socket server. | 
2025-10-18 05:43:29:341 | INFO     | trade_logic.py            | handle_request_weekly_options | Received 'request_weekly_options' from client. Sending weekly contracts... | 
2025-10-18 05:43:29:346 | INFO     | trade_logic.py            | handle_request_open_positions | Received 'request_open_positions' from client. Sending position data... | 
2025-10-18 05:43:29:441 | ERROR    | kite_adapter.py           | fetch_fund_summary        | Kite fund summary error : Incorrect `api_key` or `access_token`. | 
2025-10-18 05:43:29:442 | DATA     | server.py                 | get_fund_summary          | Fund Summary: None | 
2025-10-18 05:43:30:587 | INFO     | trade_logic.py            | handle_disconnect         | Client disconnected. | 
2025-10-18 05:43:30:601 | INFO     | server.py                 | dashboard                 | Rendering buy dashboard page | 
2025-10-18 05:43:30:689 | INFO     | server.py                 | get_fund_summary          | Fetching fund summary | 
2025-10-18 05:43:30:705 | INFO     | trade_logic.py            | handle_connect            | Client connected to socket server. | 
2025-10-18 05:43:30:726 | INFO     | trade_logic.py            | handle_request_weekly_options | Received 'request_weekly_options' from client. Sending weekly contracts... | 
2025-10-18 05:43:30:736 | INFO     | trade_logic.py            | handle_request_open_positions | Received 'request_open_positions' from client. Sending position data... | 
2025-10-18 05:43:30:775 | ERROR    | kite_adapter.py           | fetch_fund_summary        | Kite fund summary error : Incorrect `api_key` or `access_token`. | 
2025-10-18 05:43:30:776 | DATA     | server.py                 | get_fund_summary          | Fund Summary: None | 
2025-10-18 05:43:33:805 | DEBUG    | trade_logic.py            | stop_loss_book_profit_core | Evaluating open positions for stop-loss/book-profit... | 
2025-10-18 05:43:33:806 | DEBUG    | trade_logic.py            | stop_loss_book_profit_core | {} | 
2025-10-18 05:43:37:451 | INFO     | trade_logic.py            | handle_disconnect         | Client disconnected. | 
2025-10-18 05:43:37:461 | INFO     | server.py                 | dashboard                 | Rendering buy dashboard page | 
2025-10-18 05:43:37:559 | INFO     | server.py                 | get_fund_summary          | Fetching fund summary | 
2025-10-18 05:43:37:574 | INFO     | trade_logic.py            | handle_connect            | Client connected to socket server. | 
2025-10-18 05:43:37:594 | INFO     | trade_logic.py            | handle_request_weekly_options | Received 'request_weekly_options' from client. Sending weekly contracts... | 
2025-10-18 05:43:37:604 | INFO     | trade_logic.py            | handle_request_open_positions | Received 'request_open_positions' from client. Sending position data... | 
2025-10-18 05:43:37:635 | ERROR    | kite_adapter.py           | fetch_fund_summary        | Kite fund summary error : Incorrect `api_key` or `access_token`. | 
2025-10-18 05:43:37:636 | DATA     | server.py                 | get_fund_summary          | Fund Summary: None | 
2025-10-18 05:43:38:090 | INFO     | trade_logic.py            | handle_disconnect         | Client disconnected. | 
2025-10-18 05:43:38:108 | INFO     | server.py                 | dashboard                 | Rendering buy dashboard page | 
2025-10-18 05:43:38:192 | INFO     | server.py                 | get_fund_summary          | Fetching fund summary | 
2025-10-18 05:43:38:209 | INFO     | trade_logic.py            | handle_connect            | Client connected to socket server. | 
2025-10-18 05:43:38:236 | INFO     | trade_logic.py            | handle_request_weekly_options | Received 'request_weekly_options' from client. Sending weekly contracts... | 
2025-10-18 05:43:38:242 | INFO     | trade_logic.py            | handle_request_open_positions | Received 'request_open_positions' from client. Sending position data... | 
2025-10-18 05:43:38:252 | ERROR    | kite_adapter.py           | fetch_fund_summary        | Kite fund summary error : Incorrect `api_key` or `access_token`. | 
2025-10-18 05:43:38:253 | DATA     | server.py                 | get_fund_summary          | Fund Summary: None | 
2025-10-18 05:43:38:815 | DEBUG    | trade_logic.py            | stop_loss_book_profit_core | Evaluating open positions for stop-loss/book-profit... | 
2025-10-18 05:43:38:817 | DEBUG    | trade_logic.py            | stop_loss_book_profit_core | {} | 
2025-10-18 05:43:43:816 | DEBUG    | trade_logic.py            | stop_loss_book_profit_core | Evaluating open positions for stop-loss/book-profit... | 
2025-10-18 05:43:43:819 | DEBUG    | trade_logic.py            | stop_loss_book_profit_core | {} | 
2025-10-18 05:43:48:821 | DEBUG    | trade_logic.py            | stop_loss_book_profit_core | Evaluating open positions for stop-loss/book-profit... | 
2025-10-18 05:43:48:823 | DEBUG    | trade_logic.py            | stop_loss_book_profit_core | {} | 
2025-10-18 05:43:53:837 | DEBUG    | trade_logic.py            | stop_loss_book_profit_core | Evaluating open positions for stop-loss/book-profit... | 
2025-10-18 05:43:53:838 | DEBUG    | trade_logic.py            | stop_loss_book_profit_core | {} | 
2025-10-18 05:43:58:856 | DEBUG    | trade_logic.py            | stop_loss_book_profit_core | Evaluating open positions for stop-loss/book-profit... | 
2025-10-18 05:43:58:857 | DEBUG    | trade_logic.py            | stop_loss_book_profit_core | {} | 
2025-10-18 05:44:03:872 | DEBUG    | trade_logic.py            | stop_loss_book_profit_core | Evaluating open positions for stop-loss/book-profit... | 
2025-10-18 05:44:03:872 | DEBUG    | trade_logic.py            | stop_loss_book_profit_core | {} | 
2025-10-18 05:44:05:548 | INFO     | trade_logic.py            | handle_disconnect         | Client disconnected. | 
2025-10-18 05:44:05:567 | INFO     | server.py                 | dashboard                 | Rendering buy dashboard page | 
2025-10-18 05:44:05:715 | INFO     | server.py                 | get_fund_summary          | Fetching fund summary | 
2025-10-18 05:44:05:731 | INFO     | trade_logic.py            | handle_connect            | Client connected to socket server. | 
2025-10-18 05:44:05:759 | INFO     | trade_logic.py            | handle_request_weekly_options | Received 'request_weekly_options' from client. Sending weekly contracts... | 
2025-10-18 05:44:05:766 | INFO     | trade_logic.py            | handle_request_open_positions | Received 'request_open_positions' from client. Sending position data... | 
2025-10-18 05:44:05:795 | ERROR    | kite_adapter.py           | fetch_fund_summary        | Kite fund summary error : Incorrect `api_key` or `access_token`. | 
2025-10-18 05:44:05:796 | DATA     | server.py                 | get_fund_summary          | Fund Summary: None | 
2025-10-18 05:44:08:874 | DEBUG    | trade_logic.py            | stop_loss_book_profit_core | Evaluating open positions for stop-loss/book-profit... | 
2025-10-18 05:44:08:875 | DEBUG    | trade_logic.py            | stop_loss_book_profit_core | {} | 
2025-10-18 05:44:13:876 | DEBUG    | trade_logic.py            | stop_loss_book_profit_core | Evaluating open positions for stop-loss/book-profit... | 
2025-10-18 05:44:13:877 | DEBUG    | trade_logic.py            | stop_loss_book_profit_core | {} | 
2025-10-18 05:44:18:892 | DEBUG    | trade_logic.py            | stop_loss_book_profit_core | Evaluating open positions for stop-loss/book-profit... | 
2025-10-18 05:44:18:893 | DEBUG    | trade_logic.py            | stop_loss_book_profit_core | {} | 
2025-10-18 05:44:23:909 | DEBUG    | trade_logic.py            | stop_loss_book_profit_core | Evaluating open positions for stop-loss/book-profit... | 
2025-10-18 05:44:23:910 | DEBUG    | trade_logic.py            | stop_loss_book_profit_core | {} | 
2025-10-18 05:44:28:922 | DEBUG    | trade_logic.py            | stop_loss_book_profit_core | Evaluating open positions for stop-loss/book-profit... | 
2025-10-18 05:44:28:923 | DEBUG    | trade_logic.py            | stop_loss_book_profit_core | {} | 
2025-10-18 05:44:33:933 | DEBUG    | trade_logic.py            | stop_loss_book_profit_core | Evaluating open positions for stop-loss/book-profit... | 
2025-10-18 05:44:33:934 | DEBUG    | trade_logic.py            | stop_loss_book_profit_core | {} | 
2025-10-18 05:44:38:948 | DEBUG    | trade_logic.py            | stop_loss_book_profit_core | Evaluating open positions for stop-loss/book-profit... | 
2025-10-18 05:44:38:949 | DEBUG    | trade_logic.py            | stop_loss_book_profit_core | {} | 
2025-10-18 05:44:43:951 | DEBUG    | trade_logic.py            | stop_loss_book_profit_core | Evaluating open positions for stop-loss/book-profit... | 
2025-10-18 05:44:43:952 | DEBUG    | trade_logic.py            | stop_loss_book_profit_core | {} | 
2025-10-18 05:44:48:954 | DEBUG    | trade_logic.py            | stop_loss_book_profit_core | Evaluating open positions for stop-loss/book-profit... | 
2025-10-18 05:44:48:954 | DEBUG    | trade_logic.py            | stop_loss_book_profit_core | {} | 
2025-10-18 05:44:53:960 | DEBUG    | trade_logic.py            | stop_loss_book_profit_core | Evaluating open positions for stop-loss/book-profit... | 
2025-10-18 05:44:53:961 | DEBUG    | trade_logic.py            | stop_loss_book_profit_core | {} | 
2025-10-18 05:44:58:964 | DEBUG    | trade_logic.py            | stop_loss_book_profit_core | Evaluating open positions for stop-loss/book-profit... | 
2025-10-18 05:44:58:965 | DEBUG    | trade_logic.py            | stop_loss_book_profit_core | {} | 
2025-10-18 05:45:03:969 | DEBUG    | trade_logic.py            | stop_loss_book_profit_core | Evaluating open positions for stop-loss/book-profit... | 
2025-10-18 05:45:03:969 | DEBUG    | trade_logic.py            | stop_loss_book_profit_core | {} | 
2025-10-18 05:45:08:988 | DEBUG    | trade_logic.py            | stop_loss_book_profit_core | Evaluating open positions for stop-loss/book-profit... | 
2025-10-18 05:45:08:989 | DEBUG    | trade_logic.py            | stop_loss_book_profit_core | {} | 
2025-10-18 05:45:14:007 | DEBUG    | trade_logic.py            | stop_loss_book_profit_core | Evaluating open positions for stop-loss/book-profit... | 
2025-10-18 05:45:14:009 | DEBUG    | trade_logic.py            | stop_loss_book_profit_core | {} | 
2025-10-18 05:45:19:026 | DEBUG    | trade_logic.py            | stop_loss_book_profit_core | Evaluating open positions for stop-loss/book-profit... | 
2025-10-18 05:45:19:028 | DEBUG    | trade_logic.py            | stop_loss_book_profit_core | {} | 
2025-10-18 05:45:24:045 | DEBUG    | trade_logic.py            | stop_loss_book_profit_core | Evaluating open positions for stop-loss/book-profit... | 
2025-10-18 05:45:24:047 | DEBUG    | trade_logic.py            | stop_loss_book_profit_core | {} | 
2025-10-18 05:45:29:064 | DEBUG    | trade_logic.py            | stop_loss_book_profit_core | Evaluating open positions for stop-loss/book-profit... | 
2025-10-18 05:45:29:066 | DEBUG    | trade_logic.py            | stop_loss_book_profit_core | {} | 
2025-10-18 05:45:34:085 | DEBUG    | trade_logic.py            | stop_loss_book_profit_core | Evaluating open positions for stop-loss/book-profit... | 
2025-10-18 05:45:34:086 | DEBUG    | trade_logic.py            | stop_loss_book_profit_core | {} | 
2025-10-18 05:45:39:103 | DEBUG    | trade_logic.py            | stop_loss_book_profit_core | Evaluating open positions for stop-loss/book-profit... | 
2025-10-18 05:45:39:105 | DEBUG    | trade_logic.py            | stop_loss_book_profit_core | {} | 
2025-10-18 05:45:44:105 | DEBUG    | trade_logic.py            | stop_loss_book_profit_core | Evaluating open positions for stop-loss/book-profit... | 
2025-10-18 05:45:44:106 | DEBUG    | trade_logic.py            | stop_loss_book_profit_core | {} | 
2025-10-18 05:45:49:106 | DEBUG    | trade_logic.py            | stop_loss_book_profit_core | Evaluating open positions for stop-loss/book-profit... | 
2025-10-18 05:45:49:107 | DEBUG    | trade_logic.py            | stop_loss_book_profit_core | {} | 
2025-10-18 05:45:54:121 | DEBUG    | trade_logic.py            | stop_loss_book_profit_core | Evaluating open positions for stop-loss/book-profit... | 
2025-10-18 05:45:54:122 | DEBUG    | trade_logic.py            | stop_loss_book_profit_core | {} | 
2025-10-18 05:45:59:124 | DEBUG    | trade_logic.py            | stop_loss_book_profit_core | Evaluating open positions for stop-loss/book-profit... | 
2025-10-18 05:45:59:125 | DEBUG    | trade_logic.py            | stop_loss_book_profit_core | {} | 
2025-10-18 05:46:04:132 | DEBUG    | trade_logic.py            | stop_loss_book_profit_core | Evaluating open positions for stop-loss/book-profit... | 
2025-10-18 05:46:04:133 | DEBUG    | trade_logic.py            | stop_loss_book_profit_core | {} | 
2025-10-18 05:46:09:140 | DEBUG    | trade_logic.py            | stop_loss_book_profit_core | Evaluating open positions for stop-loss/book-profit... | 
2025-10-18 05:46:09:141 | DEBUG    | trade_logic.py            | stop_loss_book_profit_core | {} | 
2025-10-18 05:46:14:145 | DEBUG    | trade_logic.py            | stop_loss_book_profit_core | Evaluating open positions for stop-loss/book-profit... | 
2025-10-18 05:46:14:146 | DEBUG    | trade_logic.py            | stop_loss_book_profit_core | {} | 
2025-10-18 05:46:19:162 | DEBUG    | trade_logic.py            | stop_loss_book_profit_core | Evaluating open positions for stop-loss/book-profit... | 
2025-10-18 05:46:19:162 | DEBUG    | trade_logic.py            | stop_loss_book_profit_core | {} | 
2025-10-18 05:46:24:162 | DEBUG    | trade_logic.py            | stop_loss_book_profit_core | Evaluating open positions for stop-loss/book-profit... | 
2025-10-18 05:46:24:163 | DEBUG    | trade_logic.py            | stop_loss_book_profit_core | {} | 
2025-10-18 05:46:29:175 | DEBUG    | trade_logic.py            | stop_loss_book_profit_core | Evaluating open positions for stop-loss/book-profit... | 
2025-10-18 05:46:29:176 | DEBUG    | trade_logic.py            | stop_loss_book_profit_core | {} | 
2025-10-18 05:46:34:186 | DEBUG    | trade_logic.py            | stop_loss_book_profit_core | Evaluating open positions for stop-loss/book-profit... | 
2025-10-18 05:46:34:187 | DEBUG    | trade_logic.py            | stop_loss_book_profit_core | {} | 
2025-10-18 05:46:39:189 | DEBUG    | trade_logic.py            | stop_loss_book_profit_core | Evaluating open positions for stop-loss/book-profit... | 
2025-10-18 05:46:39:190 | DEBUG    | trade_logic.py            | stop_loss_book_profit_core | {} | 
2025-10-18 05:46:44:192 | DEBUG    | trade_logic.py            | stop_loss_book_profit_core | Evaluating open positions for stop-loss/book-profit... | 
2025-10-18 05:46:44:192 | DEBUG    | trade_logic.py            | stop_loss_book_profit_core | {} | 
2025-10-18 05:46:49:196 | DEBUG    | trade_logic.py            | stop_loss_book_profit_core | Evaluating open positions for stop-loss/book-profit... | 
2025-10-18 05:46:49:197 | DEBUG    | trade_logic.py            | stop_loss_book_profit_core | {} | 
2025-10-18 05:46:54:198 | DEBUG    | trade_logic.py            | stop_loss_book_profit_core | Evaluating open positions for stop-loss/book-profit... | 
2025-10-18 05:46:54:199 | DEBUG    | trade_logic.py            | stop_loss_book_profit_core | {} | 
2025-10-18 05:46:59:204 | DEBUG    | trade_logic.py            | stop_loss_book_profit_core | Evaluating open positions for stop-loss/book-profit... | 
2025-10-18 05:46:59:206 | DEBUG    | trade_logic.py            | stop_loss_book_profit_core | {} | 
2025-10-18 05:47:04:208 | DEBUG    | trade_logic.py            | stop_loss_book_profit_core | Evaluating open positions for stop-loss/book-profit... | 
2025-10-18 05:47:04:209 | DEBUG    | trade_logic.py            | stop_loss_book_profit_core | {} | 
2025-10-18 05:47:09:213 | DEBUG    | trade_logic.py            | stop_loss_book_profit_core | Evaluating open positions for stop-loss/book-profit... | 
2025-10-18 05:47:09:214 | DEBUG    | trade_logic.py            | stop_loss_book_profit_core | {} | 
2025-10-18 05:47:14:218 | DEBUG    | trade_logic.py            | stop_loss_book_profit_core | Evaluating open positions for stop-loss/book-profit... | 
2025-10-18 05:47:14:219 | DEBUG    | trade_logic.py            | stop_loss_book_profit_core | {} | 
2025-10-18 05:47:19:224 | DEBUG    | trade_logic.py            | stop_loss_book_profit_core | Evaluating open positions for stop-loss/book-profit... | 
2025-10-18 05:47:19:225 | DEBUG    | trade_logic.py            | stop_loss_book_profit_core | {} | 
2025-10-18 05:47:24:246 | DEBUG    | trade_logic.py            | stop_loss_book_profit_core | Evaluating open positions for stop-loss/book-profit... | 
2025-10-18 05:47:24:247 | DEBUG    | trade_logic.py            | stop_loss_book_profit_core | {} | 
2025-10-18 05:47:29:266 | DEBUG    | trade_logic.py            | stop_loss_book_profit_core | Evaluating open positions for stop-loss/book-profit... | 
2025-10-18 05:47:29:267 | DEBUG    | trade_logic.py            | stop_loss_book_profit_core | {} | 
2025-10-18 05:47:34:288 | DEBUG    | trade_logic.py            | stop_loss_book_profit_core | Evaluating open positions for stop-loss/book-profit... | 
2025-10-18 05:47:34:290 | DEBUG    | trade_logic.py            | stop_loss_book_profit_core | {} | 
2025-10-18 05:47:39:309 | DEBUG    | trade_logic.py            | stop_loss_book_profit_core | Evaluating open positions for stop-loss/book-profit... | 
2025-10-18 05:47:39:311 | DEBUG    | trade_logic.py            | stop_loss_book_profit_core | {} | 
2025-10-18 05:47:44:309 | DEBUG    | trade_logic.py            | stop_loss_book_profit_core | Evaluating open positions for stop-loss/book-profit... | 
2025-10-18 05:47:44:310 | DEBUG    | trade_logic.py            | stop_loss_book_profit_core | {} | 
2025-10-18 05:47:49:314 | DEBUG    | trade_logic.py            | stop_loss_book_profit_core | Evaluating open positions for stop-loss/book-profit... | 
2025-10-18 05:47:49:315 | DEBUG    | trade_logic.py            | stop_loss_book_profit_core | {} | 
2025-10-18 05:47:54:316 | DEBUG    | trade_logic.py            | stop_loss_book_profit_core | Evaluating open positions for stop-loss/book-profit... | 
2025-10-18 05:47:54:317 | DEBUG    | trade_logic.py            | stop_loss_book_profit_core | {} | 
2025-10-18 05:47:59:321 | DEBUG    | trade_logic.py            | stop_loss_book_profit_core | Evaluating open positions for stop-loss/book-profit... | 
2025-10-18 05:47:59:324 | DEBUG    | trade_logic.py            | stop_loss_book_profit_core | {} | 
2025-10-18 05:48:04:336 | DEBUG    | trade_logic.py            | stop_loss_book_profit_core | Evaluating open positions for stop-loss/book-profit... | 
2025-10-18 05:48:04:337 | DEBUG    | trade_logic.py            | stop_loss_book_profit_core | {} | 
2025-10-18 05:48:09:353 | DEBUG    | trade_logic.py            | stop_loss_book_profit_core | Evaluating open positions for stop-loss/book-profit... | 
2025-10-18 05:48:09:353 | DEBUG    | trade_logic.py            | stop_loss_book_profit_core | {} | 
2025-10-18 05:48:14:373 | DEBUG    | trade_logic.py            | stop_loss_book_profit_core | Evaluating open positions for stop-loss/book-profit... | 
2025-10-18 05:48:14:373 | DEBUG    | trade_logic.py            | stop_loss_book_profit_core | {} | 
2025-10-18 05:48:19:380 | DEBUG    | trade_logic.py            | stop_loss_book_profit_core | Evaluating open positions for stop-loss/book-profit... | 
2025-10-18 05:48:19:381 | DEBUG    | trade_logic.py            | stop_loss_book_profit_core | {} | 
2025-10-18 05:48:24:393 | DEBUG    | trade_logic.py            | stop_loss_book_profit_core | Evaluating open positions for stop-loss/book-profit... | 
2025-10-18 05:48:24:394 | DEBUG    | trade_logic.py            | stop_loss_book_profit_core | {} | 
2025-10-18 05:48:29:401 | DEBUG    | trade_logic.py            | stop_loss_book_profit_core | Evaluating open positions for stop-loss/book-profit... | 
2025-10-18 05:48:29:402 | DEBUG    | trade_logic.py            | stop_loss_book_profit_core | {} | 
2025-10-18 05:48:34:421 | DEBUG    | trade_logic.py            | stop_loss_book_profit_core | Evaluating open positions for stop-loss/book-profit... | 
2025-10-18 05:48:34:422 | DEBUG    | trade_logic.py            | stop_loss_book_profit_core | {} | 
2025-10-18 05:48:39:439 | DEBUG    | trade_logic.py            | stop_loss_book_profit_core | Evaluating open positions for stop-loss/book-profit... | 
2025-10-18 05:48:39:440 | DEBUG    | trade_logic.py            | stop_loss_book_profit_core | {} | 
2025-10-18 05:48:44:451 | DEBUG    | trade_logic.py            | stop_loss_book_profit_core | Evaluating open positions for stop-loss/book-profit... | 
2025-10-18 05:48:44:451 | DEBUG    | trade_logic.py            | stop_loss_book_profit_core | {} | 
2025-10-18 05:48:49:457 | DEBUG    | trade_logic.py            | stop_loss_book_profit_core | Evaluating open positions for stop-loss/book-profit... | 
2025-10-18 05:48:49:459 | DEBUG    | trade_logic.py            | stop_loss_book_profit_core | {} | 
2025-10-18 05:48:54:464 | DEBUG    | trade_logic.py            | stop_loss_book_profit_core | Evaluating open positions for stop-loss/book-profit... | 
2025-10-18 05:48:54:469 | DEBUG    | trade_logic.py            | stop_loss_book_profit_core | {} | 
2025-10-18 05:48:59:468 | DEBUG    | trade_logic.py            | stop_loss_book_profit_core | Evaluating open positions for stop-loss/book-profit... | 
2025-10-18 05:48:59:469 | DEBUG    | trade_logic.py            | stop_loss_book_profit_core | {} | 
2025-10-18 05:49:04:483 | DEBUG    | trade_logic.py            | stop_loss_book_profit_core | Evaluating open positions for stop-loss/book-profit... | 
2025-10-18 05:49:04:484 | DEBUG    | trade_logic.py            | stop_loss_book_profit_core | {} | 
2025-10-18 05:49:09:487 | DEBUG    | trade_logic.py            | stop_loss_book_profit_core | Evaluating open positions for stop-loss/book-profit... | 
2025-10-18 05:49:09:488 | DEBUG    | trade_logic.py            | stop_loss_book_profit_core | {} | 
2025-10-18 05:49:14:491 | DEBUG    | trade_logic.py            | stop_loss_book_profit_core | Evaluating open positions for stop-loss/book-profit... | 
2025-10-18 05:49:14:492 | DEBUG    | trade_logic.py            | stop_loss_book_profit_core | {} | 
2025-10-18 05:49:19:496 | DEBUG    | trade_logic.py            | stop_loss_book_profit_core | Evaluating open positions for stop-loss/book-profit... | 
2025-10-18 05:49:19:497 | DEBUG    | trade_logic.py            | stop_loss_book_profit_core | {} | 
2025-10-18 05:49:24:516 | DEBUG    | trade_logic.py            | stop_loss_book_profit_core | Evaluating open positions for stop-loss/book-profit... | 
2025-10-18 05:49:24:517 | DEBUG    | trade_logic.py            | stop_loss_book_profit_core | {} | 
2025-10-18 05:49:29:527 | DEBUG    | trade_logic.py            | stop_loss_book_profit_core | Evaluating open positions for stop-loss/book-profit... | 
2025-10-18 05:49:29:528 | DEBUG    | trade_logic.py            | stop_loss_book_profit_core | {} | 
2025-10-18 05:49:34:535 | DEBUG    | trade_logic.py            | stop_loss_book_profit_core | Evaluating open positions for stop-loss/book-profit... | 
2025-10-18 05:49:34:537 | DEBUG    | trade_logic.py            | stop_loss_book_profit_core | {} | 
2025-10-18 05:49:39:547 | DEBUG    | trade_logic.py            | stop_loss_book_profit_core | Evaluating open positions for stop-loss/book-profit... | 
2025-10-18 05:49:39:548 | DEBUG    | trade_logic.py            | stop_loss_book_profit_core | {} | 
2025-10-18 05:49:43:645 | INFO     | trade_logic.py            | handle_disconnect         | Client disconnected. | 
2025-10-18 05:49:44:561 | DEBUG    | trade_logic.py            | stop_loss_book_profit_core | Evaluating open positions for stop-loss/book-profit... | 
2025-10-18 05:49:44:562 | DEBUG    | trade_logic.py            | stop_loss_book_profit_core | {} | 
2025-10-18 05:49:49:582 | DEBUG    | trade_logic.py            | stop_loss_book_profit_core | Evaluating open positions for stop-loss/book-profit... | 
2025-10-18 05:49:49:583 | DEBUG    | trade_logic.py            | stop_loss_book_profit_core | {} | 
2025-10-18 05:49:54:603 | DEBUG    | trade_logic.py            | stop_loss_book_profit_core | Evaluating open positions for stop-loss/book-profit... | 
2025-10-18 05:49:54:604 | DEBUG    | trade_logic.py            | stop_loss_book_profit_core | {} | 
2025-10-18 05:49:59:621 | DEBUG    | trade_logic.py            | stop_loss_book_profit_core | Evaluating open positions for stop-loss/book-profit... | 
2025-10-18 05:49:59:622 | DEBUG    | trade_logic.py            | stop_loss_book_profit_core | {} | 
2025-10-18 05:50:04:636 | DEBUG    | trade_logic.py            | stop_loss_book_profit_core | Evaluating open positions for stop-loss/book-profit... | 
2025-10-18 05:50:04:637 | DEBUG    | trade_logic.py            | stop_loss_book_profit_core | {} | 
2025-10-18 05:50:09:638 | DEBUG    | trade_logic.py            | stop_loss_book_profit_core | Evaluating open positions for stop-loss/book-profit... | 
2025-10-18 05:50:09:639 | DEBUG    | trade_logic.py            | stop_loss_book_profit_core | {} | 
2025-10-18 05:50:14:641 | DEBUG    | trade_logic.py            | stop_loss_book_profit_core | Evaluating open positions for stop-loss/book-profit... | 
2025-10-18 05:50:14:641 | DEBUG    | trade_logic.py            | stop_loss_book_profit_core | {} | 
2025-10-18 05:50:19:661 | DEBUG    | trade_logic.py            | stop_loss_book_profit_core | Evaluating open positions for stop-loss/book-profit... | 
2025-10-18 05:50:19:661 | DEBUG    | trade_logic.py            | stop_loss_book_profit_core | {} | 
2025-10-18 05:50:24:667 | DEBUG    | trade_logic.py            | stop_loss_book_profit_core | Evaluating open positions for stop-loss/book-profit... | 
2025-10-18 05:50:24:668 | DEBUG    | trade_logic.py            | stop_loss_book_profit_core | {} | 
2025-10-18 05:50:29:682 | DEBUG    | trade_logic.py            | stop_loss_book_profit_core | Evaluating open positions for stop-loss/book-profit... | 
2025-10-18 05:50:29:682 | DEBUG    | trade_logic.py            | stop_loss_book_profit_core | {} | 
2025-10-18 05:50:34:682 | DEBUG    | trade_logic.py            | stop_loss_book_profit_core | Evaluating open positions for stop-loss/book-profit... | 
2025-10-18 05:50:34:683 | DEBUG    | trade_logic.py            | stop_loss_book_profit_core | {} | 
2025-10-18 05:50:39:699 | DEBUG    | trade_logic.py            | stop_loss_book_profit_core | Evaluating open positions for stop-loss/book-profit... | 
2025-10-18 05:50:39:700 | DEBUG    | trade_logic.py            | stop_loss_book_profit_core | {} | 
2025-10-18 05:50:44:704 | DEBUG    | trade_logic.py            | stop_loss_book_profit_core | Evaluating open positions for stop-loss/book-profit... | 
2025-10-18 05:50:44:704 | DEBUG    | trade_logic.py            | stop_loss_book_profit_core | {} | 
2025-10-18 05:50:49:715 | DEBUG    | trade_logic.py            | stop_loss_book_profit_core | Evaluating open positions for stop-loss/book-profit... | 
2025-10-18 05:50:49:715 | DEBUG    | trade_logic.py            | stop_loss_book_profit_core | {} | 
2025-10-18 05:50:54:721 | DEBUG    | trade_logic.py            | stop_loss_book_profit_core | Evaluating open positions for stop-loss/book-profit... | 
2025-10-18 05:50:54:724 | DEBUG    | trade_logic.py            | stop_loss_book_profit_core | {} | 
2025-10-18 05:50:59:727 | DEBUG    | trade_logic.py            | stop_loss_book_profit_core | Evaluating open positions for stop-loss/book-profit... | 
2025-10-18 05:50:59:728 | DEBUG    | trade_logic.py            | stop_loss_book_profit_core | {} | 
2025-10-18 05:51:04:731 | DEBUG    | trade_logic.py            | stop_loss_book_profit_core | Evaluating open positions for stop-loss/book-profit... | 
2025-10-18 05:51:04:732 | DEBUG    | trade_logic.py            | stop_loss_book_profit_core | {} | 
2025-10-18 05:51:09:750 | DEBUG    | trade_logic.py            | stop_loss_book_profit_core | Evaluating open positions for stop-loss/book-profit... | 
2025-10-18 05:51:09:752 | DEBUG    | trade_logic.py            | stop_loss_book_profit_core | {} | 
2025-10-18 05:51:14:769 | DEBUG    | trade_logic.py            | stop_loss_book_profit_core | Evaluating open positions for stop-loss/book-profit... | 
2025-10-18 05:51:14:770 | DEBUG    | trade_logic.py            | stop_loss_book_profit_core | {} | 
2025-10-18 05:51:19:782 | DEBUG    | trade_logic.py            | stop_loss_book_profit_core | Evaluating open positions for stop-loss/book-profit... | 
2025-10-18 05:51:19:784 | DEBUG    | trade_logic.py            | stop_loss_book_profit_core | {} | 
2025-10-18 05:51:24:793 | DEBUG    | trade_logic.py            | stop_loss_book_profit_core | Evaluating open positions for stop-loss/book-profit... | 
2025-10-18 05:51:24:795 | DEBUG    | trade_logic.py            | stop_loss_book_profit_core | {} | 
2025-10-18 05:51:29:811 | DEBUG    | trade_logic.py            | stop_loss_book_profit_core | Evaluating open positions for stop-loss/book-profit... | 
2025-10-18 05:51:29:812 | DEBUG    | trade_logic.py            | stop_loss_book_profit_core | {} | 
2025-10-18 05:51:34:820 | DEBUG    | trade_logic.py            | stop_loss_book_profit_core | Evaluating open positions for stop-loss/book-profit... | 
2025-10-18 05:51:34:826 | DEBUG    | trade_logic.py            | stop_loss_book_profit_core | {} | 
2025-10-18 05:51:39:839 | DEBUG    | trade_logic.py            | stop_loss_book_profit_core | Evaluating open positions for stop-loss/book-profit... | 
2025-10-18 05:51:39:840 | DEBUG    | trade_logic.py            | stop_loss_book_profit_core | {} | 
2025-10-18 05:51:44:849 | DEBUG    | trade_logic.py            | stop_loss_book_profit_core | Evaluating open positions for stop-loss/book-profit... | 
2025-10-18 05:51:44:850 | DEBUG    | trade_logic.py            | stop_loss_book_profit_core | {} | 
2025-10-18 05:51:49:866 | DEBUG    | trade_logic.py            | stop_loss_book_profit_core | Evaluating open positions for stop-loss/book-profit... | 
2025-10-18 05:51:49:867 | DEBUG    | trade_logic.py            | stop_loss_book_profit_core | {} | 
2025-10-18 05:51:54:866 | DEBUG    | trade_logic.py            | stop_loss_book_profit_core | Evaluating open positions for stop-loss/book-profit... | 
2025-10-18 05:51:54:868 | DEBUG    | trade_logic.py            | stop_loss_book_profit_core | {} | 
2025-10-18 05:51:59:870 | DEBUG    | trade_logic.py            | stop_loss_book_profit_core | Evaluating open positions for stop-loss/book-profit... | 
2025-10-18 05:51:59:872 | DEBUG    | trade_logic.py            | stop_loss_book_profit_core | {} | 
2025-10-18 05:52:04:871 | DEBUG    | trade_logic.py            | stop_loss_book_profit_core | Evaluating open positions for stop-loss/book-profit... | 
2025-10-18 05:52:04:872 | DEBUG    | trade_logic.py            | stop_loss_book_profit_core | {} | 
2025-10-18 05:52:09:876 | DEBUG    | trade_logic.py            | stop_loss_book_profit_core | Evaluating open positions for stop-loss/book-profit... | 
2025-10-18 05:52:09:877 | DEBUG    | trade_logic.py            | stop_loss_book_profit_core | {} | 
2025-10-18 05:52:14:887 | DEBUG    | trade_logic.py            | stop_loss_book_profit_core | Evaluating open positions for stop-loss/book-profit... | 
2025-10-18 05:52:14:888 | DEBUG    | trade_logic.py            | stop_loss_book_profit_core | {} | 
2025-10-18 05:52:19:898 | DEBUG    | trade_logic.py            | stop_loss_book_profit_core | Evaluating open positions for stop-loss/book-profit... | 
2025-10-18 05:52:19:899 | DEBUG    | trade_logic.py            | stop_loss_book_profit_core | {} | 
2025-10-18 05:52:24:906 | DEBUG    | trade_logic.py            | stop_loss_book_profit_core | Evaluating open positions for stop-loss/book-profit... | 
2025-10-18 05:52:24:907 | DEBUG    | trade_logic.py            | stop_loss_book_profit_core | {} | 
2025-10-18 05:52:29:910 | DEBUG    | trade_logic.py            | stop_loss_book_profit_core | Evaluating open positions for stop-loss/book-profit... | 
2025-10-18 05:52:29:911 | DEBUG    | trade_logic.py            | stop_loss_book_profit_core | {} | 
2025-10-18 05:52:34:914 | DEBUG    | trade_logic.py            | stop_loss_book_profit_core | Evaluating open positions for stop-loss/book-profit... | 
2025-10-18 05:52:34:915 | DEBUG    | trade_logic.py            | stop_loss_book_profit_core | {} | 
2025-10-18 05:52:39:923 | DEBUG    | trade_logic.py            | stop_loss_book_profit_core | Evaluating open positions for stop-loss/book-profit... | 
2025-10-18 05:52:39:924 | DEBUG    | trade_logic.py            | stop_loss_book_profit_core | {} | 
2025-10-18 05:52:44:942 | DEBUG    | trade_logic.py            | stop_loss_book_profit_core | Evaluating open positions for stop-loss/book-profit... | 
2025-10-18 05:52:44:942 | DEBUG    | trade_logic.py            | stop_loss_book_profit_core | {} | 
2025-10-18 05:52:49:950 | DEBUG    | trade_logic.py            | stop_loss_book_profit_core | Evaluating open positions for stop-loss/book-profit... | 
2025-10-18 05:52:49:951 | DEBUG    | trade_logic.py            | stop_loss_book_profit_core | {} | 
2025-10-18 05:52:54:956 | DEBUG    | trade_logic.py            | stop_loss_book_profit_core | Evaluating open positions for stop-loss/book-profit... | 
2025-10-18 05:52:54:957 | DEBUG    | trade_logic.py            | stop_loss_book_profit_core | {} | 
2025-10-18 05:52:59:959 | DEBUG    | trade_logic.py            | stop_loss_book_profit_core | Evaluating open positions for stop-loss/book-profit... | 
2025-10-18 05:52:59:960 | DEBUG    | trade_logic.py            | stop_loss_book_profit_core | {} | 
2025-10-18 05:53:04:969 | DEBUG    | trade_logic.py            | stop_loss_book_profit_core | Evaluating open positions for stop-loss/book-profit... | 
2025-10-18 05:53:04:980 | DEBUG    | trade_logic.py            | stop_loss_book_profit_core | {} | 
2025-10-18 05:53:09:992 | DEBUG    | trade_logic.py            | stop_loss_book_profit_core | Evaluating open positions for stop-loss/book-profit... | 
2025-10-18 05:53:09:993 | DEBUG    | trade_logic.py            | stop_loss_book_profit_core | {} | 
2025-10-18 05:53:14:998 | DEBUG    | trade_logic.py            | stop_loss_book_profit_core | Evaluating open positions for stop-loss/book-profit... | 
2025-10-18 05:53:14:998 | DEBUG    | trade_logic.py            | stop_loss_book_profit_core | {} | 
2025-10-18 05:53:20:010 | DEBUG    | trade_logic.py            | stop_loss_book_profit_core | Evaluating open positions for stop-loss/book-profit... | 
2025-10-18 05:53:20:011 | DEBUG    | trade_logic.py            | stop_loss_book_profit_core | {} | 
2025-10-18 05:53:25:027 | DEBUG    | trade_logic.py            | stop_loss_book_profit_core | Evaluating open positions for stop-loss/book-profit... | 
2025-10-18 05:53:25:029 | DEBUG    | trade_logic.py            | stop_loss_book_profit_core | {} | 
2025-10-18 05:53:30:038 | DEBUG    | trade_logic.py            | stop_loss_book_profit_core | Evaluating open positions for stop-loss/book-profit... | 
2025-10-18 05:53:30:039 | DEBUG    | trade_logic.py            | stop_loss_book_profit_core | {} | 
2025-10-18 05:53:35:038 | DEBUG    | trade_logic.py            | stop_loss_book_profit_core | Evaluating open positions for stop-loss/book-profit... | 
2025-10-18 05:53:35:039 | DEBUG    | trade_logic.py            | stop_loss_book_profit_core | {} | 
2025-10-18 05:53:40:045 | DEBUG    | trade_logic.py            | stop_loss_book_profit_core | Evaluating open positions for stop-loss/book-profit... | 
2025-10-18 05:53:40:047 | DEBUG    | trade_logic.py            | stop_loss_book_profit_core | {} | 
2025-10-18 05:53:45:051 | DEBUG    | trade_logic.py            | stop_loss_book_profit_core | Evaluating open positions for stop-loss/book-profit... | 
2025-10-18 05:53:45:053 | DEBUG    | trade_logic.py            | stop_loss_book_profit_core | {} | 
2025-10-18 05:53:50:056 | DEBUG    | trade_logic.py            | stop_loss_book_profit_core | Evaluating open positions for stop-loss/book-profit... | 
2025-10-18 05:53:50:056 | DEBUG    | trade_logic.py            | stop_loss_book_profit_core | {} | 
2025-10-18 05:53:55:062 | DEBUG    | trade_logic.py            | stop_loss_book_profit_core | Evaluating open positions for stop-loss/book-profit... | 
2025-10-18 05:53:55:064 | DEBUG    | trade_logic.py            | stop_loss_book_profit_core | {} | 
2025-10-18 05:54:00:069 | DEBUG    | trade_logic.py            | stop_loss_book_profit_core | Evaluating open positions for stop-loss/book-profit... | 
2025-10-18 05:54:00:071 | DEBUG    | trade_logic.py            | stop_loss_book_profit_core | {} | 
2025-10-18 05:54:05:085 | DEBUG    | trade_logic.py            | stop_loss_book_profit_core | Evaluating open positions for stop-loss/book-profit... | 
2025-10-18 05:54:05:086 | DEBUG    | trade_logic.py            | stop_loss_book_profit_core | {} | 
2025-10-18 05:54:10:105 | DEBUG    | trade_logic.py            | stop_loss_book_profit_core | Evaluating open positions for stop-loss/book-profit... | 
2025-10-18 05:54:10:106 | DEBUG    | trade_logic.py            | stop_loss_book_profit_core | {} | 
2025-10-18 05:54:15:124 | DEBUG    | trade_logic.py            | stop_loss_book_profit_core | Evaluating open positions for stop-loss/book-profit... | 
2025-10-18 05:54:15:125 | DEBUG    | trade_logic.py            | stop_loss_book_profit_core | {} | 
2025-10-18 05:54:20:125 | DEBUG    | trade_logic.py            | stop_loss_book_profit_core | Evaluating open positions for stop-loss/book-profit... | 
2025-10-18 05:54:20:126 | DEBUG    | trade_logic.py            | stop_loss_book_profit_core | {} | 
2025-10-18 05:54:25:126 | DEBUG    | trade_logic.py            | stop_loss_book_profit_core | Evaluating open positions for stop-loss/book-profit... | 
2025-10-18 05:54:25:127 | DEBUG    | trade_logic.py            | stop_loss_book_profit_core | {} | 
2025-10-18 05:54:30:141 | DEBUG    | trade_logic.py            | stop_loss_book_profit_core | Evaluating open positions for stop-loss/book-profit... | 
2025-10-18 05:54:30:142 | DEBUG    | trade_logic.py            | stop_loss_book_profit_core | {} | 
2025-10-18 05:54:35:141 | DEBUG    | trade_logic.py            | stop_loss_book_profit_core | Evaluating open positions for stop-loss/book-profit... | 
2025-10-18 05:54:35:142 | DEBUG    | trade_logic.py            | stop_loss_book_profit_core | {} | 
2025-10-18 05:54:40:142 | DEBUG    | trade_logic.py            | stop_loss_book_profit_core | Evaluating open positions for stop-loss/book-profit... | 
2025-10-18 05:54:40:142 | DEBUG    | trade_logic.py            | stop_loss_book_profit_core | {} | 
2025-10-18 05:54:45:146 | DEBUG    | trade_logic.py            | stop_loss_book_profit_core | Evaluating open positions for stop-loss/book-profit... | 
2025-10-18 05:54:45:147 | DEBUG    | trade_logic.py            | stop_loss_book_profit_core | {} | 
2025-10-18 05:54:50:160 | DEBUG    | trade_logic.py            | stop_loss_book_profit_core | Evaluating open positions for stop-loss/book-profit... | 
2025-10-18 05:54:50:161 | DEBUG    | trade_logic.py            | stop_loss_book_profit_core | {} | 
2025-10-18 05:54:55:171 | DEBUG    | trade_logic.py            | stop_loss_book_profit_core | Evaluating open positions for stop-loss/book-profit... | 
2025-10-18 05:54:55:172 | DEBUG    | trade_logic.py            | stop_loss_book_profit_core | {} | 
2025-10-18 05:55:00:174 | DEBUG    | trade_logic.py            | stop_loss_book_profit_core | Evaluating open positions for stop-loss/book-profit... | 
2025-10-18 05:55:00:175 | DEBUG    | trade_logic.py            | stop_loss_book_profit_core | {} | 
2025-10-18 05:55:05:194 | DEBUG    | trade_logic.py            | stop_loss_book_profit_core | Evaluating open positions for stop-loss/book-profit... | 
2025-10-18 05:55:05:195 | DEBUG    | trade_logic.py            | stop_loss_book_profit_core | {} | 
2025-10-18 05:55:10:210 | DEBUG    | trade_logic.py            | stop_loss_book_profit_core | Evaluating open positions for stop-loss/book-profit... | 
2025-10-18 05:55:10:211 | DEBUG    | trade_logic.py            | stop_loss_book_profit_core | {} | 
2025-10-18 05:55:15:227 | DEBUG    | trade_logic.py            | stop_loss_book_profit_core | Evaluating open positions for stop-loss/book-profit... | 
2025-10-18 05:55:15:228 | DEBUG    | trade_logic.py            | stop_loss_book_profit_core | {} | 
2025-10-18 05:55:20:230 | DEBUG    | trade_logic.py            | stop_loss_book_profit_core | Evaluating open positions for stop-loss/book-profit... | 
2025-10-18 05:55:20:231 | DEBUG    | trade_logic.py            | stop_loss_book_profit_core | {} | 
2025-10-18 05:55:25:236 | DEBUG    | trade_logic.py            | stop_loss_book_profit_core | Evaluating open positions for stop-loss/book-profit... | 
2025-10-18 05:55:25:237 | DEBUG    | trade_logic.py            | stop_loss_book_profit_core | {} | 
2025-10-18 05:55:30:242 | DEBUG    | trade_logic.py            | stop_loss_book_profit_core | Evaluating open positions for stop-loss/book-profit... | 
2025-10-18 05:55:30:243 | DEBUG    | trade_logic.py            | stop_loss_book_profit_core | {} | 
2025-10-18 05:55:35:249 | DEBUG    | trade_logic.py            | stop_loss_book_profit_core | Evaluating open positions for stop-loss/book-profit... | 
2025-10-18 05:55:35:250 | DEBUG    | trade_logic.py            | stop_loss_book_profit_core | {} | 
2025-10-18 05:55:40:257 | DEBUG    | trade_logic.py            | stop_loss_book_profit_core | Evaluating open positions for stop-loss/book-profit... | 
2025-10-18 05:55:40:257 | DEBUG    | trade_logic.py            | stop_loss_book_profit_core | {} | 
2025-10-18 05:55:45:270 | DEBUG    | trade_logic.py            | stop_loss_book_profit_core | Evaluating open positions for stop-loss/book-profit... | 
2025-10-18 05:55:45:272 | DEBUG    | trade_logic.py            | stop_loss_book_profit_core | {} | 
2025-10-18 05:55:50:272 | DEBUG    | trade_logic.py            | stop_loss_book_profit_core | Evaluating open positions for stop-loss/book-profit... | 
2025-10-18 05:55:50:274 | DEBUG    | trade_logic.py            | stop_loss_book_profit_core | {} | 
2025-10-18 05:55:55:289 | DEBUG    | trade_logic.py            | stop_loss_book_profit_core | Evaluating open positions for stop-loss/book-profit... | 
2025-10-18 05:55:55:292 | DEBUG    | trade_logic.py            | stop_loss_book_profit_core | {} | 
2025-10-18 05:56:00:308 | DEBUG    | trade_logic.py            | stop_loss_book_profit_core | Evaluating open positions for stop-loss/book-profit... | 
2025-10-18 05:56:00:309 | DEBUG    | trade_logic.py            | stop_loss_book_profit_core | {} | 
2025-10-18 05:56:05:316 | DEBUG    | trade_logic.py            | stop_loss_book_profit_core | Evaluating open positions for stop-loss/book-profit... | 
2025-10-18 05:56:05:317 | DEBUG    | trade_logic.py            | stop_loss_book_profit_core | {} | 
2025-10-18 05:56:10:323 | DEBUG    | trade_logic.py            | stop_loss_book_profit_core | Evaluating open positions for stop-loss/book-profit... | 
2025-10-18 05:56:10:324 | DEBUG    | trade_logic.py            | stop_loss_book_profit_core | {} | 
2025-10-18 05:56:15:330 | DEBUG    | trade_logic.py            | stop_loss_book_profit_core | Evaluating open positions for stop-loss/book-profit... | 
2025-10-18 05:56:15:330 | DEBUG    | trade_logic.py            | stop_loss_book_profit_core | {} | 
2025-10-18 05:56:20:345 | DEBUG    | trade_logic.py            | stop_loss_book_profit_core | Evaluating open positions for stop-loss/book-profit... | 
2025-10-18 05:56:20:346 | DEBUG    | trade_logic.py            | stop_loss_book_profit_core | {} | 
2025-10-18 05:56:25:356 | DEBUG    | trade_logic.py            | stop_loss_book_profit_core | Evaluating open positions for stop-loss/book-profit... | 
2025-10-18 05:56:25:356 | DEBUG    | trade_logic.py            | stop_loss_book_profit_core | {} | 
2025-10-18 05:56:30:365 | DEBUG    | trade_logic.py            | stop_loss_book_profit_core | Evaluating open positions for stop-loss/book-profit... | 
2025-10-18 05:56:30:366 | DEBUG    | trade_logic.py            | stop_loss_book_profit_core | {} | 
2025-10-18 05:56:35:380 | DEBUG    | trade_logic.py            | stop_loss_book_profit_core | Evaluating open positions for stop-loss/book-profit... | 
2025-10-18 05:56:35:381 | DEBUG    | trade_logic.py            | stop_loss_book_profit_core | {} | 
2025-10-18 05:56:40:386 | DEBUG    | trade_logic.py            | stop_loss_book_profit_core | Evaluating open positions for stop-loss/book-profit... | 
2025-10-18 05:56:40:387 | DEBUG    | trade_logic.py            | stop_loss_book_profit_core | {} | 
2025-10-18 05:56:45:402 | DEBUG    | trade_logic.py            | stop_loss_book_profit_core | Evaluating open positions for stop-loss/book-profit... | 
2025-10-18 05:56:45:403 | DEBUG    | trade_logic.py            | stop_loss_book_profit_core | {} | 
2025-10-18 05:56:50:413 | DEBUG    | trade_logic.py            | stop_loss_book_profit_core | Evaluating open positions for stop-loss/book-profit... | 
2025-10-18 05:56:50:415 | DEBUG    | trade_logic.py            | stop_loss_book_profit_core | {} | 
2025-10-18 05:56:55:418 | DEBUG    | trade_logic.py            | stop_loss_book_profit_core | Evaluating open positions for stop-loss/book-profit... | 
2025-10-18 05:56:55:419 | DEBUG    | trade_logic.py            | stop_loss_book_profit_core | {} | 
2025-10-18 05:57:00:436 | DEBUG    | trade_logic.py            | stop_loss_book_profit_core | Evaluating open positions for stop-loss/book-profit... | 
2025-10-18 05:57:00:437 | DEBUG    | trade_logic.py            | stop_loss_book_profit_core | {} | 
2025-10-18 05:57:05:439 | DEBUG    | trade_logic.py            | stop_loss_book_profit_core | Evaluating open positions for stop-loss/book-profit... | 
2025-10-18 05:57:05:440 | DEBUG    | trade_logic.py            | stop_loss_book_profit_core | {} | 
2025-10-18 05:57:10:450 | DEBUG    | trade_logic.py            | stop_loss_book_profit_core | Evaluating open positions for stop-loss/book-profit... | 
2025-10-18 05:57:10:451 | DEBUG    | trade_logic.py            | stop_loss_book_profit_core | {} | 
2025-10-18 05:57:15:454 | DEBUG    | trade_logic.py            | stop_loss_book_profit_core | Evaluating open positions for stop-loss/book-profit... | 
2025-10-18 05:57:15:455 | DEBUG    | trade_logic.py            | stop_loss_book_profit_core | {} | 
2025-10-18 05:57:20:458 | DEBUG    | trade_logic.py            | stop_loss_book_profit_core | Evaluating open positions for stop-loss/book-profit... | 
2025-10-18 05:57:20:459 | DEBUG    | trade_logic.py            | stop_loss_book_profit_core | {} | 
2025-10-18 05:57:25:463 | DEBUG    | trade_logic.py            | stop_loss_book_profit_core | Evaluating open positions for stop-loss/book-profit... | 
2025-10-18 05:57:25:465 | DEBUG    | trade_logic.py            | stop_loss_book_profit_core | {} | 
2025-10-18 05:57:30:468 | DEBUG    | trade_logic.py            | stop_loss_book_profit_core | Evaluating open positions for stop-loss/book-profit... | 
2025-10-18 05:57:30:469 | DEBUG    | trade_logic.py            | stop_loss_book_profit_core | {} | 
2025-10-18 05:57:35:474 | DEBUG    | trade_logic.py            | stop_loss_book_profit_core | Evaluating open positions for stop-loss/book-profit... | 
2025-10-18 05:57:35:476 | DEBUG    | trade_logic.py            | stop_loss_book_profit_core | {} | 
2025-10-18 05:57:40:492 | DEBUG    | trade_logic.py            | stop_loss_book_profit_core | Evaluating open positions for stop-loss/book-profit... | 
2025-10-18 05:57:40:493 | DEBUG    | trade_logic.py            | stop_loss_book_profit_core | {} | 
2025-10-18 05:57:45:510 | DEBUG    | trade_logic.py            | stop_loss_book_profit_core | Evaluating open positions for stop-loss/book-profit... | 
2025-10-18 05:57:45:510 | DEBUG    | trade_logic.py            | stop_loss_book_profit_core | {} | 
2025-10-18 05:57:50:528 | DEBUG    | trade_logic.py            | stop_loss_book_profit_core | Evaluating open positions for stop-loss/book-profit... | 
2025-10-18 05:57:50:528 | DEBUG    | trade_logic.py            | stop_loss_book_profit_core | {} | 
2025-10-18 05:57:55:550 | DEBUG    | trade_logic.py            | stop_loss_book_profit_core | Evaluating open positions for stop-loss/book-profit... | 
2025-10-18 05:57:55:551 | DEBUG    | trade_logic.py            | stop_loss_book_profit_core | {} | 
2025-10-18 05:58:00:565 | DEBUG    | trade_logic.py            | stop_loss_book_profit_core | Evaluating open positions for stop-loss/book-profit... | 
2025-10-18 05:58:00:566 | DEBUG    | trade_logic.py            | stop_loss_book_profit_core | {} | 
2025-10-18 05:58:05:580 | DEBUG    | trade_logic.py            | stop_loss_book_profit_core | Evaluating open positions for stop-loss/book-profit... | 
2025-10-18 05:58:05:581 | DEBUG    | trade_logic.py            | stop_loss_book_profit_core | {} | 
2025-10-18 05:58:10:586 | DEBUG    | trade_logic.py            | stop_loss_book_profit_core | Evaluating open positions for stop-loss/book-profit... | 
2025-10-18 05:58:10:587 | DEBUG    | trade_logic.py            | stop_loss_book_profit_core | {} | 
2025-10-18 05:58:15:588 | DEBUG    | trade_logic.py            | stop_loss_book_profit_core | Evaluating open positions for stop-loss/book-profit... | 
2025-10-18 05:58:15:589 | DEBUG    | trade_logic.py            | stop_loss_book_profit_core | {} | 
2025-10-18 05:58:20:603 | DEBUG    | trade_logic.py            | stop_loss_book_profit_core | Evaluating open positions for stop-loss/book-profit... | 
2025-10-18 05:58:20:604 | DEBUG    | trade_logic.py            | stop_loss_book_profit_core | {} | 
2025-10-18 05:58:25:612 | DEBUG    | trade_logic.py            | stop_loss_book_profit_core | Evaluating open positions for stop-loss/book-profit... | 
2025-10-18 05:58:25:613 | DEBUG    | trade_logic.py            | stop_loss_book_profit_core | {} | 
2025-10-18 05:58:30:614 | DEBUG    | trade_logic.py            | stop_loss_book_profit_core | Evaluating open positions for stop-loss/book-profit... | 
2025-10-18 05:58:30:615 | DEBUG    | trade_logic.py            | stop_loss_book_profit_core | {} | 
2025-10-18 05:58:35:617 | DEBUG    | trade_logic.py            | stop_loss_book_profit_core | Evaluating open positions for stop-loss/book-profit... | 
2025-10-18 05:58:35:617 | DEBUG    | trade_logic.py            | stop_loss_book_profit_core | {} | 
2025-10-18 05:58:40:630 | DEBUG    | trade_logic.py            | stop_loss_book_profit_core | Evaluating open positions for stop-loss/book-profit... | 
2025-10-18 05:58:40:631 | DEBUG    | trade_logic.py            | stop_loss_book_profit_core | {} | 
2025-10-18 05:58:45:651 | DEBUG    | trade_logic.py            | stop_loss_book_profit_core | Evaluating open positions for stop-loss/book-profit... | 
2025-10-18 05:58:45:652 | DEBUG    | trade_logic.py            | stop_loss_book_profit_core | {} | 
2025-10-18 05:58:50:668 | DEBUG    | trade_logic.py            | stop_loss_book_profit_core | Evaluating open positions for stop-loss/book-profit... | 
2025-10-18 05:58:50:669 | DEBUG    | trade_logic.py            | stop_loss_book_profit_core | {} | 
2025-10-18 05:58:55:678 | DEBUG    | trade_logic.py            | stop_loss_book_profit_core | Evaluating open positions for stop-loss/book-profit... | 
2025-10-18 05:58:55:680 | DEBUG    | trade_logic.py            | stop_loss_book_profit_core | {} | 
2025-10-18 05:59:00:684 | DEBUG    | trade_logic.py            | stop_loss_book_profit_core | Evaluating open positions for stop-loss/book-profit... | 
2025-10-18 05:59:00:685 | DEBUG    | trade_logic.py            | stop_loss_book_profit_core | {} | 
2025-10-18 05:59:05:691 | DEBUG    | trade_logic.py            | stop_loss_book_profit_core | Evaluating open positions for stop-loss/book-profit... | 
2025-10-18 05:59:05:692 | DEBUG    | trade_logic.py            | stop_loss_book_profit_core | {} | 
2025-10-18 05:59:10:696 | DEBUG    | trade_logic.py            | stop_loss_book_profit_core | Evaluating open positions for stop-loss/book-profit... | 
2025-10-18 05:59:10:699 | DEBUG    | trade_logic.py            | stop_loss_book_profit_core | {} | 
2025-10-18 05:59:15:697 | DEBUG    | trade_logic.py            | stop_loss_book_profit_core | Evaluating open positions for stop-loss/book-profit... | 
2025-10-18 05:59:15:699 | DEBUG    | trade_logic.py            | stop_loss_book_profit_core | {} | 
2025-10-18 05:59:20:704 | DEBUG    | trade_logic.py            | stop_loss_book_profit_core | Evaluating open positions for stop-loss/book-profit... | 
2025-10-18 05:59:20:706 | DEBUG    | trade_logic.py            | stop_loss_book_profit_core | {} | 
2025-10-18 05:59:25:709 | DEBUG    | trade_logic.py            | stop_loss_book_profit_core | Evaluating open positions for stop-loss/book-profit... | 
2025-10-18 05:59:25:711 | DEBUG    | trade_logic.py            | stop_loss_book_profit_core | {} | 
2025-10-18 05:59:30:717 | DEBUG    | trade_logic.py            | stop_loss_book_profit_core | Evaluating open positions for stop-loss/book-profit... | 
2025-10-18 05:59:30:719 | DEBUG    | trade_logic.py            | stop_loss_book_profit_core | {} | 
2025-10-18 05:59:35:725 | DEBUG    | trade_logic.py            | stop_loss_book_profit_core | Evaluating open positions for stop-loss/book-profit... | 
2025-10-18 05:59:35:726 | DEBUG    | trade_logic.py            | stop_loss_book_profit_core | {} | 
2025-10-18 05:59:40:732 | DEBUG    | trade_logic.py            | stop_loss_book_profit_core | Evaluating open positions for stop-loss/book-profit... | 
2025-10-18 05:59:40:733 | DEBUG    | trade_logic.py            | stop_loss_book_profit_core | {} | 
2025-10-18 05:59:45:733 | DEBUG    | trade_logic.py            | stop_loss_book_profit_core | Evaluating open positions for stop-loss/book-profit... | 
2025-10-18 05:59:45:733 | DEBUG    | trade_logic.py            | stop_loss_book_profit_core | {} | 
2025-10-18 05:59:50:740 | DEBUG    | trade_logic.py            | stop_loss_book_profit_core | Evaluating open positions for stop-loss/book-profit... | 
2025-10-18 05:59:50:742 | DEBUG    | trade_logic.py            | stop_loss_book_profit_core | {} | 
2025-10-18 05:59:55:745 | DEBUG    | trade_logic.py            | stop_loss_book_profit_core | Evaluating open positions for stop-loss/book-profit... | 
2025-10-18 05:59:55:746 | DEBUG    | trade_logic.py            | stop_loss_book_profit_core | {} | 
2025-10-18 06:00:00:752 | DEBUG    | trade_logic.py            | stop_loss_book_profit_core | Evaluating open positions for stop-loss/book-profit... | 
2025-10-18 06:00:00:753 | DEBUG    | trade_logic.py            | stop_loss_book_profit_core | {} | 
2025-10-18 06:00:05:771 | DEBUG    | trade_logic.py            | stop_loss_book_profit_core | Evaluating open positions for stop-loss/book-profit... | 
2025-10-18 06:00:05:771 | DEBUG    | trade_logic.py            | stop_loss_book_profit_core | {} | 
2025-10-18 06:00:10:779 | DEBUG    | trade_logic.py            | stop_loss_book_profit_core | Evaluating open positions for stop-loss/book-profit... | 
2025-10-18 06:00:10:780 | DEBUG    | trade_logic.py            | stop_loss_book_profit_core | {} | 
2025-10-18 06:00:15:800 | DEBUG    | trade_logic.py            | stop_loss_book_profit_core | Evaluating open positions for stop-loss/book-profit... | 
2025-10-18 06:00:15:800 | DEBUG    | trade_logic.py            | stop_loss_book_profit_core | {} | 
2025-10-18 06:00:20:803 | DEBUG    | trade_logic.py            | stop_loss_book_profit_core | Evaluating open positions for stop-loss/book-profit... | 
2025-10-18 06:00:20:804 | DEBUG    | trade_logic.py            | stop_loss_book_profit_core | {} | 
2025-10-18 06:00:25:814 | DEBUG    | trade_logic.py            | stop_loss_book_profit_core | Evaluating open positions for stop-loss/book-profit... | 
2025-10-18 06:00:25:815 | DEBUG    | trade_logic.py            | stop_loss_book_profit_core | {} | 
2025-10-18 06:00:30:817 | DEBUG    | trade_logic.py            | stop_loss_book_profit_core | Evaluating open positions for stop-loss/book-profit... | 
2025-10-18 06:00:30:817 | DEBUG    | trade_logic.py            | stop_loss_book_profit_core | {} | 
2025-10-18 06:00:35:819 | DEBUG    | trade_logic.py            | stop_loss_book_profit_core | Evaluating open positions for stop-loss/book-profit... | 
2025-10-18 06:00:35:819 | DEBUG    | trade_logic.py            | stop_loss_book_profit_core | {} | 
2025-10-18 06:00:40:829 | DEBUG    | trade_logic.py            | stop_loss_book_profit_core | Evaluating open positions for stop-loss/book-profit... | 
2025-10-18 06:00:40:830 | DEBUG    | trade_logic.py            | stop_loss_book_profit_core | {} | 
2025-10-18 06:00:45:838 | DEBUG    | trade_logic.py            | stop_loss_book_profit_core | Evaluating open positions for stop-loss/book-profit... | 
2025-10-18 06:00:45:839 | DEBUG    | trade_logic.py            | stop_loss_book_profit_core | {} | 
2025-10-18 06:00:50:852 | DEBUG    | trade_logic.py            | stop_loss_book_profit_core | Evaluating open positions for stop-loss/book-profit... | 
2025-10-18 06:00:50:854 | DEBUG    | trade_logic.py            | stop_loss_book_profit_core | {} | 
2025-10-18 06:00:55:859 | DEBUG    | trade_logic.py            | stop_loss_book_profit_core | Evaluating open positions for stop-loss/book-profit... | 
2025-10-18 06:00:55:861 | DEBUG    | trade_logic.py            | stop_loss_book_profit_core | {} | 
2025-10-18 06:01:00:867 | DEBUG    | trade_logic.py            | stop_loss_book_profit_core | Evaluating open positions for stop-loss/book-profit... | 
2025-10-18 06:01:00:868 | DEBUG    | trade_logic.py            | stop_loss_book_profit_core | {} | 
2025-10-18 06:01:05:875 | DEBUG    | trade_logic.py            | stop_loss_book_profit_core | Evaluating open positions for stop-loss/book-profit... | 
2025-10-18 06:01:05:876 | DEBUG    | trade_logic.py            | stop_loss_book_profit_core | {} | 
2025-10-18 06:01:10:882 | DEBUG    | trade_logic.py            | stop_loss_book_profit_core | Evaluating open positions for stop-loss/book-profit... | 
2025-10-18 06:01:10:883 | DEBUG    | trade_logic.py            | stop_loss_book_profit_core | {} | 
2025-10-18 06:01:15:886 | DEBUG    | trade_logic.py            | stop_loss_book_profit_core | Evaluating open positions for stop-loss/book-profit... | 
2025-10-18 06:01:15:887 | DEBUG    | trade_logic.py            | stop_loss_book_profit_core | {} | 
2025-10-18 06:01:20:887 | DEBUG    | trade_logic.py            | stop_loss_book_profit_core | Evaluating open positions for stop-loss/book-profit... | 
2025-10-18 06:01:20:888 | DEBUG    | trade_logic.py            | stop_loss_book_profit_core | {} | 
2025-10-18 06:01:25:895 | DEBUG    | trade_logic.py            | stop_loss_book_profit_core | Evaluating open positions for stop-loss/book-profit... | 
2025-10-18 06:01:25:896 | DEBUG    | trade_logic.py            | stop_loss_book_profit_core | {} | 
2025-10-18 06:01:30:897 | DEBUG    | trade_logic.py            | stop_loss_book_profit_core | Evaluating open positions for stop-loss/book-profit... | 
2025-10-18 06:01:30:899 | DEBUG    | trade_logic.py            | stop_loss_book_profit_core | {} | 
2025-10-18 06:01:35:905 | DEBUG    | trade_logic.py            | stop_loss_book_profit_core | Evaluating open positions for stop-loss/book-profit... | 
2025-10-18 06:01:35:907 | DEBUG    | trade_logic.py            | stop_loss_book_profit_core | {} | 
2025-10-18 06:01:40:913 | DEBUG    | trade_logic.py            | stop_loss_book_profit_core | Evaluating open positions for stop-loss/book-profit... | 
2025-10-18 06:01:40:914 | DEBUG    | trade_logic.py            | stop_loss_book_profit_core | {} | 
2025-10-18 06:01:45:920 | DEBUG    | trade_logic.py            | stop_loss_book_profit_core | Evaluating open positions for stop-loss/book-profit... | 
2025-10-18 06:01:45:921 | DEBUG    | trade_logic.py            | stop_loss_book_profit_core | {} | 
2025-10-18 06:01:50:921 | DEBUG    | trade_logic.py            | stop_loss_book_profit_core | Evaluating open positions for stop-loss/book-profit... | 
2025-10-18 06:01:50:922 | DEBUG    | trade_logic.py            | stop_loss_book_profit_core | {} | 
2025-10-18 06:01:55:927 | DEBUG    | trade_logic.py            | stop_loss_book_profit_core | Evaluating open positions for stop-loss/book-profit... | 
2025-10-18 06:01:55:928 | DEBUG    | trade_logic.py            | stop_loss_book_profit_core | {} | 
2025-10-18 06:02:00:934 | DEBUG    | trade_logic.py            | stop_loss_book_profit_core | Evaluating open positions for stop-loss/book-profit... | 
2025-10-18 06:02:00:934 | DEBUG    | trade_logic.py            | stop_loss_book_profit_core | {} | 
2025-10-18 06:02:05:935 | DEBUG    | trade_logic.py            | stop_loss_book_profit_core | Evaluating open positions for stop-loss/book-profit... | 
2025-10-18 06:02:05:935 | DEBUG    | trade_logic.py            | stop_loss_book_profit_core | {} | 
2025-10-18 06:02:10:935 | DEBUG    | trade_logic.py            | stop_loss_book_profit_core | Evaluating open positions for stop-loss/book-profit... | 
2025-10-18 06:02:10:936 | DEBUG    | trade_logic.py            | stop_loss_book_profit_core | {} | 
2025-10-18 06:02:15:951 | DEBUG    | trade_logic.py            | stop_loss_book_profit_core | Evaluating open positions for stop-loss/book-profit... | 
2025-10-18 06:02:15:952 | DEBUG    | trade_logic.py            | stop_loss_book_profit_core | {} | 
2025-10-18 06:02:20:969 | DEBUG    | trade_logic.py            | stop_loss_book_profit_core | Evaluating open positions for stop-loss/book-profit... | 
2025-10-18 06:02:20:970 | DEBUG    | trade_logic.py            | stop_loss_book_profit_core | {} | 
2025-10-18 06:02:25:974 | DEBUG    | trade_logic.py            | stop_loss_book_profit_core | Evaluating open positions for stop-loss/book-profit... | 
2025-10-18 06:02:25:975 | DEBUG    | trade_logic.py            | stop_loss_book_profit_core | {} | 
2025-10-18 06:02:30:979 | DEBUG    | trade_logic.py            | stop_loss_book_profit_core | Evaluating open positions for stop-loss/book-profit... | 
2025-10-18 06:02:30:980 | DEBUG    | trade_logic.py            | stop_loss_book_profit_core | {} | 
2025-10-18 06:02:35:992 | DEBUG    | trade_logic.py            | stop_loss_book_profit_core | Evaluating open positions for stop-loss/book-profit... | 
2025-10-18 06:02:35:993 | DEBUG    | trade_logic.py            | stop_loss_book_profit_core | {} | 
2025-10-18 06:02:41:006 | DEBUG    | trade_logic.py            | stop_loss_book_profit_core | Evaluating open positions for stop-loss/book-profit... | 
2025-10-18 06:02:41:006 | DEBUG    | trade_logic.py            | stop_loss_book_profit_core | {} | 
2025-10-18 06:02:46:017 | DEBUG    | trade_logic.py            | stop_loss_book_profit_core | Evaluating open positions for stop-loss/book-profit... | 
2025-10-18 06:02:46:017 | DEBUG    | trade_logic.py            | stop_loss_book_profit_core | {} | 
2025-10-18 06:02:51:019 | DEBUG    | trade_logic.py            | stop_loss_book_profit_core | Evaluating open positions for stop-loss/book-profit... | 
2025-10-18 06:02:51:020 | DEBUG    | trade_logic.py            | stop_loss_book_profit_core | {} | 
2025-10-18 06:02:56:021 | DEBUG    | trade_logic.py            | stop_loss_book_profit_core | Evaluating open positions for stop-loss/book-profit... | 
2025-10-18 06:02:56:022 | DEBUG    | trade_logic.py            | stop_loss_book_profit_core | {} | 
2025-10-18 06:03:01:025 | DEBUG    | trade_logic.py            | stop_loss_book_profit_core | Evaluating open positions for stop-loss/book-profit... | 
2025-10-18 06:03:01:026 | DEBUG    | trade_logic.py            | stop_loss_book_profit_core | {} | 
2025-10-18 06:03:06:026 | DEBUG    | trade_logic.py            | stop_loss_book_profit_core | Evaluating open positions for stop-loss/book-profit... | 
2025-10-18 06:03:06:026 | DEBUG    | trade_logic.py            | stop_loss_book_profit_core | {} | 
2025-10-18 06:03:11:026 | DEBUG    | trade_logic.py            | stop_loss_book_profit_core | Evaluating open positions for stop-loss/book-profit... | 
2025-10-18 06:03:11:027 | DEBUG    | trade_logic.py            | stop_loss_book_profit_core | {} | 
2025-10-18 06:03:16:041 | DEBUG    | trade_logic.py            | stop_loss_book_profit_core | Evaluating open positions for stop-loss/book-profit... | 
2025-10-18 06:03:16:042 | DEBUG    | trade_logic.py            | stop_loss_book_profit_core | {} | 
2025-10-18 06:03:21:047 | DEBUG    | trade_logic.py            | stop_loss_book_profit_core | Evaluating open positions for stop-loss/book-profit... | 
2025-10-18 06:03:21:048 | DEBUG    | trade_logic.py            | stop_loss_book_profit_core | {} | 
2025-10-18 06:03:26:066 | DEBUG    | trade_logic.py            | stop_loss_book_profit_core | Evaluating open positions for stop-loss/book-profit... | 
2025-10-18 06:03:26:067 | DEBUG    | trade_logic.py            | stop_loss_book_profit_core | {} | 
2025-10-18 06:03:31:067 | DEBUG    | trade_logic.py            | stop_loss_book_profit_core | Evaluating open positions for stop-loss/book-profit... | 
2025-10-18 06:03:31:068 | DEBUG    | trade_logic.py            | stop_loss_book_profit_core | {} | 
2025-10-18 06:03:36:070 | DEBUG    | trade_logic.py            | stop_loss_book_profit_core | Evaluating open positions for stop-loss/book-profit... | 
2025-10-18 06:03:36:072 | DEBUG    | trade_logic.py            | stop_loss_book_profit_core | {} | 
2025-10-18 06:03:41:088 | DEBUG    | trade_logic.py            | stop_loss_book_profit_core | Evaluating open positions for stop-loss/book-profit... | 
2025-10-18 06:03:41:089 | DEBUG    | trade_logic.py            | stop_loss_book_profit_core | {} | 
2025-10-18 06:03:46:103 | DEBUG    | trade_logic.py            | stop_loss_book_profit_core | Evaluating open positions for stop-loss/book-profit... | 
2025-10-18 06:03:46:104 | DEBUG    | trade_logic.py            | stop_loss_book_profit_core | {} | 
2025-10-18 06:03:51:118 | DEBUG    | trade_logic.py            | stop_loss_book_profit_core | Evaluating open positions for stop-loss/book-profit... | 
2025-10-18 06:03:51:118 | DEBUG    | trade_logic.py            | stop_loss_book_profit_core | {} | 
2025-10-18 06:03:56:118 | DEBUG    | trade_logic.py            | stop_loss_book_profit_core | Evaluating open positions for stop-loss/book-profit... | 
2025-10-18 06:03:56:119 | DEBUG    | trade_logic.py            | stop_loss_book_profit_core | {} | 
2025-10-18 06:04:01:118 | DEBUG    | trade_logic.py            | stop_loss_book_profit_core | Evaluating open positions for stop-loss/book-profit... | 
2025-10-18 06:04:01:119 | DEBUG    | trade_logic.py            | stop_loss_book_profit_core | {} | 
2025-10-18 06:04:06:130 | DEBUG    | trade_logic.py            | stop_loss_book_profit_core | Evaluating open positions for stop-loss/book-profit... | 
2025-10-18 06:04:06:131 | DEBUG    | trade_logic.py            | stop_loss_book_profit_core | {} | 
2025-10-18 06:04:11:145 | DEBUG    | trade_logic.py            | stop_loss_book_profit_core | Evaluating open positions for stop-loss/book-profit... | 
2025-10-18 06:04:11:146 | DEBUG    | trade_logic.py            | stop_loss_book_profit_core | {} | 
2025-10-18 06:04:16:160 | DEBUG    | trade_logic.py            | stop_loss_book_profit_core | Evaluating open positions for stop-loss/book-profit... | 
2025-10-18 06:04:16:161 | DEBUG    | trade_logic.py            | stop_loss_book_profit_core | {} | 
2025-10-18 06:04:21:169 | DEBUG    | trade_logic.py            | stop_loss_book_profit_core | Evaluating open positions for stop-loss/book-profit... | 
2025-10-18 06:04:21:170 | DEBUG    | trade_logic.py            | stop_loss_book_profit_core | {} | 
2025-10-18 06:04:26:187 | DEBUG    | trade_logic.py            | stop_loss_book_profit_core | Evaluating open positions for stop-loss/book-profit... | 
2025-10-18 06:04:26:187 | DEBUG    | trade_logic.py            | stop_loss_book_profit_core | {} | 
2025-10-18 06:04:31:202 | DEBUG    | trade_logic.py            | stop_loss_book_profit_core | Evaluating open positions for stop-loss/book-profit... | 
2025-10-18 06:04:31:204 | DEBUG    | trade_logic.py            | stop_loss_book_profit_core | {} | 
2025-10-18 06:04:36:205 | DEBUG    | trade_logic.py            | stop_loss_book_profit_core | Evaluating open positions for stop-loss/book-profit... | 
2025-10-18 06:04:36:206 | DEBUG    | trade_logic.py            | stop_loss_book_profit_core | {} | 
2025-10-18 06:04:41:212 | DEBUG    | trade_logic.py            | stop_loss_book_profit_core | Evaluating open positions for stop-loss/book-profit... | 
2025-10-18 06:04:41:213 | DEBUG    | trade_logic.py            | stop_loss_book_profit_core | {} | 
2025-10-18 06:04:46:221 | DEBUG    | trade_logic.py            | stop_loss_book_profit_core | Evaluating open positions for stop-loss/book-profit... | 
2025-10-18 06:04:46:222 | DEBUG    | trade_logic.py            | stop_loss_book_profit_core | {} | 
2025-10-18 06:04:51:222 | DEBUG    | trade_logic.py            | stop_loss_book_profit_core | Evaluating open positions for stop-loss/book-profit... | 
2025-10-18 06:04:51:223 | DEBUG    | trade_logic.py            | stop_loss_book_profit_core | {} | 
2025-10-18 06:04:56:237 | DEBUG    | trade_logic.py            | stop_loss_book_profit_core | Evaluating open positions for stop-loss/book-profit... | 
2025-10-18 06:04:56:239 | DEBUG    | trade_logic.py            | stop_loss_book_profit_core | {} | 
2025-10-18 06:05:01:256 | DEBUG    | trade_logic.py            | stop_loss_book_profit_core | Evaluating open positions for stop-loss/book-profit... | 
2025-10-18 06:05:01:256 | DEBUG    | trade_logic.py            | stop_loss_book_profit_core | {} | 
2025-10-18 06:05:06:262 | DEBUG    | trade_logic.py            | stop_loss_book_profit_core | Evaluating open positions for stop-loss/book-profit... | 
2025-10-18 06:05:06:263 | DEBUG    | trade_logic.py            | stop_loss_book_profit_core | {} | 
2025-10-18 06:05:11:278 | DEBUG    | trade_logic.py            | stop_loss_book_profit_core | Evaluating open positions for stop-loss/book-profit... | 
2025-10-18 06:05:11:279 | DEBUG    | trade_logic.py            | stop_loss_book_profit_core | {} | 
2025-10-18 06:05:16:293 | DEBUG    | trade_logic.py            | stop_loss_book_profit_core | Evaluating open positions for stop-loss/book-profit... | 
2025-10-18 06:05:16:294 | DEBUG    | trade_logic.py            | stop_loss_book_profit_core | {} | 
2025-10-18 06:05:21:308 | DEBUG    | trade_logic.py            | stop_loss_book_profit_core | Evaluating open positions for stop-loss/book-profit... | 
2025-10-18 06:05:21:309 | DEBUG    | trade_logic.py            | stop_loss_book_profit_core | {} | 
2025-10-18 06:05:26:324 | DEBUG    | trade_logic.py            | stop_loss_book_profit_core | Evaluating open positions for stop-loss/book-profit... | 
2025-10-18 06:05:26:325 | DEBUG    | trade_logic.py            | stop_loss_book_profit_core | {} | 
2025-10-18 06:05:31:340 | DEBUG    | trade_logic.py            | stop_loss_book_profit_core | Evaluating open positions for stop-loss/book-profit... | 
2025-10-18 06:05:31:340 | DEBUG    | trade_logic.py            | stop_loss_book_profit_core | {} | 
2025-10-18 06:05:36:342 | DEBUG    | trade_logic.py            | stop_loss_book_profit_core | Evaluating open positions for stop-loss/book-profit... | 
2025-10-18 06:05:36:343 | DEBUG    | trade_logic.py            | stop_loss_book_profit_core | {} | 
2025-10-18 06:05:41:343 | DEBUG    | trade_logic.py            | stop_loss_book_profit_core | Evaluating open positions for stop-loss/book-profit... | 
2025-10-18 06:05:41:344 | DEBUG    | trade_logic.py            | stop_loss_book_profit_core | {} | 
2025-10-18 06:05:46:358 | DEBUG    | trade_logic.py            | stop_loss_book_profit_core | Evaluating open positions for stop-loss/book-profit... | 
2025-10-18 06:05:46:359 | DEBUG    | trade_logic.py            | stop_loss_book_profit_core | {} | 
2025-10-18 06:05:51:362 | DEBUG    | trade_logic.py            | stop_loss_book_profit_core | Evaluating open positions for stop-loss/book-profit... | 
2025-10-18 06:05:51:363 | DEBUG    | trade_logic.py            | stop_loss_book_profit_core | {} | 
2025-10-18 06:05:56:369 | DEBUG    | trade_logic.py            | stop_loss_book_profit_core | Evaluating open positions for stop-loss/book-profit... | 
2025-10-18 06:05:56:370 | DEBUG    | trade_logic.py            | stop_loss_book_profit_core | {} | 
2025-10-18 06:06:01:381 | DEBUG    | trade_logic.py            | stop_loss_book_profit_core | Evaluating open positions for stop-loss/book-profit... | 
2025-10-18 06:06:01:381 | DEBUG    | trade_logic.py            | stop_loss_book_profit_core | {} | 
2025-10-18 06:06:06:386 | DEBUG    | trade_logic.py            | stop_loss_book_profit_core | Evaluating open positions for stop-loss/book-profit... | 
2025-10-18 06:06:06:387 | DEBUG    | trade_logic.py            | stop_loss_book_profit_core | {} | 
2025-10-18 06:06:11:386 | DEBUG    | trade_logic.py            | stop_loss_book_profit_core | Evaluating open positions for stop-loss/book-profit... | 
2025-10-18 06:06:11:387 | DEBUG    | trade_logic.py            | stop_loss_book_profit_core | {} | 
2025-10-18 06:06:16:393 | DEBUG    | trade_logic.py            | stop_loss_book_profit_core | Evaluating open positions for stop-loss/book-profit... | 
2025-10-18 06:06:16:394 | DEBUG    | trade_logic.py            | stop_loss_book_profit_core | {} | 
2025-10-18 06:06:21:401 | DEBUG    | trade_logic.py            | stop_loss_book_profit_core | Evaluating open positions for stop-loss/book-profit... | 
2025-10-18 06:06:21:402 | DEBUG    | trade_logic.py            | stop_loss_book_profit_core | {} | 
2025-10-18 06:06:26:411 | DEBUG    | trade_logic.py            | stop_loss_book_profit_core | Evaluating open positions for stop-loss/book-profit... | 
2025-10-18 06:06:26:412 | DEBUG    | trade_logic.py            | stop_loss_book_profit_core | {} | 
2025-10-18 06:06:31:428 | DEBUG    | trade_logic.py            | stop_loss_book_profit_core | Evaluating open positions for stop-loss/book-profit... | 
2025-10-18 06:06:31:429 | DEBUG    | trade_logic.py            | stop_loss_book_profit_core | {} | 
2025-10-18 06:06:36:430 | DEBUG    | trade_logic.py            | stop_loss_book_profit_core | Evaluating open positions for stop-loss/book-profit... | 
2025-10-18 06:06:36:431 | DEBUG    | trade_logic.py            | stop_loss_book_profit_core | {} | 
2025-10-18 06:06:41:440 | DEBUG    | trade_logic.py            | stop_loss_book_profit_core | Evaluating open positions for stop-loss/book-profit... | 
2025-10-18 06:06:41:441 | DEBUG    | trade_logic.py            | stop_loss_book_profit_core | {} | 
2025-10-18 06:06:46:447 | DEBUG    | trade_logic.py            | stop_loss_book_profit_core | Evaluating open positions for stop-loss/book-profit... | 
2025-10-18 06:06:46:448 | DEBUG    | trade_logic.py            | stop_loss_book_profit_core | {} | 
2025-10-18 06:06:51:457 | DEBUG    | trade_logic.py            | stop_loss_book_profit_core | Evaluating open positions for stop-loss/book-profit... | 
2025-10-18 06:06:51:458 | DEBUG    | trade_logic.py            | stop_loss_book_profit_core | {} | 
2025-10-18 06:06:56:462 | DEBUG    | trade_logic.py            | stop_loss_book_profit_core | Evaluating open positions for stop-loss/book-profit... | 
2025-10-18 06:06:56:463 | DEBUG    | trade_logic.py            | stop_loss_book_profit_core | {} | 
2025-10-18 06:07:01:476 | DEBUG    | trade_logic.py            | stop_loss_book_profit_core | Evaluating open positions for stop-loss/book-profit... | 
2025-10-18 06:07:01:477 | DEBUG    | trade_logic.py            | stop_loss_book_profit_core | {} | 
2025-10-18 06:07:06:479 | DEBUG    | trade_logic.py            | stop_loss_book_profit_core | Evaluating open positions for stop-loss/book-profit... | 
2025-10-18 06:07:06:480 | DEBUG    | trade_logic.py            | stop_loss_book_profit_core | {} | 
2025-10-18 06:07:11:486 | DEBUG    | trade_logic.py            | stop_loss_book_profit_core | Evaluating open positions for stop-loss/book-profit... | 
2025-10-18 06:07:11:486 | DEBUG    | trade_logic.py            | stop_loss_book_profit_core | {} | 
2025-10-18 06:07:16:489 | DEBUG    | trade_logic.py            | stop_loss_book_profit_core | Evaluating open positions for stop-loss/book-profit... | 
2025-10-18 06:07:16:489 | DEBUG    | trade_logic.py            | stop_loss_book_profit_core | {} | 
2025-10-18 06:07:21:489 | DEBUG    | trade_logic.py            | stop_loss_book_profit_core | Evaluating open positions for stop-loss/book-profit... | 
2025-10-18 06:07:21:490 | DEBUG    | trade_logic.py            | stop_loss_book_profit_core | {} | 
2025-10-18 06:07:26:489 | DEBUG    | trade_logic.py            | stop_loss_book_profit_core | Evaluating open positions for stop-loss/book-profit... | 
2025-10-18 06:07:26:490 | DEBUG    | trade_logic.py            | stop_loss_book_profit_core | {} | 
2025-10-18 06:07:31:504 | DEBUG    | trade_logic.py            | stop_loss_book_profit_core | Evaluating open positions for stop-loss/book-profit... | 
2025-10-18 06:07:31:505 | DEBUG    | trade_logic.py            | stop_loss_book_profit_core | {} | 
2025-10-18 06:07:36:505 | DEBUG    | trade_logic.py            | stop_loss_book_profit_core | Evaluating open positions for stop-loss/book-profit... | 
2025-10-18 06:07:36:506 | DEBUG    | trade_logic.py            | stop_loss_book_profit_core | {} | 
2025-10-18 06:07:41:509 | DEBUG    | trade_logic.py            | stop_loss_book_profit_core | Evaluating open positions for stop-loss/book-profit... | 
2025-10-18 06:07:41:510 | DEBUG    | trade_logic.py            | stop_loss_book_profit_core | {} | 
2025-10-18 06:07:46:509 | DEBUG    | trade_logic.py            | stop_loss_book_profit_core | Evaluating open positions for stop-loss/book-profit... | 
2025-10-18 06:07:46:510 | DEBUG    | trade_logic.py            | stop_loss_book_profit_core | {} | 
2025-10-18 06:07:51:513 | DEBUG    | trade_logic.py            | stop_loss_book_profit_core | Evaluating open positions for stop-loss/book-profit... | 
2025-10-18 06:07:51:514 | DEBUG    | trade_logic.py            | stop_loss_book_profit_core | {} | 
2025-10-18 06:07:56:517 | DEBUG    | trade_logic.py            | stop_loss_book_profit_core | Evaluating open positions for stop-loss/book-profit... | 
2025-10-18 06:07:56:518 | DEBUG    | trade_logic.py            | stop_loss_book_profit_core | {} | 
2025-10-18 06:08:01:528 | DEBUG    | trade_logic.py            | stop_loss_book_profit_core | Evaluating open positions for stop-loss/book-profit... | 
2025-10-18 06:08:01:528 | DEBUG    | trade_logic.py            | stop_loss_book_profit_core | {} | 
2025-10-18 06:08:06:531 | DEBUG    | trade_logic.py            | stop_loss_book_profit_core | Evaluating open positions for stop-loss/book-profit... | 
2025-10-18 06:08:06:532 | DEBUG    | trade_logic.py            | stop_loss_book_profit_core | {} | 
2025-10-18 06:08:11:534 | DEBUG    | trade_logic.py            | stop_loss_book_profit_core | Evaluating open positions for stop-loss/book-profit... | 
2025-10-18 06:08:11:535 | DEBUG    | trade_logic.py            | stop_loss_book_profit_core | {} | 
2025-10-18 06:08:16:539 | DEBUG    | trade_logic.py            | stop_loss_book_profit_core | Evaluating open positions for stop-loss/book-profit... | 
2025-10-18 06:08:16:539 | DEBUG    | trade_logic.py            | stop_loss_book_profit_core | {} | 
2025-10-18 06:08:21:542 | DEBUG    | trade_logic.py            | stop_loss_book_profit_core | Evaluating open positions for stop-loss/book-profit... | 
2025-10-18 06:08:21:543 | DEBUG    | trade_logic.py            | stop_loss_book_profit_core | {} | 
2025-10-18 06:08:26:546 | DEBUG    | trade_logic.py            | stop_loss_book_profit_core | Evaluating open positions for stop-loss/book-profit... | 
2025-10-18 06:08:26:546 | DEBUG    | trade_logic.py            | stop_loss_book_profit_core | {} | 
2025-10-18 06:08:31:565 | DEBUG    | trade_logic.py            | stop_loss_book_profit_core | Evaluating open positions for stop-loss/book-profit... | 
2025-10-18 06:08:31:566 | DEBUG    | trade_logic.py            | stop_loss_book_profit_core | {} | 
2025-10-18 06:08:36:576 | DEBUG    | trade_logic.py            | stop_loss_book_profit_core | Evaluating open positions for stop-loss/book-profit... | 
2025-10-18 06:08:36:577 | DEBUG    | trade_logic.py            | stop_loss_book_profit_core | {} | 
2025-10-18 06:08:41:586 | DEBUG    | trade_logic.py            | stop_loss_book_profit_core | Evaluating open positions for stop-loss/book-profit... | 
2025-10-18 06:08:41:587 | DEBUG    | trade_logic.py            | stop_loss_book_profit_core | {} | 
2025-10-18 06:08:46:603 | DEBUG    | trade_logic.py            | stop_loss_book_profit_core | Evaluating open positions for stop-loss/book-profit... | 
2025-10-18 06:08:46:603 | DEBUG    | trade_logic.py            | stop_loss_book_profit_core | {} | 
2025-10-18 06:08:51:606 | DEBUG    | trade_logic.py            | stop_loss_book_profit_core | Evaluating open positions for stop-loss/book-profit... | 
2025-10-18 06:08:51:607 | DEBUG    | trade_logic.py            | stop_loss_book_profit_core | {} | 
2025-10-18 06:08:56:612 | DEBUG    | trade_logic.py            | stop_loss_book_profit_core | Evaluating open positions for stop-loss/book-profit... | 
2025-10-18 06:08:56:614 | DEBUG    | trade_logic.py            | stop_loss_book_profit_core | {} | 
2025-10-18 06:09:01:620 | DEBUG    | trade_logic.py            | stop_loss_book_profit_core | Evaluating open positions for stop-loss/book-profit... | 
2025-10-18 06:09:01:621 | DEBUG    | trade_logic.py            | stop_loss_book_profit_core | {} | 
2025-10-18 06:09:06:621 | DEBUG    | trade_logic.py            | stop_loss_book_profit_core | Evaluating open positions for stop-loss/book-profit... | 
2025-10-18 06:09:06:623 | DEBUG    | trade_logic.py            | stop_loss_book_profit_core | {} | 
2025-10-18 06:09:11:626 | DEBUG    | trade_logic.py            | stop_loss_book_profit_core | Evaluating open positions for stop-loss/book-profit... | 
2025-10-18 06:09:11:626 | DEBUG    | trade_logic.py            | stop_loss_book_profit_core | {} | 
2025-10-18 06:09:16:645 | DEBUG    | trade_logic.py            | stop_loss_book_profit_core | Evaluating open positions for stop-loss/book-profit... | 
2025-10-18 06:09:16:646 | DEBUG    | trade_logic.py            | stop_loss_book_profit_core | {} | 
2025-10-18 06:09:21:665 | DEBUG    | trade_logic.py            | stop_loss_book_profit_core | Evaluating open positions for stop-loss/book-profit... | 
2025-10-18 06:09:21:666 | DEBUG    | trade_logic.py            | stop_loss_book_profit_core | {} | 
2025-10-18 06:09:26:683 | DEBUG    | trade_logic.py            | stop_loss_book_profit_core | Evaluating open positions for stop-loss/book-profit... | 
2025-10-18 06:09:26:684 | DEBUG    | trade_logic.py            | stop_loss_book_profit_core | {} | 
2025-10-18 06:09:31:703 | DEBUG    | trade_logic.py            | stop_loss_book_profit_core | Evaluating open positions for stop-loss/book-profit... | 
2025-10-18 06:09:31:705 | DEBUG    | trade_logic.py            | stop_loss_book_profit_core | {} | 
2025-10-18 06:09:36:706 | DEBUG    | trade_logic.py            | stop_loss_book_profit_core | Evaluating open positions for stop-loss/book-profit... | 
2025-10-18 06:09:36:707 | DEBUG    | trade_logic.py            | stop_loss_book_profit_core | {} | 
2025-10-18 06:09:41:711 | DEBUG    | trade_logic.py            | stop_loss_book_profit_core | Evaluating open positions for stop-loss/book-profit... | 
2025-10-18 06:09:41:712 | DEBUG    | trade_logic.py            | stop_loss_book_profit_core | {} | 
2025-10-18 06:09:46:717 | DEBUG    | trade_logic.py            | stop_loss_book_profit_core | Evaluating open positions for stop-loss/book-profit... | 
2025-10-18 06:09:46:719 | DEBUG    | trade_logic.py            | stop_loss_book_profit_core | {} | 
2025-10-18 06:09:51:725 | DEBUG    | trade_logic.py            | stop_loss_book_profit_core | Evaluating open positions for stop-loss/book-profit... | 
2025-10-18 06:09:51:726 | DEBUG    | trade_logic.py            | stop_loss_book_profit_core | {} | 
2025-10-18 06:09:56:730 | DEBUG    | trade_logic.py            | stop_loss_book_profit_core | Evaluating open positions for stop-loss/book-profit... | 
2025-10-18 06:09:56:733 | DEBUG    | trade_logic.py            | stop_loss_book_profit_core | {} | 
2025-10-18 06:10:01:749 | DEBUG    | trade_logic.py            | stop_loss_book_profit_core | Evaluating open positions for stop-loss/book-profit... | 
2025-10-18 06:10:01:750 | DEBUG    | trade_logic.py            | stop_loss_book_profit_core | {} | 
2025-10-18 06:10:06:750 | DEBUG    | trade_logic.py            | stop_loss_book_profit_core | Evaluating open positions for stop-loss/book-profit... | 
2025-10-18 06:10:06:751 | DEBUG    | trade_logic.py            | stop_loss_book_profit_core | {} | 
2025-10-18 06:10:11:759 | DEBUG    | trade_logic.py            | stop_loss_book_profit_core | Evaluating open positions for stop-loss/book-profit... | 
2025-10-18 06:10:11:760 | DEBUG    | trade_logic.py            | stop_loss_book_profit_core | {} | 
2025-10-18 06:10:16:772 | DEBUG    | trade_logic.py            | stop_loss_book_profit_core | Evaluating open positions for stop-loss/book-profit... | 
2025-10-18 06:10:16:772 | DEBUG    | trade_logic.py            | stop_loss_book_profit_core | {} | 
2025-10-18 06:10:21:787 | DEBUG    | trade_logic.py            | stop_loss_book_profit_core | Evaluating open positions for stop-loss/book-profit... | 
2025-10-18 06:10:21:788 | DEBUG    | trade_logic.py            | stop_loss_book_profit_core | {} | 
2025-10-18 06:10:26:808 | DEBUG    | trade_logic.py            | stop_loss_book_profit_core | Evaluating open positions for stop-loss/book-profit... | 
2025-10-18 06:10:26:808 | DEBUG    | trade_logic.py            | stop_loss_book_profit_core | {} | 
2025-10-18 06:10:31:812 | DEBUG    | trade_logic.py            | stop_loss_book_profit_core | Evaluating open positions for stop-loss/book-profit... | 
2025-10-18 06:10:31:813 | DEBUG    | trade_logic.py            | stop_loss_book_profit_core | {} | 
2025-10-18 06:10:36:827 | DEBUG    | trade_logic.py            | stop_loss_book_profit_core | Evaluating open positions for stop-loss/book-profit... | 
2025-10-18 06:10:36:828 | DEBUG    | trade_logic.py            | stop_loss_book_profit_core | {} | 
2025-10-18 06:10:41:846 | DEBUG    | trade_logic.py            | stop_loss_book_profit_core | Evaluating open positions for stop-loss/book-profit... | 
2025-10-18 06:10:41:846 | DEBUG    | trade_logic.py            | stop_loss_book_profit_core | {} | 
2025-10-18 06:10:46:851 | DEBUG    | trade_logic.py            | stop_loss_book_profit_core | Evaluating open positions for stop-loss/book-profit... | 
2025-10-18 06:10:46:851 | DEBUG    | trade_logic.py            | stop_loss_book_profit_core | {} | 
2025-10-18 06:10:51:859 | DEBUG    | trade_logic.py            | stop_loss_book_profit_core | Evaluating open positions for stop-loss/book-profit... | 
2025-10-18 06:10:51:860 | DEBUG    | trade_logic.py            | stop_loss_book_profit_core | {} | 
2025-10-18 06:10:56:863 | DEBUG    | trade_logic.py            | stop_loss_book_profit_core | Evaluating open positions for stop-loss/book-profit... | 
2025-10-18 06:10:56:864 | DEBUG    | trade_logic.py            | stop_loss_book_profit_core | {} | 
2025-10-18 06:11:01:864 | DEBUG    | trade_logic.py            | stop_loss_book_profit_core | Evaluating open positions for stop-loss/book-profit... | 
2025-10-18 06:11:01:866 | DEBUG    | trade_logic.py            | stop_loss_book_profit_core | {} | 
2025-10-18 06:11:06:866 | DEBUG    | trade_logic.py            | stop_loss_book_profit_core | Evaluating open positions for stop-loss/book-profit... | 
2025-10-18 06:11:06:868 | DEBUG    | trade_logic.py            | stop_loss_book_profit_core | {} | 
2025-10-18 06:11:11:868 | DEBUG    | trade_logic.py            | stop_loss_book_profit_core | Evaluating open positions for stop-loss/book-profit... | 
2025-10-18 06:11:11:869 | DEBUG    | trade_logic.py            | stop_loss_book_profit_core | {} | 
2025-10-18 06:11:16:885 | DEBUG    | trade_logic.py            | stop_loss_book_profit_core | Evaluating open positions for stop-loss/book-profit... | 
2025-10-18 06:11:16:886 | DEBUG    | trade_logic.py            | stop_loss_book_profit_core | {} | 
2025-10-18 06:11:21:905 | DEBUG    | trade_logic.py            | stop_loss_book_profit_core | Evaluating open positions for stop-loss/book-profit... | 
2025-10-18 06:11:21:907 | DEBUG    | trade_logic.py            | stop_loss_book_profit_core | {} | 
2025-10-18 06:11:26:906 | DEBUG    | trade_logic.py            | stop_loss_book_profit_core | Evaluating open positions for stop-loss/book-profit... | 
2025-10-18 06:11:26:907 | DEBUG    | trade_logic.py            | stop_loss_book_profit_core | {} | 
2025-10-18 06:11:31:912 | DEBUG    | trade_logic.py            | stop_loss_book_profit_core | Evaluating open positions for stop-loss/book-profit... | 
2025-10-18 06:11:31:913 | DEBUG    | trade_logic.py            | stop_loss_book_profit_core | {} | 
2025-10-18 06:11:36:916 | DEBUG    | trade_logic.py            | stop_loss_book_profit_core | Evaluating open positions for stop-loss/book-profit... | 
2025-10-18 06:11:36:919 | DEBUG    | trade_logic.py            | stop_loss_book_profit_core | {} | 
2025-10-18 06:11:41:923 | DEBUG    | trade_logic.py            | stop_loss_book_profit_core | Evaluating open positions for stop-loss/book-profit... | 
2025-10-18 06:11:41:924 | DEBUG    | trade_logic.py            | stop_loss_book_profit_core | {} | 
2025-10-18 06:11:46:934 | DEBUG    | trade_logic.py            | stop_loss_book_profit_core | Evaluating open positions for stop-loss/book-profit... | 
2025-10-18 06:11:46:935 | DEBUG    | trade_logic.py            | stop_loss_book_profit_core | {} | 
2025-10-18 06:11:51:936 | DEBUG    | trade_logic.py            | stop_loss_book_profit_core | Evaluating open positions for stop-loss/book-profit... | 
2025-10-18 06:11:51:937 | DEBUG    | trade_logic.py            | stop_loss_book_profit_core | {} | 
2025-10-18 06:11:56:948 | DEBUG    | trade_logic.py            | stop_loss_book_profit_core | Evaluating open positions for stop-loss/book-profit... | 
2025-10-18 06:11:56:949 | DEBUG    | trade_logic.py            | stop_loss_book_profit_core | {} | 
2025-10-18 06:12:01:962 | DEBUG    | trade_logic.py            | stop_loss_book_profit_core | Evaluating open positions for stop-loss/book-profit... | 
2025-10-18 06:12:01:963 | DEBUG    | trade_logic.py            | stop_loss_book_profit_core | {} | 
2025-10-18 06:12:06:969 | DEBUG    | trade_logic.py            | stop_loss_book_profit_core | Evaluating open positions for stop-loss/book-profit... | 
2025-10-18 06:12:06:969 | DEBUG    | trade_logic.py            | stop_loss_book_profit_core | {} | 
2025-10-18 06:12:11:970 | DEBUG    | trade_logic.py            | stop_loss_book_profit_core | Evaluating open positions for stop-loss/book-profit... | 
2025-10-18 06:12:11:971 | DEBUG    | trade_logic.py            | stop_loss_book_profit_core | {} | 
2025-10-18 06:12:16:986 | DEBUG    | trade_logic.py            | stop_loss_book_profit_core | Evaluating open positions for stop-loss/book-profit... | 
2025-10-18 06:12:16:986 | DEBUG    | trade_logic.py            | stop_loss_book_profit_core | {} | 
2025-10-18 06:12:22:005 | DEBUG    | trade_logic.py            | stop_loss_book_profit_core | Evaluating open positions for stop-loss/book-profit... | 
2025-10-18 06:12:22:005 | DEBUG    | trade_logic.py            | stop_loss_book_profit_core | {} | 
2025-10-18 06:12:27:022 | DEBUG    | trade_logic.py            | stop_loss_book_profit_core | Evaluating open positions for stop-loss/book-profit... | 
2025-10-18 06:12:27:023 | DEBUG    | trade_logic.py            | stop_loss_book_profit_core | {} | 
2025-10-18 06:12:32:027 | DEBUG    | trade_logic.py            | stop_loss_book_profit_core | Evaluating open positions for stop-loss/book-profit... | 
2025-10-18 06:12:32:028 | DEBUG    | trade_logic.py            | stop_loss_book_profit_core | {} | 
2025-10-18 06:12:37:030 | DEBUG    | trade_logic.py            | stop_loss_book_profit_core | Evaluating open positions for stop-loss/book-profit... | 
2025-10-18 06:12:37:031 | DEBUG    | trade_logic.py            | stop_loss_book_profit_core | {} | 
2025-10-18 06:12:42:044 | DEBUG    | trade_logic.py            | stop_loss_book_profit_core | Evaluating open positions for stop-loss/book-profit... | 
2025-10-18 06:12:42:045 | DEBUG    | trade_logic.py            | stop_loss_book_profit_core | {} | 
2025-10-18 06:12:47:056 | DEBUG    | trade_logic.py            | stop_loss_book_profit_core | Evaluating open positions for stop-loss/book-profit... | 
2025-10-18 06:12:47:057 | DEBUG    | trade_logic.py            | stop_loss_book_profit_core | {} | 
2025-10-18 06:12:52:072 | DEBUG    | trade_logic.py            | stop_loss_book_profit_core | Evaluating open positions for stop-loss/book-profit... | 
2025-10-18 06:12:52:073 | DEBUG    | trade_logic.py            | stop_loss_book_profit_core | {} | 
2025-10-18 06:12:57:080 | DEBUG    | trade_logic.py            | stop_loss_book_profit_core | Evaluating open positions for stop-loss/book-profit... | 
2025-10-18 06:12:57:081 | DEBUG    | trade_logic.py            | stop_loss_book_profit_core | {} | 
2025-10-18 06:13:02:084 | DEBUG    | trade_logic.py            | stop_loss_book_profit_core | Evaluating open positions for stop-loss/book-profit... | 
2025-10-18 06:13:02:085 | DEBUG    | trade_logic.py            | stop_loss_book_profit_core | {} | 
2025-10-18 06:13:07:090 | DEBUG    | trade_logic.py            | stop_loss_book_profit_core | Evaluating open positions for stop-loss/book-profit... | 
2025-10-18 06:13:07:092 | DEBUG    | trade_logic.py            | stop_loss_book_profit_core | {} | 
2025-10-18 06:13:12:095 | DEBUG    | trade_logic.py            | stop_loss_book_profit_core | Evaluating open positions for stop-loss/book-profit... | 
2025-10-18 06:13:12:097 | DEBUG    | trade_logic.py            | stop_loss_book_profit_core | {} | 
2025-10-18 06:13:17:095 | DEBUG    | trade_logic.py            | stop_loss_book_profit_core | Evaluating open positions for stop-loss/book-profit... | 
2025-10-18 06:13:17:096 | DEBUG    | trade_logic.py            | stop_loss_book_profit_core | {} | 
2025-10-18 06:13:22:101 | DEBUG    | trade_logic.py            | stop_loss_book_profit_core | Evaluating open positions for stop-loss/book-profit... | 
2025-10-18 06:13:22:103 | DEBUG    | trade_logic.py            | stop_loss_book_profit_core | {} | 
2025-10-18 06:13:27:107 | DEBUG    | trade_logic.py            | stop_loss_book_profit_core | Evaluating open positions for stop-loss/book-profit... | 
2025-10-18 06:13:27:109 | DEBUG    | trade_logic.py            | stop_loss_book_profit_core | {} | 
2025-10-18 06:13:32:116 | DEBUG    | trade_logic.py            | stop_loss_book_profit_core | Evaluating open positions for stop-loss/book-profit... | 
2025-10-18 06:13:32:118 | DEBUG    | trade_logic.py            | stop_loss_book_profit_core | {} | 
2025-10-18 06:13:37:122 | DEBUG    | trade_logic.py            | stop_loss_book_profit_core | Evaluating open positions for stop-loss/book-profit... | 
2025-10-18 06:13:37:123 | DEBUG    | trade_logic.py            | stop_loss_book_profit_core | {} | 
2025-10-18 06:13:42:129 | DEBUG    | trade_logic.py            | stop_loss_book_profit_core | Evaluating open positions for stop-loss/book-profit... | 
2025-10-18 06:13:42:131 | DEBUG    | trade_logic.py            | stop_loss_book_profit_core | {} | 
2025-10-18 06:13:47:151 | DEBUG    | trade_logic.py            | stop_loss_book_profit_core | Evaluating open positions for stop-loss/book-profit... | 
2025-10-18 06:13:47:152 | DEBUG    | trade_logic.py            | stop_loss_book_profit_core | {} | 
2025-10-18 06:13:52:173 | DEBUG    | trade_logic.py            | stop_loss_book_profit_core | Evaluating open positions for stop-loss/book-profit... | 
2025-10-18 06:13:52:175 | DEBUG    | trade_logic.py            | stop_loss_book_profit_core | {} | 
2025-10-18 06:13:57:174 | DEBUG    | trade_logic.py            | stop_loss_book_profit_core | Evaluating open positions for stop-loss/book-profit... | 
2025-10-18 06:13:57:175 | DEBUG    | trade_logic.py            | stop_loss_book_profit_core | {} | 
2025-10-18 06:14:02:191 | DEBUG    | trade_logic.py            | stop_loss_book_profit_core | Evaluating open positions for stop-loss/book-profit... | 
2025-10-18 06:14:02:191 | DEBUG    | trade_logic.py            | stop_loss_book_profit_core | {} | 
2025-10-18 06:14:07:199 | DEBUG    | trade_logic.py            | stop_loss_book_profit_core | Evaluating open positions for stop-loss/book-profit... | 
2025-10-18 06:14:07:200 | DEBUG    | trade_logic.py            | stop_loss_book_profit_core | {} | 
2025-10-18 06:14:12:205 | DEBUG    | trade_logic.py            | stop_loss_book_profit_core | Evaluating open positions for stop-loss/book-profit... | 
2025-10-18 06:14:12:205 | DEBUG    | trade_logic.py            | stop_loss_book_profit_core | {} | 
2025-10-18 06:14:17:210 | DEBUG    | trade_logic.py            | stop_loss_book_profit_core | Evaluating open positions for stop-loss/book-profit... | 
2025-10-18 06:14:17:211 | DEBUG    | trade_logic.py            | stop_loss_book_profit_core | {} | 
2025-10-18 06:14:22:218 | DEBUG    | trade_logic.py            | stop_loss_book_profit_core | Evaluating open positions for stop-loss/book-profit... | 
2025-10-18 06:14:22:219 | DEBUG    | trade_logic.py            | stop_loss_book_profit_core | {} | 
2025-10-18 06:14:27:230 | DEBUG    | trade_logic.py            | stop_loss_book_profit_core | Evaluating open positions for stop-loss/book-profit... | 
2025-10-18 06:14:27:231 | DEBUG    | trade_logic.py            | stop_loss_book_profit_core | {} | 
2025-10-18 06:14:32:234 | DEBUG    | trade_logic.py            | stop_loss_book_profit_core | Evaluating open positions for stop-loss/book-profit... | 
2025-10-18 06:14:32:235 | DEBUG    | trade_logic.py            | stop_loss_book_profit_core | {} | 
2025-10-18 06:14:37:254 | DEBUG    | trade_logic.py            | stop_loss_book_profit_core | Evaluating open positions for stop-loss/book-profit... | 
2025-10-18 06:14:37:254 | DEBUG    | trade_logic.py            | stop_loss_book_profit_core | {} | 
2025-10-18 06:14:42:260 | DEBUG    | trade_logic.py            | stop_loss_book_profit_core | Evaluating open positions for stop-loss/book-profit... | 
2025-10-18 06:14:42:260 | DEBUG    | trade_logic.py            | stop_loss_book_profit_core | {} | 
2025-10-18 06:14:47:273 | DEBUG    | trade_logic.py            | stop_loss_book_profit_core | Evaluating open positions for stop-loss/book-profit... | 
2025-10-18 06:14:47:274 | DEBUG    | trade_logic.py            | stop_loss_book_profit_core | {} | 
2025-10-18 06:14:52:294 | DEBUG    | trade_logic.py            | stop_loss_book_profit_core | Evaluating open positions for stop-loss/book-profit... | 
2025-10-18 06:14:52:294 | DEBUG    | trade_logic.py            | stop_loss_book_profit_core | {} | 
2025-10-18 06:14:57:316 | DEBUG    | trade_logic.py            | stop_loss_book_profit_core | Evaluating open positions for stop-loss/book-profit... | 
2025-10-18 06:14:57:317 | DEBUG    | trade_logic.py            | stop_loss_book_profit_core | {} | 
2025-10-18 06:15:02:337 | DEBUG    | trade_logic.py            | stop_loss_book_profit_core | Evaluating open positions for stop-loss/book-profit... | 
2025-10-18 06:15:02:338 | DEBUG    | trade_logic.py            | stop_loss_book_profit_core | {} | 
2025-10-18 06:15:07:338 | DEBUG    | trade_logic.py            | stop_loss_book_profit_core | Evaluating open positions for stop-loss/book-profit... | 
2025-10-18 06:15:07:339 | DEBUG    | trade_logic.py            | stop_loss_book_profit_core | {} | 
2025-10-18 06:15:12:346 | DEBUG    | trade_logic.py            | stop_loss_book_profit_core | Evaluating open positions for stop-loss/book-profit... | 
2025-10-18 06:15:12:347 | DEBUG    | trade_logic.py            | stop_loss_book_profit_core | {} | 
2025-10-18 06:15:17:352 | DEBUG    | trade_logic.py            | stop_loss_book_profit_core | Evaluating open positions for stop-loss/book-profit... | 
2025-10-18 06:15:17:353 | DEBUG    | trade_logic.py            | stop_loss_book_profit_core | {} | 
2025-10-18 06:15:22:359 | DEBUG    | trade_logic.py            | stop_loss_book_profit_core | Evaluating open positions for stop-loss/book-profit... | 
2025-10-18 06:15:22:360 | DEBUG    | trade_logic.py            | stop_loss_book_profit_core | {} | 
2025-10-18 06:15:27:366 | DEBUG    | trade_logic.py            | stop_loss_book_profit_core | Evaluating open positions for stop-loss/book-profit... | 
2025-10-18 06:15:27:367 | DEBUG    | trade_logic.py            | stop_loss_book_profit_core | {} | 
2025-10-18 06:15:32:373 | DEBUG    | trade_logic.py            | stop_loss_book_profit_core | Evaluating open positions for stop-loss/book-profit... | 
2025-10-18 06:15:32:375 | DEBUG    | trade_logic.py            | stop_loss_book_profit_core | {} | 
2025-10-18 06:15:37:394 | DEBUG    | trade_logic.py            | stop_loss_book_profit_core | Evaluating open positions for stop-loss/book-profit... | 
2025-10-18 06:15:37:396 | DEBUG    | trade_logic.py            | stop_loss_book_profit_core | {} | 
2025-10-18 06:15:42:394 | DEBUG    | trade_logic.py            | stop_loss_book_profit_core | Evaluating open positions for stop-loss/book-profit... | 
2025-10-18 06:15:42:396 | DEBUG    | trade_logic.py            | stop_loss_book_profit_core | {} | 
2025-10-18 06:15:47:399 | DEBUG    | trade_logic.py            | stop_loss_book_profit_core | Evaluating open positions for stop-loss/book-profit... | 
2025-10-18 06:15:47:401 | DEBUG    | trade_logic.py            | stop_loss_book_profit_core | {} | 
2025-10-18 06:15:52:405 | DEBUG    | trade_logic.py            | stop_loss_book_profit_core | Evaluating open positions for stop-loss/book-profit... | 
2025-10-18 06:15:52:406 | DEBUG    | trade_logic.py            | stop_loss_book_profit_core | {} | 
2025-10-18 06:15:57:410 | DEBUG    | trade_logic.py            | stop_loss_book_profit_core | Evaluating open positions for stop-loss/book-profit... | 
2025-10-18 06:15:57:411 | DEBUG    | trade_logic.py            | stop_loss_book_profit_core | {} | 
2025-10-18 06:16:02:418 | DEBUG    | trade_logic.py            | stop_loss_book_profit_core | Evaluating open positions for stop-loss/book-profit... | 
2025-10-18 06:16:02:419 | DEBUG    | trade_logic.py            | stop_loss_book_profit_core | {} | 
2025-10-18 06:16:07:421 | DEBUG    | trade_logic.py            | stop_loss_book_profit_core | Evaluating open positions for stop-loss/book-profit... | 
2025-10-18 06:16:07:422 | DEBUG    | trade_logic.py            | stop_loss_book_profit_core | {} | 
2025-10-18 06:16:12:432 | DEBUG    | trade_logic.py            | stop_loss_book_profit_core | Evaluating open positions for stop-loss/book-profit... | 
2025-10-18 06:16:12:433 | DEBUG    | trade_logic.py            | stop_loss_book_profit_core | {} | 
2025-10-18 06:16:17:448 | DEBUG    | trade_logic.py            | stop_loss_book_profit_core | Evaluating open positions for stop-loss/book-profit... | 
2025-10-18 06:16:17:448 | DEBUG    | trade_logic.py            | stop_loss_book_profit_core | {} | 
2025-10-18 06:16:22:455 | DEBUG    | trade_logic.py            | stop_loss_book_profit_core | Evaluating open positions for stop-loss/book-profit... | 
2025-10-18 06:16:22:456 | DEBUG    | trade_logic.py            | stop_loss_book_profit_core | {} | 
2025-10-18 06:16:27:458 | DEBUG    | trade_logic.py            | stop_loss_book_profit_core | Evaluating open positions for stop-loss/book-profit... | 
2025-10-18 06:16:27:459 | DEBUG    | trade_logic.py            | stop_loss_book_profit_core | {} | 
2025-10-18 06:16:32:465 | DEBUG    | trade_logic.py            | stop_loss_book_profit_core | Evaluating open positions for stop-loss/book-profit... | 
2025-10-18 06:16:32:465 | DEBUG    | trade_logic.py            | stop_loss_book_profit_core | {} | 
2025-10-18 06:16:37:484 | DEBUG    | trade_logic.py            | stop_loss_book_profit_core | Evaluating open positions for stop-loss/book-profit... | 
2025-10-18 06:16:37:485 | DEBUG    | trade_logic.py            | stop_loss_book_profit_core | {} | 
2025-10-18 06:16:42:493 | DEBUG    | trade_logic.py            | stop_loss_book_profit_core | Evaluating open positions for stop-loss/book-profit... | 
2025-10-18 06:16:42:494 | DEBUG    | trade_logic.py            | stop_loss_book_profit_core | {} | 
2025-10-18 06:16:47:495 | DEBUG    | trade_logic.py            | stop_loss_book_profit_core | Evaluating open positions for stop-loss/book-profit... | 
2025-10-18 06:16:47:496 | DEBUG    | trade_logic.py            | stop_loss_book_profit_core | {} | 
2025-10-18 06:16:52:501 | DEBUG    | trade_logic.py            | stop_loss_book_profit_core | Evaluating open positions for stop-loss/book-profit... | 
2025-10-18 06:16:52:502 | DEBUG    | trade_logic.py            | stop_loss_book_profit_core | {} | 
2025-10-18 06:16:57:524 | DEBUG    | trade_logic.py            | stop_loss_book_profit_core | Evaluating open positions for stop-loss/book-profit... | 
2025-10-18 06:16:57:525 | DEBUG    | trade_logic.py            | stop_loss_book_profit_core | {} | 
2025-10-18 06:17:02:524 | DEBUG    | trade_logic.py            | stop_loss_book_profit_core | Evaluating open positions for stop-loss/book-profit... | 
2025-10-18 06:17:02:526 | DEBUG    | trade_logic.py            | stop_loss_book_profit_core | {} | 
2025-10-18 06:17:07:531 | DEBUG    | trade_logic.py            | stop_loss_book_profit_core | Evaluating open positions for stop-loss/book-profit... | 
2025-10-18 06:17:07:532 | DEBUG    | trade_logic.py            | stop_loss_book_profit_core | {} | 
2025-10-18 06:17:12:538 | DEBUG    | trade_logic.py            | stop_loss_book_profit_core | Evaluating open positions for stop-loss/book-profit... | 
2025-10-18 06:17:12:539 | DEBUG    | trade_logic.py            | stop_loss_book_profit_core | {} | 
2025-10-18 06:17:17:544 | DEBUG    | trade_logic.py            | stop_loss_book_profit_core | Evaluating open positions for stop-loss/book-profit... | 
2025-10-18 06:17:17:545 | DEBUG    | trade_logic.py            | stop_loss_book_profit_core | {} | 
2025-10-18 06:17:22:560 | DEBUG    | trade_logic.py            | stop_loss_book_profit_core | Evaluating open positions for stop-loss/book-profit... | 
2025-10-18 06:17:22:561 | DEBUG    | trade_logic.py            | stop_loss_book_profit_core | {} | 
2025-10-18 06:17:27:573 | DEBUG    | trade_logic.py            | stop_loss_book_profit_core | Evaluating open positions for stop-loss/book-profit... | 
2025-10-18 06:17:27:575 | DEBUG    | trade_logic.py            | stop_loss_book_profit_core | {} | 
2025-10-18 06:17:32:575 | DEBUG    | trade_logic.py            | stop_loss_book_profit_core | Evaluating open positions for stop-loss/book-profit... | 
2025-10-18 06:17:32:576 | DEBUG    | trade_logic.py            | stop_loss_book_profit_core | {} | 
2025-10-18 06:17:37:581 | DEBUG    | trade_logic.py            | stop_loss_book_profit_core | Evaluating open positions for stop-loss/book-profit... | 
2025-10-18 06:17:37:583 | DEBUG    | trade_logic.py            | stop_loss_book_profit_core | {} | 
2025-10-18 06:17:42:587 | DEBUG    | trade_logic.py            | stop_loss_book_profit_core | Evaluating open positions for stop-loss/book-profit... | 
2025-10-18 06:17:42:589 | DEBUG    | trade_logic.py            | stop_loss_book_profit_core | {} | 
2025-10-18 06:17:47:594 | DEBUG    | trade_logic.py            | stop_loss_book_profit_core | Evaluating open positions for stop-loss/book-profit... | 
2025-10-18 06:17:47:595 | DEBUG    | trade_logic.py            | stop_loss_book_profit_core | {} | 
2025-10-18 06:17:52:595 | DEBUG    | trade_logic.py            | stop_loss_book_profit_core | Evaluating open positions for stop-loss/book-profit... | 
2025-10-18 06:17:52:596 | DEBUG    | trade_logic.py            | stop_loss_book_profit_core | {} | 
2025-10-18 06:17:57:602 | DEBUG    | trade_logic.py            | stop_loss_book_profit_core | Evaluating open positions for stop-loss/book-profit... | 
2025-10-18 06:17:57:604 | DEBUG    | trade_logic.py            | stop_loss_book_profit_core | {} | 
2025-10-18 06:18:02:611 | DEBUG    | trade_logic.py            | stop_loss_book_profit_core | Evaluating open positions for stop-loss/book-profit... | 
2025-10-18 06:18:02:611 | DEBUG    | trade_logic.py            | stop_loss_book_profit_core | {} | 
2025-10-18 06:18:07:628 | DEBUG    | trade_logic.py            | stop_loss_book_profit_core | Evaluating open positions for stop-loss/book-profit... | 
2025-10-18 06:18:07:629 | DEBUG    | trade_logic.py            | stop_loss_book_profit_core | {} | 
2025-10-18 06:18:12:642 | DEBUG    | trade_logic.py            | stop_loss_book_profit_core | Evaluating open positions for stop-loss/book-profit... | 
2025-10-18 06:18:12:643 | DEBUG    | trade_logic.py            | stop_loss_book_profit_core | {} | 
2025-10-18 06:18:17:655 | DEBUG    | trade_logic.py            | stop_loss_book_profit_core | Evaluating open positions for stop-loss/book-profit... | 
2025-10-18 06:18:17:656 | DEBUG    | trade_logic.py            | stop_loss_book_profit_core | {} | 
2025-10-18 06:18:22:662 | DEBUG    | trade_logic.py            | stop_loss_book_profit_core | Evaluating open positions for stop-loss/book-profit... | 
2025-10-18 06:18:22:663 | DEBUG    | trade_logic.py            | stop_loss_book_profit_core | {} | 
2025-10-18 06:18:27:670 | DEBUG    | trade_logic.py            | stop_loss_book_profit_core | Evaluating open positions for stop-loss/book-profit... | 
2025-10-18 06:18:27:674 | DEBUG    | trade_logic.py            | stop_loss_book_profit_core | {} | 
2025-10-18 06:18:32:681 | DEBUG    | trade_logic.py            | stop_loss_book_profit_core | Evaluating open positions for stop-loss/book-profit... | 
2025-10-18 06:18:32:682 | DEBUG    | trade_logic.py            | stop_loss_book_profit_core | {} | 
2025-10-18 06:18:37:699 | DEBUG    | trade_logic.py            | stop_loss_book_profit_core | Evaluating open positions for stop-loss/book-profit... | 
2025-10-18 06:18:37:699 | DEBUG    | trade_logic.py            | stop_loss_book_profit_core | {} | 
2025-10-18 06:18:42:707 | DEBUG    | trade_logic.py            | stop_loss_book_profit_core | Evaluating open positions for stop-loss/book-profit... | 
2025-10-18 06:18:42:708 | DEBUG    | trade_logic.py            | stop_loss_book_profit_core | {} | 
2025-10-18 06:18:47:722 | DEBUG    | trade_logic.py            | stop_loss_book_profit_core | Evaluating open positions for stop-loss/book-profit... | 
2025-10-18 06:18:47:723 | DEBUG    | trade_logic.py            | stop_loss_book_profit_core | {} | 
2025-10-18 06:18:52:732 | DEBUG    | trade_logic.py            | stop_loss_book_profit_core | Evaluating open positions for stop-loss/book-profit... | 
2025-10-18 06:18:52:734 | DEBUG    | trade_logic.py            | stop_loss_book_profit_core | {} | 
2025-10-18 06:18:57:740 | DEBUG    | trade_logic.py            | stop_loss_book_profit_core | Evaluating open positions for stop-loss/book-profit... | 
2025-10-18 06:18:57:742 | DEBUG    | trade_logic.py            | stop_loss_book_profit_core | {} | 
2025-10-18 06:19:02:746 | DEBUG    | trade_logic.py            | stop_loss_book_profit_core | Evaluating open positions for stop-loss/book-profit... | 
2025-10-18 06:19:02:747 | DEBUG    | trade_logic.py            | stop_loss_book_profit_core | {} | 
2025-10-18 06:19:07:747 | DEBUG    | trade_logic.py            | stop_loss_book_profit_core | Evaluating open positions for stop-loss/book-profit... | 
2025-10-18 06:19:07:749 | DEBUG    | trade_logic.py            | stop_loss_book_profit_core | {} | 
2025-10-18 06:19:12:756 | DEBUG    | trade_logic.py            | stop_loss_book_profit_core | Evaluating open positions for stop-loss/book-profit... | 
2025-10-18 06:19:12:758 | DEBUG    | trade_logic.py            | stop_loss_book_profit_core | {} | 
2025-10-18 06:19:17:762 | DEBUG    | trade_logic.py            | stop_loss_book_profit_core | Evaluating open positions for stop-loss/book-profit... | 
2025-10-18 06:19:17:763 | DEBUG    | trade_logic.py            | stop_loss_book_profit_core | {} | 
2025-10-18 06:19:22:770 | DEBUG    | trade_logic.py            | stop_loss_book_profit_core | Evaluating open positions for stop-loss/book-profit... | 
2025-10-18 06:19:22:772 | DEBUG    | trade_logic.py            | stop_loss_book_profit_core | {} | 
2025-10-18 06:19:27:776 | DEBUG    | trade_logic.py            | stop_loss_book_profit_core | Evaluating open positions for stop-loss/book-profit... | 
2025-10-18 06:19:27:779 | DEBUG    | trade_logic.py            | stop_loss_book_profit_core | {} | 
2025-10-18 06:19:32:781 | DEBUG    | trade_logic.py            | stop_loss_book_profit_core | Evaluating open positions for stop-loss/book-profit... | 
2025-10-18 06:19:32:783 | DEBUG    | trade_logic.py            | stop_loss_book_profit_core | {} | 
2025-10-18 06:19:37:796 | DEBUG    | trade_logic.py            | stop_loss_book_profit_core | Evaluating open positions for stop-loss/book-profit... | 
2025-10-18 06:19:37:797 | DEBUG    | trade_logic.py            | stop_loss_book_profit_core | {} | 
2025-10-18 06:19:42:802 | DEBUG    | trade_logic.py            | stop_loss_book_profit_core | Evaluating open positions for stop-loss/book-profit... | 
2025-10-18 06:19:42:803 | DEBUG    | trade_logic.py            | stop_loss_book_profit_core | {} | 
2025-10-18 06:19:47:810 | DEBUG    | trade_logic.py            | stop_loss_book_profit_core | Evaluating open positions for stop-loss/book-profit... | 
2025-10-18 06:19:47:811 | DEBUG    | trade_logic.py            | stop_loss_book_profit_core | {} | 
2025-10-18 06:19:52:832 | DEBUG    | trade_logic.py            | stop_loss_book_profit_core | Evaluating open positions for stop-loss/book-profit... | 
2025-10-18 06:19:52:833 | DEBUG    | trade_logic.py            | stop_loss_book_profit_core | {} | 
2025-10-18 06:19:57:832 | DEBUG    | trade_logic.py            | stop_loss_book_profit_core | Evaluating open positions for stop-loss/book-profit... | 
2025-10-18 06:19:57:835 | DEBUG    | trade_logic.py            | stop_loss_book_profit_core | {} | 
2025-10-18 06:20:02:843 | DEBUG    | trade_logic.py            | stop_loss_book_profit_core | Evaluating open positions for stop-loss/book-profit... | 
2025-10-18 06:20:02:844 | DEBUG    | trade_logic.py            | stop_loss_book_profit_core | {} | 
2025-10-18 06:20:07:853 | DEBUG    | trade_logic.py            | stop_loss_book_profit_core | Evaluating open positions for stop-loss/book-profit... | 
2025-10-18 06:20:07:854 | DEBUG    | trade_logic.py            | stop_loss_book_profit_core | {} | 
2025-10-18 06:20:12:873 | DEBUG    | trade_logic.py            | stop_loss_book_profit_core | Evaluating open positions for stop-loss/book-profit... | 
2025-10-18 06:20:12:874 | DEBUG    | trade_logic.py            | stop_loss_book_profit_core | {} | 
2025-10-18 06:20:17:876 | DEBUG    | trade_logic.py            | stop_loss_book_profit_core | Evaluating open positions for stop-loss/book-profit... | 
2025-10-18 06:20:17:877 | DEBUG    | trade_logic.py            | stop_loss_book_profit_core | {} | 
2025-10-18 06:20:22:885 | DEBUG    | trade_logic.py            | stop_loss_book_profit_core | Evaluating open positions for stop-loss/book-profit... | 
2025-10-18 06:20:22:886 | DEBUG    | trade_logic.py            | stop_loss_book_profit_core | {} | 
2025-10-18 06:20:27:892 | DEBUG    | trade_logic.py            | stop_loss_book_profit_core | Evaluating open positions for stop-loss/book-profit... | 
2025-10-18 06:20:27:892 | DEBUG    | trade_logic.py            | stop_loss_book_profit_core | {} | 
2025-10-18 06:20:32:901 | DEBUG    | trade_logic.py            | stop_loss_book_profit_core | Evaluating open positions for stop-loss/book-profit... | 
2025-10-18 06:20:32:902 | DEBUG    | trade_logic.py            | stop_loss_book_profit_core | {} | 
2025-10-18 06:20:37:903 | DEBUG    | trade_logic.py            | stop_loss_book_profit_core | Evaluating open positions for stop-loss/book-profit... | 
2025-10-18 06:20:37:904 | DEBUG    | trade_logic.py            | stop_loss_book_profit_core | {} | 
2025-10-18 06:20:42:904 | DEBUG    | trade_logic.py            | stop_loss_book_profit_core | Evaluating open positions for stop-loss/book-profit... | 
2025-10-18 06:20:42:905 | DEBUG    | trade_logic.py            | stop_loss_book_profit_core | {} | 
2025-10-18 06:20:47:912 | DEBUG    | trade_logic.py            | stop_loss_book_profit_core | Evaluating open positions for stop-loss/book-profit... | 
2025-10-18 06:20:47:912 | DEBUG    | trade_logic.py            | stop_loss_book_profit_core | {} | 
2025-10-18 06:20:52:918 | DEBUG    | trade_logic.py            | stop_loss_book_profit_core | Evaluating open positions for stop-loss/book-profit... | 
2025-10-18 06:20:52:918 | DEBUG    | trade_logic.py            | stop_loss_book_profit_core | {} | 
2025-10-18 06:20:57:931 | DEBUG    | trade_logic.py            | stop_loss_book_profit_core | Evaluating open positions for stop-loss/book-profit... | 
2025-10-18 06:20:57:932 | DEBUG    | trade_logic.py            | stop_loss_book_profit_core | {} | 
2025-10-18 06:21:02:941 | DEBUG    | trade_logic.py            | stop_loss_book_profit_core | Evaluating open positions for stop-loss/book-profit... | 
2025-10-18 06:21:02:942 | DEBUG    | trade_logic.py            | stop_loss_book_profit_core | {} | 
2025-10-18 06:21:07:948 | DEBUG    | trade_logic.py            | stop_loss_book_profit_core | Evaluating open positions for stop-loss/book-profit... | 
2025-10-18 06:21:07:951 | DEBUG    | trade_logic.py            | stop_loss_book_profit_core | {} | 
2025-10-18 06:21:12:954 | DEBUG    | trade_logic.py            | stop_loss_book_profit_core | Evaluating open positions for stop-loss/book-profit... | 
2025-10-18 06:21:12:956 | DEBUG    | trade_logic.py            | stop_loss_book_profit_core | {} | 
2025-10-18 06:21:17:961 | DEBUG    | trade_logic.py            | stop_loss_book_profit_core | Evaluating open positions for stop-loss/book-profit... | 
2025-10-18 06:21:17:964 | DEBUG    | trade_logic.py            | stop_loss_book_profit_core | {} | 
2025-10-18 06:21:22:968 | DEBUG    | trade_logic.py            | stop_loss_book_profit_core | Evaluating open positions for stop-loss/book-profit... | 
2025-10-18 06:21:22:970 | DEBUG    | trade_logic.py            | stop_loss_book_profit_core | {} | 
2025-10-18 06:21:27:969 | DEBUG    | trade_logic.py            | stop_loss_book_profit_core | Evaluating open positions for stop-loss/book-profit... | 
2025-10-18 06:21:27:971 | DEBUG    | trade_logic.py            | stop_loss_book_profit_core | {} | 
2025-10-18 06:21:32:976 | DEBUG    | trade_logic.py            | stop_loss_book_profit_core | Evaluating open positions for stop-loss/book-profit... | 
2025-10-18 06:21:32:977 | DEBUG    | trade_logic.py            | stop_loss_book_profit_core | {} | 
2025-10-18 06:21:37:982 | DEBUG    | trade_logic.py            | stop_loss_book_profit_core | Evaluating open positions for stop-loss/book-profit... | 
2025-10-18 06:21:37:982 | DEBUG    | trade_logic.py            | stop_loss_book_profit_core | {} | 
2025-10-18 06:21:42:989 | DEBUG    | trade_logic.py            | stop_loss_book_profit_core | Evaluating open positions for stop-loss/book-profit... | 
2025-10-18 06:21:42:991 | DEBUG    | trade_logic.py            | stop_loss_book_profit_core | {} | 
2025-10-18 06:21:47:996 | DEBUG    | trade_logic.py            | stop_loss_book_profit_core | Evaluating open positions for stop-loss/book-profit... | 
2025-10-18 06:21:47:997 | DEBUG    | trade_logic.py            | stop_loss_book_profit_core | {} | 
2025-10-18 06:21:53:016 | DEBUG    | trade_logic.py            | stop_loss_book_profit_core | Evaluating open positions for stop-loss/book-profit... | 
2025-10-18 06:21:53:017 | DEBUG    | trade_logic.py            | stop_loss_book_profit_core | {} | 
2025-10-18 06:21:58:023 | DEBUG    | trade_logic.py            | stop_loss_book_profit_core | Evaluating open positions for stop-loss/book-profit... | 
2025-10-18 06:21:58:025 | DEBUG    | trade_logic.py            | stop_loss_book_profit_core | {} | 
2025-10-18 06:22:03:023 | DEBUG    | trade_logic.py            | stop_loss_book_profit_core | Evaluating open positions for stop-loss/book-profit... | 
2025-10-18 06:22:03:024 | DEBUG    | trade_logic.py            | stop_loss_book_profit_core | {} | 
2025-10-18 06:22:08:035 | DEBUG    | trade_logic.py            | stop_loss_book_profit_core | Evaluating open positions for stop-loss/book-profit... | 
2025-10-18 06:22:08:036 | DEBUG    | trade_logic.py            | stop_loss_book_profit_core | {} | 
2025-10-18 06:22:13:048 | DEBUG    | trade_logic.py            | stop_loss_book_profit_core | Evaluating open positions for stop-loss/book-profit... | 
2025-10-18 06:22:13:049 | DEBUG    | trade_logic.py            | stop_loss_book_profit_core | {} | 
2025-10-18 06:22:18:061 | DEBUG    | trade_logic.py            | stop_loss_book_profit_core | Evaluating open positions for stop-loss/book-profit... | 
2025-10-18 06:22:18:062 | DEBUG    | trade_logic.py            | stop_loss_book_profit_core | {} | 
2025-10-18 06:22:23:081 | DEBUG    | trade_logic.py            | stop_loss_book_profit_core | Evaluating open positions for stop-loss/book-profit... | 
2025-10-18 06:22:23:082 | DEBUG    | trade_logic.py            | stop_loss_book_profit_core | {} | 
2025-10-18 06:22:28:081 | DEBUG    | trade_logic.py            | stop_loss_book_profit_core | Evaluating open positions for stop-loss/book-profit... | 
2025-10-18 06:22:28:082 | DEBUG    | trade_logic.py            | stop_loss_book_profit_core | {} | 
2025-10-18 06:22:33:089 | DEBUG    | trade_logic.py            | stop_loss_book_profit_core | Evaluating open positions for stop-loss/book-profit... | 
2025-10-18 06:22:33:090 | DEBUG    | trade_logic.py            | stop_loss_book_profit_core | {} | 
2025-10-18 06:22:38:100 | DEBUG    | trade_logic.py            | stop_loss_book_profit_core | Evaluating open positions for stop-loss/book-profit... | 
2025-10-18 06:22:38:101 | DEBUG    | trade_logic.py            | stop_loss_book_profit_core | {} | 
2025-10-18 06:22:43:116 | DEBUG    | trade_logic.py            | stop_loss_book_profit_core | Evaluating open positions for stop-loss/book-profit... | 
2025-10-18 06:22:43:116 | DEBUG    | trade_logic.py            | stop_loss_book_profit_core | {} | 
2025-10-18 06:22:48:116 | DEBUG    | trade_logic.py            | stop_loss_book_profit_core | Evaluating open positions for stop-loss/book-profit... | 
2025-10-18 06:22:48:117 | DEBUG    | trade_logic.py            | stop_loss_book_profit_core | {} | 
2025-10-18 06:22:53:124 | DEBUG    | trade_logic.py            | stop_loss_book_profit_core | Evaluating open positions for stop-loss/book-profit... | 
2025-10-18 06:22:53:125 | DEBUG    | trade_logic.py            | stop_loss_book_profit_core | {} | 
2025-10-18 06:22:58:132 | DEBUG    | trade_logic.py            | stop_loss_book_profit_core | Evaluating open positions for stop-loss/book-profit... | 
2025-10-18 06:22:58:133 | DEBUG    | trade_logic.py            | stop_loss_book_profit_core | {} | 
2025-10-18 06:23:03:138 | DEBUG    | trade_logic.py            | stop_loss_book_profit_core | Evaluating open positions for stop-loss/book-profit... | 
2025-10-18 06:23:03:140 | DEBUG    | trade_logic.py            | stop_loss_book_profit_core | {} | 
2025-10-18 06:23:08:138 | DEBUG    | trade_logic.py            | stop_loss_book_profit_core | Evaluating open positions for stop-loss/book-profit... | 
2025-10-18 06:23:08:140 | DEBUG    | trade_logic.py            | stop_loss_book_profit_core | {} | 
2025-10-18 06:23:13:146 | DEBUG    | trade_logic.py            | stop_loss_book_profit_core | Evaluating open positions for stop-loss/book-profit... | 
2025-10-18 06:23:13:148 | DEBUG    | trade_logic.py            | stop_loss_book_profit_core | {} | 
2025-10-18 06:23:18:152 | DEBUG    | trade_logic.py            | stop_loss_book_profit_core | Evaluating open positions for stop-loss/book-profit... | 
2025-10-18 06:23:18:153 | DEBUG    | trade_logic.py            | stop_loss_book_profit_core | {} | 
2025-10-18 06:23:23:152 | DEBUG    | trade_logic.py            | stop_loss_book_profit_core | Evaluating open positions for stop-loss/book-profit... | 
2025-10-18 06:23:23:157 | DEBUG    | trade_logic.py            | stop_loss_book_profit_core | {} | 
2025-10-18 06:23:28:170 | DEBUG    | trade_logic.py            | stop_loss_book_profit_core | Evaluating open positions for stop-loss/book-profit... | 
2025-10-18 06:23:28:172 | DEBUG    | trade_logic.py            | stop_loss_book_profit_core | {} | 
2025-10-18 06:23:33:174 | DEBUG    | trade_logic.py            | stop_loss_book_profit_core | Evaluating open positions for stop-loss/book-profit... | 
2025-10-18 06:23:33:174 | DEBUG    | trade_logic.py            | stop_loss_book_profit_core | {} | 
2025-10-18 06:23:38:180 | DEBUG    | trade_logic.py            | stop_loss_book_profit_core | Evaluating open positions for stop-loss/book-profit... | 
2025-10-18 06:23:38:180 | DEBUG    | trade_logic.py            | stop_loss_book_profit_core | {} | 
2025-10-18 06:23:43:189 | DEBUG    | trade_logic.py            | stop_loss_book_profit_core | Evaluating open positions for stop-loss/book-profit... | 
2025-10-18 06:23:43:191 | DEBUG    | trade_logic.py            | stop_loss_book_profit_core | {} | 
2025-10-18 06:23:48:209 | DEBUG    | trade_logic.py            | stop_loss_book_profit_core | Evaluating open positions for stop-loss/book-profit... | 
2025-10-18 06:23:48:210 | DEBUG    | trade_logic.py            | stop_loss_book_profit_core | {} | 
2025-10-18 06:23:53:213 | DEBUG    | trade_logic.py            | stop_loss_book_profit_core | Evaluating open positions for stop-loss/book-profit... | 
2025-10-18 06:23:53:226 | DEBUG    | trade_logic.py            | stop_loss_book_profit_core | {} | 
2025-10-18 06:23:58:241 | DEBUG    | trade_logic.py            | stop_loss_book_profit_core | Evaluating open positions for stop-loss/book-profit... | 
2025-10-18 06:23:58:245 | DEBUG    | trade_logic.py            | stop_loss_book_profit_core | {} | 
2025-10-18 06:24:03:247 | DEBUG    | trade_logic.py            | stop_loss_book_profit_core | Evaluating open positions for stop-loss/book-profit... | 
2025-10-18 06:24:03:248 | DEBUG    | trade_logic.py            | stop_loss_book_profit_core | {} | 
2025-10-18 06:24:08:251 | DEBUG    | trade_logic.py            | stop_loss_book_profit_core | Evaluating open positions for stop-loss/book-profit... | 
2025-10-18 06:24:08:252 | DEBUG    | trade_logic.py            | stop_loss_book_profit_core | {} | 
2025-10-18 06:24:13:259 | DEBUG    | trade_logic.py            | stop_loss_book_profit_core | Evaluating open positions for stop-loss/book-profit... | 
2025-10-18 06:24:13:260 | DEBUG    | trade_logic.py            | stop_loss_book_profit_core | {} | 
2025-10-18 06:24:18:261 | DEBUG    | trade_logic.py            | stop_loss_book_profit_core | Evaluating open positions for stop-loss/book-profit... | 
2025-10-18 06:24:18:262 | DEBUG    | trade_logic.py            | stop_loss_book_profit_core | {} | 
2025-10-18 06:24:23:265 | DEBUG    | trade_logic.py            | stop_loss_book_profit_core | Evaluating open positions for stop-loss/book-profit... | 
2025-10-18 06:24:23:266 | DEBUG    | trade_logic.py            | stop_loss_book_profit_core | {} | 
2025-10-18 06:24:28:272 | DEBUG    | trade_logic.py            | stop_loss_book_profit_core | Evaluating open positions for stop-loss/book-profit... | 
2025-10-18 06:24:28:273 | DEBUG    | trade_logic.py            | stop_loss_book_profit_core | {} | 
2025-10-18 06:24:33:279 | DEBUG    | trade_logic.py            | stop_loss_book_profit_core | Evaluating open positions for stop-loss/book-profit... | 
2025-10-18 06:24:33:280 | DEBUG    | trade_logic.py            | stop_loss_book_profit_core | {} | 
2025-10-18 06:24:38:294 | DEBUG    | trade_logic.py            | stop_loss_book_profit_core | Evaluating open positions for stop-loss/book-profit... | 
2025-10-18 06:24:38:295 | DEBUG    | trade_logic.py            | stop_loss_book_profit_core | {} | 
2025-10-18 06:24:43:306 | DEBUG    | trade_logic.py            | stop_loss_book_profit_core | Evaluating open positions for stop-loss/book-profit... | 
2025-10-18 06:24:43:307 | DEBUG    | trade_logic.py            | stop_loss_book_profit_core | {} | 
2025-10-18 06:24:48:316 | DEBUG    | trade_logic.py            | stop_loss_book_profit_core | Evaluating open positions for stop-loss/book-profit... | 
2025-10-18 06:24:48:316 | DEBUG    | trade_logic.py            | stop_loss_book_profit_core | {} | 
2025-10-18 06:24:53:324 | DEBUG    | trade_logic.py            | stop_loss_book_profit_core | Evaluating open positions for stop-loss/book-profit... | 
2025-10-18 06:24:53:326 | DEBUG    | trade_logic.py            | stop_loss_book_profit_core | {} | 
2025-10-18 06:24:58:340 | DEBUG    | trade_logic.py            | stop_loss_book_profit_core | Evaluating open positions for stop-loss/book-profit... | 
2025-10-18 06:24:58:341 | DEBUG    | trade_logic.py            | stop_loss_book_profit_core | {} | 
2025-10-18 06:25:03:348 | DEBUG    | trade_logic.py            | stop_loss_book_profit_core | Evaluating open positions for stop-loss/book-profit... | 
2025-10-18 06:25:03:349 | DEBUG    | trade_logic.py            | stop_loss_book_profit_core | {} | 
2025-10-18 06:25:08:349 | DEBUG    | trade_logic.py            | stop_loss_book_profit_core | Evaluating open positions for stop-loss/book-profit... | 
2025-10-18 06:25:08:350 | DEBUG    | trade_logic.py            | stop_loss_book_profit_core | {} | 
2025-10-18 06:25:13:358 | DEBUG    | trade_logic.py            | stop_loss_book_profit_core | Evaluating open positions for stop-loss/book-profit... | 
2025-10-18 06:25:13:359 | DEBUG    | trade_logic.py            | stop_loss_book_profit_core | {} | 
2025-10-18 06:25:18:365 | DEBUG    | trade_logic.py            | stop_loss_book_profit_core | Evaluating open positions for stop-loss/book-profit... | 
2025-10-18 06:25:18:367 | DEBUG    | trade_logic.py            | stop_loss_book_profit_core | {} | 
2025-10-18 06:25:23:372 | DEBUG    | trade_logic.py            | stop_loss_book_profit_core | Evaluating open positions for stop-loss/book-profit... | 
2025-10-18 06:25:23:374 | DEBUG    | trade_logic.py            | stop_loss_book_profit_core | {} | 
2025-10-18 06:25:28:382 | DEBUG    | trade_logic.py            | stop_loss_book_profit_core | Evaluating open positions for stop-loss/book-profit... | 
2025-10-18 06:25:28:383 | DEBUG    | trade_logic.py            | stop_loss_book_profit_core | {} | 
2025-10-18 06:25:33:385 | DEBUG    | trade_logic.py            | stop_loss_book_profit_core | Evaluating open positions for stop-loss/book-profit... | 
2025-10-18 06:25:33:386 | DEBUG    | trade_logic.py            | stop_loss_book_profit_core | {} | 
2025-10-18 06:25:38:393 | DEBUG    | trade_logic.py            | stop_loss_book_profit_core | Evaluating open positions for stop-loss/book-profit... | 
2025-10-18 06:25:38:394 | DEBUG    | trade_logic.py            | stop_loss_book_profit_core | {} | 
2025-10-18 06:25:43:414 | DEBUG    | trade_logic.py            | stop_loss_book_profit_core | Evaluating open positions for stop-loss/book-profit... | 
2025-10-18 06:25:43:415 | DEBUG    | trade_logic.py            | stop_loss_book_profit_core | {} | 
2025-10-18 06:25:48:433 | DEBUG    | trade_logic.py            | stop_loss_book_profit_core | Evaluating open positions for stop-loss/book-profit... | 
2025-10-18 06:25:48:435 | DEBUG    | trade_logic.py            | stop_loss_book_profit_core | {} | 
2025-10-18 06:25:53:446 | DEBUG    | trade_logic.py            | stop_loss_book_profit_core | Evaluating open positions for stop-loss/book-profit... | 
2025-10-18 06:25:53:449 | DEBUG    | trade_logic.py            | stop_loss_book_profit_core | {} | 
2025-10-18 06:25:58:448 | DEBUG    | trade_logic.py            | stop_loss_book_profit_core | Evaluating open positions for stop-loss/book-profit... | 
2025-10-18 06:25:58:449 | DEBUG    | trade_logic.py            | stop_loss_book_profit_core | {} | 
2025-10-18 06:26:03:456 | DEBUG    | trade_logic.py            | stop_loss_book_profit_core | Evaluating open positions for stop-loss/book-profit... | 
2025-10-18 06:26:03:457 | DEBUG    | trade_logic.py            | stop_loss_book_profit_core | {} | 
2025-10-18 06:26:08:468 | DEBUG    | trade_logic.py            | stop_loss_book_profit_core | Evaluating open positions for stop-loss/book-profit... | 
2025-10-18 06:26:08:469 | DEBUG    | trade_logic.py            | stop_loss_book_profit_core | {} | 
2025-10-18 06:26:13:480 | DEBUG    | trade_logic.py            | stop_loss_book_profit_core | Evaluating open positions for stop-loss/book-profit... | 
2025-10-18 06:26:13:481 | DEBUG    | trade_logic.py            | stop_loss_book_profit_core | {} | 
2025-10-18 06:26:18:485 | DEBUG    | trade_logic.py            | stop_loss_book_profit_core | Evaluating open positions for stop-loss/book-profit... | 
2025-10-18 06:26:18:486 | DEBUG    | trade_logic.py            | stop_loss_book_profit_core | {} | 
2025-10-18 06:26:23:500 | DEBUG    | trade_logic.py            | stop_loss_book_profit_core | Evaluating open positions for stop-loss/book-profit... | 
2025-10-18 06:26:23:502 | DEBUG    | trade_logic.py            | stop_loss_book_profit_core | {} | 
2025-10-18 06:26:28:515 | DEBUG    | trade_logic.py            | stop_loss_book_profit_core | Evaluating open positions for stop-loss/book-profit... | 
2025-10-18 06:26:28:516 | DEBUG    | trade_logic.py            | stop_loss_book_profit_core | {} | 
2025-10-18 06:26:33:527 | DEBUG    | trade_logic.py            | stop_loss_book_profit_core | Evaluating open positions for stop-loss/book-profit... | 
2025-10-18 06:26:33:528 | DEBUG    | trade_logic.py            | stop_loss_book_profit_core | {} | 
2025-10-18 06:26:38:530 | DEBUG    | trade_logic.py            | stop_loss_book_profit_core | Evaluating open positions for stop-loss/book-profit... | 
2025-10-18 06:26:38:530 | DEBUG    | trade_logic.py            | stop_loss_book_profit_core | {} | 
2025-10-18 06:26:43:534 | DEBUG    | trade_logic.py            | stop_loss_book_profit_core | Evaluating open positions for stop-loss/book-profit... | 
2025-10-18 06:26:43:536 | DEBUG    | trade_logic.py            | stop_loss_book_profit_core | {} | 
2025-10-18 06:26:48:543 | DEBUG    | trade_logic.py            | stop_loss_book_profit_core | Evaluating open positions for stop-loss/book-profit... | 
2025-10-18 06:26:48:544 | DEBUG    | trade_logic.py            | stop_loss_book_profit_core | {} | 
2025-10-18 06:26:53:546 | DEBUG    | trade_logic.py            | stop_loss_book_profit_core | Evaluating open positions for stop-loss/book-profit... | 
2025-10-18 06:26:53:549 | DEBUG    | trade_logic.py            | stop_loss_book_profit_core | {} | 
2025-10-18 06:26:58:553 | DEBUG    | trade_logic.py            | stop_loss_book_profit_core | Evaluating open positions for stop-loss/book-profit... | 
2025-10-18 06:26:58:555 | DEBUG    | trade_logic.py            | stop_loss_book_profit_core | {} | 
2025-10-18 06:27:03:559 | DEBUG    | trade_logic.py            | stop_loss_book_profit_core | Evaluating open positions for stop-loss/book-profit... | 
2025-10-18 06:27:03:560 | DEBUG    | trade_logic.py            | stop_loss_book_profit_core | {} | 
2025-10-18 06:27:08:565 | DEBUG    | trade_logic.py            | stop_loss_book_profit_core | Evaluating open positions for stop-loss/book-profit... | 
2025-10-18 06:27:08:567 | DEBUG    | trade_logic.py            | stop_loss_book_profit_core | {} | 
2025-10-18 06:27:13:575 | DEBUG    | trade_logic.py            | stop_loss_book_profit_core | Evaluating open positions for stop-loss/book-profit... | 
2025-10-18 06:27:13:576 | DEBUG    | trade_logic.py            | stop_loss_book_profit_core | {} | 
2025-10-18 06:27:18:583 | DEBUG    | trade_logic.py            | stop_loss_book_profit_core | Evaluating open positions for stop-loss/book-profit... | 
2025-10-18 06:27:18:586 | DEBUG    | trade_logic.py            | stop_loss_book_profit_core | {} | 
2025-10-18 06:27:23:597 | DEBUG    | trade_logic.py            | stop_loss_book_profit_core | Evaluating open positions for stop-loss/book-profit... | 
2025-10-18 06:27:23:598 | DEBUG    | trade_logic.py            | stop_loss_book_profit_core | {} | 
2025-10-18 06:27:28:605 | DEBUG    | trade_logic.py            | stop_loss_book_profit_core | Evaluating open positions for stop-loss/book-profit... | 
2025-10-18 06:27:28:606 | DEBUG    | trade_logic.py            | stop_loss_book_profit_core | {} | 
2025-10-18 06:27:33:613 | DEBUG    | trade_logic.py            | stop_loss_book_profit_core | Evaluating open positions for stop-loss/book-profit... | 
2025-10-18 06:27:33:614 | DEBUG    | trade_logic.py            | stop_loss_book_profit_core | {} | 
2025-10-18 06:27:38:615 | DEBUG    | trade_logic.py            | stop_loss_book_profit_core | Evaluating open positions for stop-loss/book-profit... | 
2025-10-18 06:27:38:616 | DEBUG    | trade_logic.py            | stop_loss_book_profit_core | {} | 
2025-10-18 06:27:43:627 | DEBUG    | trade_logic.py            | stop_loss_book_profit_core | Evaluating open positions for stop-loss/book-profit... | 
2025-10-18 06:27:43:627 | DEBUG    | trade_logic.py            | stop_loss_book_profit_core | {} | 
2025-10-18 06:27:48:636 | DEBUG    | trade_logic.py            | stop_loss_book_profit_core | Evaluating open positions for stop-loss/book-profit... | 
2025-10-18 06:27:48:636 | DEBUG    | trade_logic.py            | stop_loss_book_profit_core | {} | 
2025-10-18 06:27:53:650 | DEBUG    | trade_logic.py            | stop_loss_book_profit_core | Evaluating open positions for stop-loss/book-profit... | 
2025-10-18 06:27:53:651 | DEBUG    | trade_logic.py            | stop_loss_book_profit_core | {} | 
2025-10-18 06:27:58:660 | DEBUG    | trade_logic.py            | stop_loss_book_profit_core | Evaluating open positions for stop-loss/book-profit... | 
2025-10-18 06:27:58:663 | DEBUG    | trade_logic.py            | stop_loss_book_profit_core | {} | 
2025-10-18 06:28:03:677 | DEBUG    | trade_logic.py            | stop_loss_book_profit_core | Evaluating open positions for stop-loss/book-profit... | 
2025-10-18 06:28:03:678 | DEBUG    | trade_logic.py            | stop_loss_book_profit_core | {} | 
2025-10-18 06:28:08:678 | DEBUG    | trade_logic.py            | stop_loss_book_profit_core | Evaluating open positions for stop-loss/book-profit... | 
2025-10-18 06:28:08:679 | DEBUG    | trade_logic.py            | stop_loss_book_profit_core | {} | 
2025-10-18 06:28:13:685 | DEBUG    | trade_logic.py            | stop_loss_book_profit_core | Evaluating open positions for stop-loss/book-profit... | 
2025-10-18 06:28:13:686 | DEBUG    | trade_logic.py            | stop_loss_book_profit_core | {} | 
2025-10-18 06:28:18:689 | DEBUG    | trade_logic.py            | stop_loss_book_profit_core | Evaluating open positions for stop-loss/book-profit... | 
2025-10-18 06:28:18:689 | DEBUG    | trade_logic.py            | stop_loss_book_profit_core | {} | 
2025-10-18 06:28:23:701 | DEBUG    | trade_logic.py            | stop_loss_book_profit_core | Evaluating open positions for stop-loss/book-profit... | 
2025-10-18 06:28:23:702 | DEBUG    | trade_logic.py            | stop_loss_book_profit_core | {} | 
2025-10-18 06:28:28:714 | DEBUG    | trade_logic.py            | stop_loss_book_profit_core | Evaluating open positions for stop-loss/book-profit... | 
2025-10-18 06:28:28:715 | DEBUG    | trade_logic.py            | stop_loss_book_profit_core | {} | 
2025-10-18 06:28:33:725 | DEBUG    | trade_logic.py            | stop_loss_book_profit_core | Evaluating open positions for stop-loss/book-profit... | 
2025-10-18 06:28:33:726 | DEBUG    | trade_logic.py            | stop_loss_book_profit_core | {} | 
2025-10-18 06:28:38:728 | DEBUG    | trade_logic.py            | stop_loss_book_profit_core | Evaluating open positions for stop-loss/book-profit... | 
2025-10-18 06:28:38:729 | DEBUG    | trade_logic.py            | stop_loss_book_profit_core | {} | 
2025-10-18 06:28:43:739 | DEBUG    | trade_logic.py            | stop_loss_book_profit_core | Evaluating open positions for stop-loss/book-profit... | 
2025-10-18 06:28:43:739 | DEBUG    | trade_logic.py            | stop_loss_book_profit_core | {} | 
2025-10-18 06:28:48:755 | DEBUG    | trade_logic.py            | stop_loss_book_profit_core | Evaluating open positions for stop-loss/book-profit... | 
2025-10-18 06:28:48:756 | DEBUG    | trade_logic.py            | stop_loss_book_profit_core | {} | 
2025-10-18 06:28:53:768 | DEBUG    | trade_logic.py            | stop_loss_book_profit_core | Evaluating open positions for stop-loss/book-profit... | 
2025-10-18 06:28:53:769 | DEBUG    | trade_logic.py            | stop_loss_book_profit_core | {} | 
2025-10-18 06:28:58:782 | DEBUG    | trade_logic.py            | stop_loss_book_profit_core | Evaluating open positions for stop-loss/book-profit... | 
2025-10-18 06:28:58:784 | DEBUG    | trade_logic.py            | stop_loss_book_profit_core | {} | 
2025-10-18 06:29:03:786 | DEBUG    | trade_logic.py            | stop_loss_book_profit_core | Evaluating open positions for stop-loss/book-profit... | 
2025-10-18 06:29:03:789 | DEBUG    | trade_logic.py            | stop_loss_book_profit_core | {} | 
2025-10-18 06:29:08:803 | DEBUG    | trade_logic.py            | stop_loss_book_profit_core | Evaluating open positions for stop-loss/book-profit... | 
2025-10-18 06:29:08:804 | DEBUG    | trade_logic.py            | stop_loss_book_profit_core | {} | 
2025-10-18 06:29:13:814 | DEBUG    | trade_logic.py            | stop_loss_book_profit_core | Evaluating open positions for stop-loss/book-profit... | 
2025-10-18 06:29:13:815 | DEBUG    | trade_logic.py            | stop_loss_book_profit_core | {} | 
2025-10-18 06:29:18:824 | DEBUG    | trade_logic.py            | stop_loss_book_profit_core | Evaluating open positions for stop-loss/book-profit... | 
2025-10-18 06:29:18:826 | DEBUG    | trade_logic.py            | stop_loss_book_profit_core | {} | 
2025-10-18 06:29:23:846 | DEBUG    | trade_logic.py            | stop_loss_book_profit_core | Evaluating open positions for stop-loss/book-profit... | 
2025-10-18 06:29:23:847 | DEBUG    | trade_logic.py            | stop_loss_book_profit_core | {} | 
2025-10-18 06:29:28:853 | DEBUG    | trade_logic.py            | stop_loss_book_profit_core | Evaluating open positions for stop-loss/book-profit... | 
2025-10-18 06:29:28:854 | DEBUG    | trade_logic.py            | stop_loss_book_profit_core | {} | 
2025-10-18 06:29:33:856 | DEBUG    | trade_logic.py            | stop_loss_book_profit_core | Evaluating open positions for stop-loss/book-profit... | 
2025-10-18 06:29:33:857 | DEBUG    | trade_logic.py            | stop_loss_book_profit_core | {} | 
2025-10-18 06:29:38:870 | DEBUG    | trade_logic.py            | stop_loss_book_profit_core | Evaluating open positions for stop-loss/book-profit... | 
2025-10-18 06:29:38:871 | DEBUG    | trade_logic.py            | stop_loss_book_profit_core | {} | 
2025-10-18 06:29:43:877 | DEBUG    | trade_logic.py            | stop_loss_book_profit_core | Evaluating open positions for stop-loss/book-profit... | 
2025-10-18 06:29:43:879 | DEBUG    | trade_logic.py            | stop_loss_book_profit_core | {} | 
2025-10-18 06:29:48:881 | DEBUG    | trade_logic.py            | stop_loss_book_profit_core | Evaluating open positions for stop-loss/book-profit... | 
2025-10-18 06:29:48:881 | DEBUG    | trade_logic.py            | stop_loss_book_profit_core | {} | 
2025-10-18 06:29:53:889 | DEBUG    | trade_logic.py            | stop_loss_book_profit_core | Evaluating open positions for stop-loss/book-profit... | 
2025-10-18 06:29:53:890 | DEBUG    | trade_logic.py            | stop_loss_book_profit_core | {} | 
2025-10-18 06:29:58:896 | DEBUG    | trade_logic.py            | stop_loss_book_profit_core | Evaluating open positions for stop-loss/book-profit... | 
2025-10-18 06:29:58:897 | DEBUG    | trade_logic.py            | stop_loss_book_profit_core | {} | 
2025-10-18 06:30:03:915 | DEBUG    | trade_logic.py            | stop_loss_book_profit_core | Evaluating open positions for stop-loss/book-profit... | 
2025-10-18 06:30:03:916 | DEBUG    | trade_logic.py            | stop_loss_book_profit_core | {} | 
2025-10-18 06:30:08:929 | DEBUG    | trade_logic.py            | stop_loss_book_profit_core | Evaluating open positions for stop-loss/book-profit... | 
2025-10-18 06:30:08:930 | DEBUG    | trade_logic.py            | stop_loss_book_profit_core | {} | 
2025-10-18 06:30:13:934 | DEBUG    | trade_logic.py            | stop_loss_book_profit_core | Evaluating open positions for stop-loss/book-profit... | 
2025-10-18 06:30:13:935 | DEBUG    | trade_logic.py            | stop_loss_book_profit_core | {} | 
2025-10-18 06:30:18:953 | DEBUG    | trade_logic.py            | stop_loss_book_profit_core | Evaluating open positions for stop-loss/book-profit... | 
2025-10-18 06:30:18:953 | DEBUG    | trade_logic.py            | stop_loss_book_profit_core | {} | 
2025-10-18 06:30:23:972 | DEBUG    | trade_logic.py            | stop_loss_book_profit_core | Evaluating open positions for stop-loss/book-profit... | 
2025-10-18 06:30:23:973 | DEBUG    | trade_logic.py            | stop_loss_book_profit_core | {} | 
2025-10-18 06:30:28:988 | DEBUG    | trade_logic.py            | stop_loss_book_profit_core | Evaluating open positions for stop-loss/book-profit... | 
2025-10-18 06:30:28:989 | DEBUG    | trade_logic.py            | stop_loss_book_profit_core | {} | 
2025-10-18 06:30:33:991 | DEBUG    | trade_logic.py            | stop_loss_book_profit_core | Evaluating open positions for stop-loss/book-profit... | 
2025-10-18 06:30:33:992 | DEBUG    | trade_logic.py            | stop_loss_book_profit_core | {} | 
2025-10-18 06:30:39:001 | DEBUG    | trade_logic.py            | stop_loss_book_profit_core | Evaluating open positions for stop-loss/book-profit... | 
2025-10-18 06:30:39:002 | DEBUG    | trade_logic.py            | stop_loss_book_profit_core | {} | 
2025-10-18 06:30:44:011 | DEBUG    | trade_logic.py            | stop_loss_book_profit_core | Evaluating open positions for stop-loss/book-profit... | 
2025-10-18 06:30:44:012 | DEBUG    | trade_logic.py            | stop_loss_book_profit_core | {} | 
2025-10-18 06:30:49:026 | DEBUG    | trade_logic.py            | stop_loss_book_profit_core | Evaluating open positions for stop-loss/book-profit... | 
2025-10-18 06:30:49:026 | DEBUG    | trade_logic.py            | stop_loss_book_profit_core | {} | 
2025-10-18 06:30:54:040 | DEBUG    | trade_logic.py            | stop_loss_book_profit_core | Evaluating open positions for stop-loss/book-profit... | 
2025-10-18 06:30:54:041 | DEBUG    | trade_logic.py            | stop_loss_book_profit_core | {} | 
2025-10-18 06:30:59:045 | DEBUG    | trade_logic.py            | stop_loss_book_profit_core | Evaluating open positions for stop-loss/book-profit... | 
2025-10-18 06:30:59:046 | DEBUG    | trade_logic.py            | stop_loss_book_profit_core | {} | 
2025-10-18 06:31:04:067 | DEBUG    | trade_logic.py            | stop_loss_book_profit_core | Evaluating open positions for stop-loss/book-profit... | 
2025-10-18 06:31:04:068 | DEBUG    | trade_logic.py            | stop_loss_book_profit_core | {} | 
2025-10-18 06:31:09:086 | DEBUG    | trade_logic.py            | stop_loss_book_profit_core | Evaluating open positions for stop-loss/book-profit... | 
2025-10-18 06:31:09:087 | DEBUG    | trade_logic.py            | stop_loss_book_profit_core | {} | 
2025-10-18 06:31:14:087 | DEBUG    | trade_logic.py            | stop_loss_book_profit_core | Evaluating open positions for stop-loss/book-profit... | 
2025-10-18 06:31:14:087 | DEBUG    | trade_logic.py            | stop_loss_book_profit_core | {} | 
2025-10-18 06:31:19:091 | DEBUG    | trade_logic.py            | stop_loss_book_profit_core | Evaluating open positions for stop-loss/book-profit... | 
2025-10-18 06:31:19:092 | DEBUG    | trade_logic.py            | stop_loss_book_profit_core | {} | 
2025-10-18 06:31:24:098 | DEBUG    | trade_logic.py            | stop_loss_book_profit_core | Evaluating open positions for stop-loss/book-profit... | 
2025-10-18 06:31:24:099 | DEBUG    | trade_logic.py            | stop_loss_book_profit_core | {} | 
2025-10-18 06:31:29:101 | DEBUG    | trade_logic.py            | stop_loss_book_profit_core | Evaluating open positions for stop-loss/book-profit... | 
2025-10-18 06:31:29:102 | DEBUG    | trade_logic.py            | stop_loss_book_profit_core | {} | 
2025-10-18 06:31:34:113 | DEBUG    | trade_logic.py            | stop_loss_book_profit_core | Evaluating open positions for stop-loss/book-profit... | 
2025-10-18 06:31:34:114 | DEBUG    | trade_logic.py            | stop_loss_book_profit_core | {} | 
2025-10-18 06:31:39:127 | DEBUG    | trade_logic.py            | stop_loss_book_profit_core | Evaluating open positions for stop-loss/book-profit... | 
2025-10-18 06:31:39:128 | DEBUG    | trade_logic.py            | stop_loss_book_profit_core | {} | 
2025-10-18 06:31:44:143 | DEBUG    | trade_logic.py            | stop_loss_book_profit_core | Evaluating open positions for stop-loss/book-profit... | 
2025-10-18 06:31:44:144 | DEBUG    | trade_logic.py            | stop_loss_book_profit_core | {} | 
2025-10-18 06:31:49:147 | DEBUG    | trade_logic.py            | stop_loss_book_profit_core | Evaluating open positions for stop-loss/book-profit... | 
2025-10-18 06:31:49:148 | DEBUG    | trade_logic.py            | stop_loss_book_profit_core | {} | 
2025-10-18 06:31:54:150 | DEBUG    | trade_logic.py            | stop_loss_book_profit_core | Evaluating open positions for stop-loss/book-profit... | 
2025-10-18 06:31:54:152 | DEBUG    | trade_logic.py            | stop_loss_book_profit_core | {} | 
2025-10-18 06:31:59:165 | DEBUG    | trade_logic.py            | stop_loss_book_profit_core | Evaluating open positions for stop-loss/book-profit... | 
2025-10-18 06:31:59:166 | DEBUG    | trade_logic.py            | stop_loss_book_profit_core | {} | 
2025-10-18 06:32:04:180 | DEBUG    | trade_logic.py            | stop_loss_book_profit_core | Evaluating open positions for stop-loss/book-profit... | 
2025-10-18 06:32:04:181 | DEBUG    | trade_logic.py            | stop_loss_book_profit_core | {} | 
2025-10-18 06:32:09:192 | DEBUG    | trade_logic.py            | stop_loss_book_profit_core | Evaluating open positions for stop-loss/book-profit... | 
2025-10-18 06:32:09:193 | DEBUG    | trade_logic.py            | stop_loss_book_profit_core | {} | 
2025-10-18 06:32:14:204 | DEBUG    | trade_logic.py            | stop_loss_book_profit_core | Evaluating open positions for stop-loss/book-profit... | 
2025-10-18 06:32:14:205 | DEBUG    | trade_logic.py            | stop_loss_book_profit_core | {} | 
2025-10-18 06:32:19:220 | DEBUG    | trade_logic.py            | stop_loss_book_profit_core | Evaluating open positions for stop-loss/book-profit... | 
2025-10-18 06:32:19:221 | DEBUG    | trade_logic.py            | stop_loss_book_profit_core | {} | 
2025-10-18 06:32:24:226 | DEBUG    | trade_logic.py            | stop_loss_book_profit_core | Evaluating open positions for stop-loss/book-profit... | 
2025-10-18 06:32:24:227 | DEBUG    | trade_logic.py            | stop_loss_book_profit_core | {} | 
2025-10-18 06:32:29:235 | DEBUG    | trade_logic.py            | stop_loss_book_profit_core | Evaluating open positions for stop-loss/book-profit... | 
2025-10-18 06:32:29:235 | DEBUG    | trade_logic.py            | stop_loss_book_profit_core | {} | 
2025-10-18 06:32:34:248 | DEBUG    | trade_logic.py            | stop_loss_book_profit_core | Evaluating open positions for stop-loss/book-profit... | 
2025-10-18 06:32:34:249 | DEBUG    | trade_logic.py            | stop_loss_book_profit_core | {} | 
2025-10-18 06:32:39:250 | DEBUG    | trade_logic.py            | stop_loss_book_profit_core | Evaluating open positions for stop-loss/book-profit... | 
2025-10-18 06:32:39:251 | DEBUG    | trade_logic.py            | stop_loss_book_profit_core | {} | 
2025-10-18 06:32:44:260 | DEBUG    | trade_logic.py            | stop_loss_book_profit_core | Evaluating open positions for stop-loss/book-profit... | 
2025-10-18 06:32:44:261 | DEBUG    | trade_logic.py            | stop_loss_book_profit_core | {} | 
2025-10-18 06:32:49:275 | DEBUG    | trade_logic.py            | stop_loss_book_profit_core | Evaluating open positions for stop-loss/book-profit... | 
2025-10-18 06:32:49:276 | DEBUG    | trade_logic.py            | stop_loss_book_profit_core | {} | 
2025-10-18 06:32:54:281 | DEBUG    | trade_logic.py            | stop_loss_book_profit_core | Evaluating open positions for stop-loss/book-profit... | 
2025-10-18 06:32:54:283 | DEBUG    | trade_logic.py            | stop_loss_book_profit_core | {} | 
2025-10-18 06:32:59:288 | DEBUG    | trade_logic.py            | stop_loss_book_profit_core | Evaluating open positions for stop-loss/book-profit... | 
2025-10-18 06:32:59:290 | DEBUG    | trade_logic.py            | stop_loss_book_profit_core | {} | 
2025-10-18 06:33:04:293 | DEBUG    | trade_logic.py            | stop_loss_book_profit_core | Evaluating open positions for stop-loss/book-profit... | 
2025-10-18 06:33:04:295 | DEBUG    | trade_logic.py            | stop_loss_book_profit_core | {} | 
2025-10-18 06:33:09:295 | DEBUG    | trade_logic.py            | stop_loss_book_profit_core | Evaluating open positions for stop-loss/book-profit... | 
2025-10-18 06:33:09:298 | DEBUG    | trade_logic.py            | stop_loss_book_profit_core | {} | 
2025-10-18 06:33:14:302 | DEBUG    | trade_logic.py            | stop_loss_book_profit_core | Evaluating open positions for stop-loss/book-profit... | 
2025-10-18 06:33:14:303 | DEBUG    | trade_logic.py            | stop_loss_book_profit_core | {} | 
2025-10-18 06:33:19:306 | DEBUG    | trade_logic.py            | stop_loss_book_profit_core | Evaluating open positions for stop-loss/book-profit... | 
2025-10-18 06:33:19:308 | DEBUG    | trade_logic.py            | stop_loss_book_profit_core | {} | 
2025-10-18 06:33:24:319 | DEBUG    | trade_logic.py            | stop_loss_book_profit_core | Evaluating open positions for stop-loss/book-profit... | 
2025-10-18 06:33:24:320 | DEBUG    | trade_logic.py            | stop_loss_book_profit_core | {} | 
2025-10-18 06:33:29:319 | DEBUG    | trade_logic.py            | stop_loss_book_profit_core | Evaluating open positions for stop-loss/book-profit... | 
2025-10-18 06:33:29:320 | DEBUG    | trade_logic.py            | stop_loss_book_profit_core | {} | 
2025-10-18 06:33:34:324 | DEBUG    | trade_logic.py            | stop_loss_book_profit_core | Evaluating open positions for stop-loss/book-profit... | 
2025-10-18 06:33:34:325 | DEBUG    | trade_logic.py            | stop_loss_book_profit_core | {} | 
2025-10-18 06:33:39:327 | DEBUG    | trade_logic.py            | stop_loss_book_profit_core | Evaluating open positions for stop-loss/book-profit... | 
2025-10-18 06:33:39:328 | DEBUG    | trade_logic.py            | stop_loss_book_profit_core | {} | 
2025-10-18 06:33:44:333 | DEBUG    | trade_logic.py            | stop_loss_book_profit_core | Evaluating open positions for stop-loss/book-profit... | 
2025-10-18 06:33:44:334 | DEBUG    | trade_logic.py            | stop_loss_book_profit_core | {} | 
2025-10-18 06:33:49:336 | DEBUG    | trade_logic.py            | stop_loss_book_profit_core | Evaluating open positions for stop-loss/book-profit... | 
2025-10-18 06:33:49:337 | DEBUG    | trade_logic.py            | stop_loss_book_profit_core | {} | 
2025-10-18 06:33:54:342 | DEBUG    | trade_logic.py            | stop_loss_book_profit_core | Evaluating open positions for stop-loss/book-profit... | 
2025-10-18 06:33:54:342 | DEBUG    | trade_logic.py            | stop_loss_book_profit_core | {} | 
2025-10-18 06:33:59:346 | DEBUG    | trade_logic.py            | stop_loss_book_profit_core | Evaluating open positions for stop-loss/book-profit... | 
2025-10-18 06:33:59:347 | DEBUG    | trade_logic.py            | stop_loss_book_profit_core | {} | 
2025-10-18 06:34:04:354 | DEBUG    | trade_logic.py            | stop_loss_book_profit_core | Evaluating open positions for stop-loss/book-profit... | 
2025-10-18 06:34:04:355 | DEBUG    | trade_logic.py            | stop_loss_book_profit_core | {} | 
2025-10-18 06:34:09:365 | DEBUG    | trade_logic.py            | stop_loss_book_profit_core | Evaluating open positions for stop-loss/book-profit... | 
2025-10-18 06:34:09:366 | DEBUG    | trade_logic.py            | stop_loss_book_profit_core | {} | 
2025-10-18 06:34:14:366 | DEBUG    | trade_logic.py            | stop_loss_book_profit_core | Evaluating open positions for stop-loss/book-profit... | 
2025-10-18 06:34:14:366 | DEBUG    | trade_logic.py            | stop_loss_book_profit_core | {} | 
2025-10-18 06:34:19:382 | DEBUG    | trade_logic.py            | stop_loss_book_profit_core | Evaluating open positions for stop-loss/book-profit... | 
2025-10-18 06:34:19:383 | DEBUG    | trade_logic.py            | stop_loss_book_profit_core | {} | 
2025-10-18 06:34:24:384 | DEBUG    | trade_logic.py            | stop_loss_book_profit_core | Evaluating open positions for stop-loss/book-profit... | 
2025-10-18 06:34:24:385 | DEBUG    | trade_logic.py            | stop_loss_book_profit_core | {} | 
2025-10-18 06:34:29:401 | DEBUG    | trade_logic.py            | stop_loss_book_profit_core | Evaluating open positions for stop-loss/book-profit... | 
2025-10-18 06:34:29:402 | DEBUG    | trade_logic.py            | stop_loss_book_profit_core | {} | 
2025-10-18 06:34:34:415 | DEBUG    | trade_logic.py            | stop_loss_book_profit_core | Evaluating open positions for stop-loss/book-profit... | 
2025-10-18 06:34:34:416 | DEBUG    | trade_logic.py            | stop_loss_book_profit_core | {} | 
2025-10-18 06:34:39:432 | DEBUG    | trade_logic.py            | stop_loss_book_profit_core | Evaluating open positions for stop-loss/book-profit... | 
2025-10-18 06:34:39:433 | DEBUG    | trade_logic.py            | stop_loss_book_profit_core | {} | 
2025-10-18 06:34:44:448 | DEBUG    | trade_logic.py            | stop_loss_book_profit_core | Evaluating open positions for stop-loss/book-profit... | 
2025-10-18 06:34:44:449 | DEBUG    | trade_logic.py            | stop_loss_book_profit_core | {} | 
2025-10-18 06:34:49:448 | DEBUG    | trade_logic.py            | stop_loss_book_profit_core | Evaluating open positions for stop-loss/book-profit... | 
2025-10-18 06:34:49:449 | DEBUG    | trade_logic.py            | stop_loss_book_profit_core | {} | 
2025-10-18 06:34:54:457 | DEBUG    | trade_logic.py            | stop_loss_book_profit_core | Evaluating open positions for stop-loss/book-profit... | 
2025-10-18 06:34:54:459 | DEBUG    | trade_logic.py            | stop_loss_book_profit_core | {} | 
2025-10-18 06:34:59:465 | DEBUG    | trade_logic.py            | stop_loss_book_profit_core | Evaluating open positions for stop-loss/book-profit... | 
2025-10-18 06:34:59:466 | DEBUG    | trade_logic.py            | stop_loss_book_profit_core | {} | 
2025-10-18 06:35:04:476 | DEBUG    | trade_logic.py            | stop_loss_book_profit_core | Evaluating open positions for stop-loss/book-profit... | 
2025-10-18 06:35:04:478 | DEBUG    | trade_logic.py            | stop_loss_book_profit_core | {} | 
2025-10-18 06:35:09:484 | DEBUG    | trade_logic.py            | stop_loss_book_profit_core | Evaluating open positions for stop-loss/book-profit... | 
2025-10-18 06:35:09:485 | DEBUG    | trade_logic.py            | stop_loss_book_profit_core | {} | 
2025-10-18 06:35:14:490 | DEBUG    | trade_logic.py            | stop_loss_book_profit_core | Evaluating open positions for stop-loss/book-profit... | 
2025-10-18 06:35:14:493 | DEBUG    | trade_logic.py            | stop_loss_book_profit_core | {} | 
2025-10-18 06:35:19:496 | DEBUG    | trade_logic.py            | stop_loss_book_profit_core | Evaluating open positions for stop-loss/book-profit... | 
2025-10-18 06:35:19:497 | DEBUG    | trade_logic.py            | stop_loss_book_profit_core | {} | 
2025-10-18 06:35:24:499 | DEBUG    | trade_logic.py            | stop_loss_book_profit_core | Evaluating open positions for stop-loss/book-profit... | 
2025-10-18 06:35:24:502 | DEBUG    | trade_logic.py            | stop_loss_book_profit_core | {} | 
2025-10-18 06:35:29:508 | DEBUG    | trade_logic.py            | stop_loss_book_profit_core | Evaluating open positions for stop-loss/book-profit... | 
2025-10-18 06:35:29:509 | DEBUG    | trade_logic.py            | stop_loss_book_profit_core | {} | 
2025-10-18 06:35:34:517 | DEBUG    | trade_logic.py            | stop_loss_book_profit_core | Evaluating open positions for stop-loss/book-profit... | 
2025-10-18 06:35:34:519 | DEBUG    | trade_logic.py            | stop_loss_book_profit_core | {} | 
2025-10-18 06:35:39:534 | DEBUG    | trade_logic.py            | stop_loss_book_profit_core | Evaluating open positions for stop-loss/book-profit... | 
2025-10-18 06:35:39:535 | DEBUG    | trade_logic.py            | stop_loss_book_profit_core | {} | 
2025-10-18 06:35:44:554 | DEBUG    | trade_logic.py            | stop_loss_book_profit_core | Evaluating open positions for stop-loss/book-profit... | 
2025-10-18 06:35:44:555 | DEBUG    | trade_logic.py            | stop_loss_book_profit_core | {} | 
2025-10-18 06:35:49:575 | DEBUG    | trade_logic.py            | stop_loss_book_profit_core | Evaluating open positions for stop-loss/book-profit... | 
2025-10-18 06:35:49:576 | DEBUG    | trade_logic.py            | stop_loss_book_profit_core | {} | 
2025-10-18 06:35:54:581 | DEBUG    | trade_logic.py            | stop_loss_book_profit_core | Evaluating open positions for stop-loss/book-profit... | 
2025-10-18 06:35:54:582 | DEBUG    | trade_logic.py            | stop_loss_book_profit_core | {} | 
2025-10-18 06:35:59:584 | DEBUG    | trade_logic.py            | stop_loss_book_profit_core | Evaluating open positions for stop-loss/book-profit... | 
2025-10-18 06:35:59:586 | DEBUG    | trade_logic.py            | stop_loss_book_profit_core | {} | 
2025-10-18 06:36:04:593 | DEBUG    | trade_logic.py            | stop_loss_book_profit_core | Evaluating open positions for stop-loss/book-profit... | 
2025-10-18 06:36:04:594 | DEBUG    | trade_logic.py            | stop_loss_book_profit_core | {} | 
2025-10-18 06:36:09:596 | DEBUG    | trade_logic.py            | stop_loss_book_profit_core | Evaluating open positions for stop-loss/book-profit... | 
2025-10-18 06:36:09:597 | DEBUG    | trade_logic.py            | stop_loss_book_profit_core | {} | 
2025-10-18 06:36:14:598 | DEBUG    | trade_logic.py            | stop_loss_book_profit_core | Evaluating open positions for stop-loss/book-profit... | 
2025-10-18 06:36:14:599 | DEBUG    | trade_logic.py            | stop_loss_book_profit_core | {} | 
2025-10-18 06:36:19:605 | DEBUG    | trade_logic.py            | stop_loss_book_profit_core | Evaluating open positions for stop-loss/book-profit... | 
2025-10-18 06:36:19:606 | DEBUG    | trade_logic.py            | stop_loss_book_profit_core | {} | 
2025-10-18 06:36:24:608 | DEBUG    | trade_logic.py            | stop_loss_book_profit_core | Evaluating open positions for stop-loss/book-profit... | 
2025-10-18 06:36:24:609 | DEBUG    | trade_logic.py            | stop_loss_book_profit_core | {} | 
2025-10-18 06:36:29:615 | DEBUG    | trade_logic.py            | stop_loss_book_profit_core | Evaluating open positions for stop-loss/book-profit... | 
2025-10-18 06:36:29:616 | DEBUG    | trade_logic.py            | stop_loss_book_profit_core | {} | 
2025-10-18 06:36:34:625 | DEBUG    | trade_logic.py            | stop_loss_book_profit_core | Evaluating open positions for stop-loss/book-profit... | 
2025-10-18 06:36:34:626 | DEBUG    | trade_logic.py            | stop_loss_book_profit_core | {} | 
2025-10-18 06:36:39:633 | DEBUG    | trade_logic.py            | stop_loss_book_profit_core | Evaluating open positions for stop-loss/book-profit... | 
2025-10-18 06:36:39:634 | DEBUG    | trade_logic.py            | stop_loss_book_profit_core | {} | 
2025-10-18 06:36:44:644 | DEBUG    | trade_logic.py            | stop_loss_book_profit_core | Evaluating open positions for stop-loss/book-profit... | 
2025-10-18 06:36:44:644 | DEBUG    | trade_logic.py            | stop_loss_book_profit_core | {} | 
2025-10-18 06:36:49:657 | DEBUG    | trade_logic.py            | stop_loss_book_profit_core | Evaluating open positions for stop-loss/book-profit... | 
2025-10-18 06:36:49:658 | DEBUG    | trade_logic.py            | stop_loss_book_profit_core | {} | 
2025-10-18 06:36:54:663 | DEBUG    | trade_logic.py            | stop_loss_book_profit_core | Evaluating open positions for stop-loss/book-profit... | 
2025-10-18 06:36:54:664 | DEBUG    | trade_logic.py            | stop_loss_book_profit_core | {} | 
2025-10-18 06:36:59:670 | DEBUG    | trade_logic.py            | stop_loss_book_profit_core | Evaluating open positions for stop-loss/book-profit... | 
2025-10-18 06:36:59:671 | DEBUG    | trade_logic.py            | stop_loss_book_profit_core | {} | 
2025-10-18 06:37:04:675 | DEBUG    | trade_logic.py            | stop_loss_book_profit_core | Evaluating open positions for stop-loss/book-profit... | 
2025-10-18 06:37:04:676 | DEBUG    | trade_logic.py            | stop_loss_book_profit_core | {} | 
2025-10-18 06:37:09:684 | DEBUG    | trade_logic.py            | stop_loss_book_profit_core | Evaluating open positions for stop-loss/book-profit... | 
2025-10-18 06:37:09:685 | DEBUG    | trade_logic.py            | stop_loss_book_profit_core | {} | 
2025-10-18 06:37:14:690 | DEBUG    | trade_logic.py            | stop_loss_book_profit_core | Evaluating open positions for stop-loss/book-profit... | 
2025-10-18 06:37:14:691 | DEBUG    | trade_logic.py            | stop_loss_book_profit_core | {} | 
2025-10-18 06:37:19:695 | DEBUG    | trade_logic.py            | stop_loss_book_profit_core | Evaluating open positions for stop-loss/book-profit... | 
2025-10-18 06:37:19:697 | DEBUG    | trade_logic.py            | stop_loss_book_profit_core | {} | 
2025-10-18 06:37:24:700 | DEBUG    | trade_logic.py            | stop_loss_book_profit_core | Evaluating open positions for stop-loss/book-profit... | 
2025-10-18 06:37:24:701 | DEBUG    | trade_logic.py            | stop_loss_book_profit_core | {} | 
2025-10-18 06:37:29:705 | DEBUG    | trade_logic.py            | stop_loss_book_profit_core | Evaluating open positions for stop-loss/book-profit... | 
2025-10-18 06:37:29:706 | DEBUG    | trade_logic.py            | stop_loss_book_profit_core | {} | 
2025-10-18 06:37:34:715 | DEBUG    | trade_logic.py            | stop_loss_book_profit_core | Evaluating open positions for stop-loss/book-profit... | 
2025-10-18 06:37:34:717 | DEBUG    | trade_logic.py            | stop_loss_book_profit_core | {} | 
2025-10-18 06:37:39:732 | DEBUG    | trade_logic.py            | stop_loss_book_profit_core | Evaluating open positions for stop-loss/book-profit... | 
2025-10-18 06:37:39:733 | DEBUG    | trade_logic.py            | stop_loss_book_profit_core | {} | 
2025-10-18 06:37:44:734 | DEBUG    | trade_logic.py            | stop_loss_book_profit_core | Evaluating open positions for stop-loss/book-profit... | 
2025-10-18 06:37:44:735 | DEBUG    | trade_logic.py            | stop_loss_book_profit_core | {} | 
2025-10-18 06:37:49:741 | DEBUG    | trade_logic.py            | stop_loss_book_profit_core | Evaluating open positions for stop-loss/book-profit... | 
2025-10-18 06:37:49:742 | DEBUG    | trade_logic.py            | stop_loss_book_profit_core | {} | 
2025-10-18 06:37:54:748 | DEBUG    | trade_logic.py            | stop_loss_book_profit_core | Evaluating open positions for stop-loss/book-profit... | 
2025-10-18 06:37:54:750 | DEBUG    | trade_logic.py            | stop_loss_book_profit_core | {} | 
2025-10-18 06:37:59:761 | DEBUG    | trade_logic.py            | stop_loss_book_profit_core | Evaluating open positions for stop-loss/book-profit... | 
2025-10-18 06:37:59:762 | DEBUG    | trade_logic.py            | stop_loss_book_profit_core | {} | 
2025-10-18 06:38:04:766 | DEBUG    | trade_logic.py            | stop_loss_book_profit_core | Evaluating open positions for stop-loss/book-profit... | 
2025-10-18 06:38:04:766 | DEBUG    | trade_logic.py            | stop_loss_book_profit_core | {} | 
2025-10-18 06:38:09:777 | DEBUG    | trade_logic.py            | stop_loss_book_profit_core | Evaluating open positions for stop-loss/book-profit... | 
2025-10-18 06:38:09:778 | DEBUG    | trade_logic.py            | stop_loss_book_profit_core | {} | 
2025-10-18 06:38:14:793 | DEBUG    | trade_logic.py            | stop_loss_book_profit_core | Evaluating open positions for stop-loss/book-profit... | 
2025-10-18 06:38:14:793 | DEBUG    | trade_logic.py            | stop_loss_book_profit_core | {} | 
2025-10-18 06:38:19:802 | DEBUG    | trade_logic.py            | stop_loss_book_profit_core | Evaluating open positions for stop-loss/book-profit... | 
2025-10-18 06:38:19:803 | DEBUG    | trade_logic.py            | stop_loss_book_profit_core | {} | 
2025-10-18 06:38:24:816 | DEBUG    | trade_logic.py            | stop_loss_book_profit_core | Evaluating open positions for stop-loss/book-profit... | 
2025-10-18 06:38:24:817 | DEBUG    | trade_logic.py            | stop_loss_book_profit_core | {} | 
2025-10-18 06:38:29:821 | DEBUG    | trade_logic.py            | stop_loss_book_profit_core | Evaluating open positions for stop-loss/book-profit... | 
2025-10-18 06:38:29:822 | DEBUG    | trade_logic.py            | stop_loss_book_profit_core | {} | 
2025-10-18 06:38:34:822 | DEBUG    | trade_logic.py            | stop_loss_book_profit_core | Evaluating open positions for stop-loss/book-profit... | 
2025-10-18 06:38:34:823 | DEBUG    | trade_logic.py            | stop_loss_book_profit_core | {} | 
2025-10-18 06:38:39:834 | DEBUG    | trade_logic.py            | stop_loss_book_profit_core | Evaluating open positions for stop-loss/book-profit... | 
2025-10-18 06:38:39:834 | DEBUG    | trade_logic.py            | stop_loss_book_profit_core | {} | 
2025-10-18 06:38:44:847 | DEBUG    | trade_logic.py            | stop_loss_book_profit_core | Evaluating open positions for stop-loss/book-profit... | 
2025-10-18 06:38:44:849 | DEBUG    | trade_logic.py            | stop_loss_book_profit_core | {} | 
2025-10-18 06:38:49:851 | DEBUG    | trade_logic.py            | stop_loss_book_profit_core | Evaluating open positions for stop-loss/book-profit... | 
2025-10-18 06:38:49:853 | DEBUG    | trade_logic.py            | stop_loss_book_profit_core | {} | 
2025-10-18 06:38:54:857 | DEBUG    | trade_logic.py            | stop_loss_book_profit_core | Evaluating open positions for stop-loss/book-profit... | 
2025-10-18 06:38:54:858 | DEBUG    | trade_logic.py            | stop_loss_book_profit_core | {} | 
2025-10-18 06:38:59:862 | DEBUG    | trade_logic.py            | stop_loss_book_profit_core | Evaluating open positions for stop-loss/book-profit... | 
2025-10-18 06:38:59:864 | DEBUG    | trade_logic.py            | stop_loss_book_profit_core | {} | 
2025-10-18 06:39:04:865 | DEBUG    | trade_logic.py            | stop_loss_book_profit_core | Evaluating open positions for stop-loss/book-profit... | 
2025-10-18 06:39:04:866 | DEBUG    | trade_logic.py            | stop_loss_book_profit_core | {} | 
2025-10-18 06:39:09:883 | DEBUG    | trade_logic.py            | stop_loss_book_profit_core | Evaluating open positions for stop-loss/book-profit... | 
2025-10-18 06:39:09:887 | DEBUG    | trade_logic.py            | stop_loss_book_profit_core | {} | 
2025-10-18 06:39:14:893 | DEBUG    | trade_logic.py            | stop_loss_book_profit_core | Evaluating open positions for stop-loss/book-profit... | 
2025-10-18 06:39:14:894 | DEBUG    | trade_logic.py            | stop_loss_book_profit_core | {} | 
2025-10-18 06:39:19:903 | DEBUG    | trade_logic.py            | stop_loss_book_profit_core | Evaluating open positions for stop-loss/book-profit... | 
2025-10-18 06:39:19:905 | DEBUG    | trade_logic.py            | stop_loss_book_profit_core | {} | 
2025-10-18 06:39:24:911 | DEBUG    | trade_logic.py            | stop_loss_book_profit_core | Evaluating open positions for stop-loss/book-profit... | 
2025-10-18 06:39:24:912 | DEBUG    | trade_logic.py            | stop_loss_book_profit_core | {} | 
2025-10-18 06:39:29:916 | DEBUG    | trade_logic.py            | stop_loss_book_profit_core | Evaluating open positions for stop-loss/book-profit... | 
2025-10-18 06:39:29:918 | DEBUG    | trade_logic.py            | stop_loss_book_profit_core | {} | 
2025-10-18 06:39:34:921 | DEBUG    | trade_logic.py            | stop_loss_book_profit_core | Evaluating open positions for stop-loss/book-profit... | 
2025-10-18 06:39:34:921 | DEBUG    | trade_logic.py            | stop_loss_book_profit_core | {} | 
2025-10-18 06:39:39:927 | DEBUG    | trade_logic.py            | stop_loss_book_profit_core | Evaluating open positions for stop-loss/book-profit... | 
2025-10-18 06:39:39:928 | DEBUG    | trade_logic.py            | stop_loss_book_profit_core | {} | 
2025-10-18 06:39:44:935 | DEBUG    | trade_logic.py            | stop_loss_book_profit_core | Evaluating open positions for stop-loss/book-profit... | 
2025-10-18 06:39:44:936 | DEBUG    | trade_logic.py            | stop_loss_book_profit_core | {} | 
2025-10-18 06:39:49:940 | DEBUG    | trade_logic.py            | stop_loss_book_profit_core | Evaluating open positions for stop-loss/book-profit... | 
2025-10-18 06:39:49:941 | DEBUG    | trade_logic.py            | stop_loss_book_profit_core | {} | 
2025-10-18 06:39:54:948 | DEBUG    | trade_logic.py            | stop_loss_book_profit_core | Evaluating open positions for stop-loss/book-profit... | 
2025-10-18 06:39:54:950 | DEBUG    | trade_logic.py            | stop_loss_book_profit_core | {} | 
2025-10-18 06:39:59:958 | DEBUG    | trade_logic.py            | stop_loss_book_profit_core | Evaluating open positions for stop-loss/book-profit... | 
2025-10-18 06:39:59:959 | DEBUG    | trade_logic.py            | stop_loss_book_profit_core | {} | 
2025-10-18 06:40:04:973 | DEBUG    | trade_logic.py            | stop_loss_book_profit_core | Evaluating open positions for stop-loss/book-profit... | 
2025-10-18 06:40:04:974 | DEBUG    | trade_logic.py            | stop_loss_book_profit_core | {} | 
2025-10-18 06:40:09:992 | DEBUG    | trade_logic.py            | stop_loss_book_profit_core | Evaluating open positions for stop-loss/book-profit... | 
2025-10-18 06:40:09:993 | DEBUG    | trade_logic.py            | stop_loss_book_profit_core | {} | 
2025-10-18 06:40:14:996 | DEBUG    | trade_logic.py            | stop_loss_book_profit_core | Evaluating open positions for stop-loss/book-profit... | 
2025-10-18 06:40:14:997 | DEBUG    | trade_logic.py            | stop_loss_book_profit_core | {} | 
2025-10-18 06:40:19:999 | DEBUG    | trade_logic.py            | stop_loss_book_profit_core | Evaluating open positions for stop-loss/book-profit... | 
2025-10-18 06:40:20:000 | DEBUG    | trade_logic.py            | stop_loss_book_profit_core | {} | 
2025-10-18 06:40:25:006 | DEBUG    | trade_logic.py            | stop_loss_book_profit_core | Evaluating open positions for stop-loss/book-profit... | 
2025-10-18 06:40:25:007 | DEBUG    | trade_logic.py            | stop_loss_book_profit_core | {} | 
2025-10-18 06:40:30:015 | DEBUG    | trade_logic.py            | stop_loss_book_profit_core | Evaluating open positions for stop-loss/book-profit... | 
2025-10-18 06:40:30:016 | DEBUG    | trade_logic.py            | stop_loss_book_profit_core | {} | 
2025-10-18 06:40:35:018 | DEBUG    | trade_logic.py            | stop_loss_book_profit_core | Evaluating open positions for stop-loss/book-profit... | 
2025-10-18 06:40:35:019 | DEBUG    | trade_logic.py            | stop_loss_book_profit_core | {} | 
2025-10-18 06:40:40:022 | DEBUG    | trade_logic.py            | stop_loss_book_profit_core | Evaluating open positions for stop-loss/book-profit... | 
2025-10-18 06:40:40:023 | DEBUG    | trade_logic.py            | stop_loss_book_profit_core | {} | 
2025-10-18 06:40:45:025 | DEBUG    | trade_logic.py            | stop_loss_book_profit_core | Evaluating open positions for stop-loss/book-profit... | 
2025-10-18 06:40:45:026 | DEBUG    | trade_logic.py            | stop_loss_book_profit_core | {} | 
2025-10-18 06:40:50:027 | DEBUG    | trade_logic.py            | stop_loss_book_profit_core | Evaluating open positions for stop-loss/book-profit... | 
2025-10-18 06:40:50:028 | DEBUG    | trade_logic.py            | stop_loss_book_profit_core | {} | 
2025-10-18 06:40:55:036 | DEBUG    | trade_logic.py            | stop_loss_book_profit_core | Evaluating open positions for stop-loss/book-profit... | 
2025-10-18 06:40:55:036 | DEBUG    | trade_logic.py            | stop_loss_book_profit_core | {} | 
2025-10-18 06:41:00:042 | DEBUG    | trade_logic.py            | stop_loss_book_profit_core | Evaluating open positions for stop-loss/book-profit... | 
2025-10-18 06:41:00:043 | DEBUG    | trade_logic.py            | stop_loss_book_profit_core | {} | 
2025-10-18 06:41:05:049 | DEBUG    | trade_logic.py            | stop_loss_book_profit_core | Evaluating open positions for stop-loss/book-profit... | 
2025-10-18 06:41:05:051 | DEBUG    | trade_logic.py            | stop_loss_book_profit_core | {} | 
2025-10-18 06:41:10:054 | DEBUG    | trade_logic.py            | stop_loss_book_profit_core | Evaluating open positions for stop-loss/book-profit... | 
2025-10-18 06:41:10:055 | DEBUG    | trade_logic.py            | stop_loss_book_profit_core | {} | 
2025-10-18 06:41:15:058 | DEBUG    | trade_logic.py            | stop_loss_book_profit_core | Evaluating open positions for stop-loss/book-profit... | 
2025-10-18 06:41:15:059 | DEBUG    | trade_logic.py            | stop_loss_book_profit_core | {} | 
2025-10-18 06:41:20:060 | DEBUG    | trade_logic.py            | stop_loss_book_profit_core | Evaluating open positions for stop-loss/book-profit... | 
2025-10-18 06:41:20:061 | DEBUG    | trade_logic.py            | stop_loss_book_profit_core | {} | 
2025-10-18 06:41:25:062 | DEBUG    | trade_logic.py            | stop_loss_book_profit_core | Evaluating open positions for stop-loss/book-profit... | 
2025-10-18 06:41:25:063 | DEBUG    | trade_logic.py            | stop_loss_book_profit_core | {} | 
2025-10-18 06:41:30:078 | DEBUG    | trade_logic.py            | stop_loss_book_profit_core | Evaluating open positions for stop-loss/book-profit... | 
2025-10-18 06:41:30:079 | DEBUG    | trade_logic.py            | stop_loss_book_profit_core | {} | 
2025-10-18 06:41:35:086 | DEBUG    | trade_logic.py            | stop_loss_book_profit_core | Evaluating open positions for stop-loss/book-profit... | 
2025-10-18 06:41:35:087 | DEBUG    | trade_logic.py            | stop_loss_book_profit_core | {} | 
2025-10-18 06:41:40:101 | DEBUG    | trade_logic.py            | stop_loss_book_profit_core | Evaluating open positions for stop-loss/book-profit... | 
2025-10-18 06:41:40:103 | DEBUG    | trade_logic.py            | stop_loss_book_profit_core | {} | 
2025-10-18 06:41:45:112 | DEBUG    | trade_logic.py            | stop_loss_book_profit_core | Evaluating open positions for stop-loss/book-profit... | 
2025-10-18 06:41:45:113 | DEBUG    | trade_logic.py            | stop_loss_book_profit_core | {} | 
2025-10-18 06:41:50:122 | DEBUG    | trade_logic.py            | stop_loss_book_profit_core | Evaluating open positions for stop-loss/book-profit... | 
2025-10-18 06:41:50:123 | DEBUG    | trade_logic.py            | stop_loss_book_profit_core | {} | 
2025-10-18 06:41:55:125 | DEBUG    | trade_logic.py            | stop_loss_book_profit_core | Evaluating open positions for stop-loss/book-profit... | 
2025-10-18 06:41:55:128 | DEBUG    | trade_logic.py            | stop_loss_book_profit_core | {} | 
2025-10-18 06:42:00:137 | DEBUG    | trade_logic.py            | stop_loss_book_profit_core | Evaluating open positions for stop-loss/book-profit... | 
2025-10-18 06:42:00:138 | DEBUG    | trade_logic.py            | stop_loss_book_profit_core | {} | 
2025-10-18 06:42:05:154 | DEBUG    | trade_logic.py            | stop_loss_book_profit_core | Evaluating open positions for stop-loss/book-profit... | 
2025-10-18 06:42:05:155 | DEBUG    | trade_logic.py            | stop_loss_book_profit_core | {} | 
2025-10-18 06:42:10:162 | DEBUG    | trade_logic.py            | stop_loss_book_profit_core | Evaluating open positions for stop-loss/book-profit... | 
2025-10-18 06:42:10:162 | DEBUG    | trade_logic.py            | stop_loss_book_profit_core | {} | 
2025-10-18 06:42:15:172 | DEBUG    | trade_logic.py            | stop_loss_book_profit_core | Evaluating open positions for stop-loss/book-profit... | 
2025-10-18 06:42:15:173 | DEBUG    | trade_logic.py            | stop_loss_book_profit_core | {} | 
2025-10-18 06:42:20:200 | DEBUG    | trade_logic.py            | stop_loss_book_profit_core | Evaluating open positions for stop-loss/book-profit... | 
2025-10-18 06:42:20:201 | DEBUG    | trade_logic.py            | stop_loss_book_profit_core | {} | 
2025-10-18 06:42:25:200 | DEBUG    | trade_logic.py            | stop_loss_book_profit_core | Evaluating open positions for stop-loss/book-profit... | 
2025-10-18 06:42:25:201 | DEBUG    | trade_logic.py            | stop_loss_book_profit_core | {} | 
2025-10-18 06:42:30:220 | DEBUG    | trade_logic.py            | stop_loss_book_profit_core | Evaluating open positions for stop-loss/book-profit... | 
2025-10-18 06:42:30:221 | DEBUG    | trade_logic.py            | stop_loss_book_profit_core | {} | 
2025-10-18 06:42:35:234 | DEBUG    | trade_logic.py            | stop_loss_book_profit_core | Evaluating open positions for stop-loss/book-profit... | 
2025-10-18 06:42:35:235 | DEBUG    | trade_logic.py            | stop_loss_book_profit_core | {} | 
2025-10-18 06:42:40:246 | DEBUG    | trade_logic.py            | stop_loss_book_profit_core | Evaluating open positions for stop-loss/book-profit... | 
2025-10-18 06:42:40:247 | DEBUG    | trade_logic.py            | stop_loss_book_profit_core | {} | 
2025-10-18 06:42:45:257 | DEBUG    | trade_logic.py            | stop_loss_book_profit_core | Evaluating open positions for stop-loss/book-profit... | 
2025-10-18 06:42:45:264 | DEBUG    | trade_logic.py            | stop_loss_book_profit_core | {} | 
2025-10-18 06:42:50:271 | DEBUG    | trade_logic.py            | stop_loss_book_profit_core | Evaluating open positions for stop-loss/book-profit... | 
2025-10-18 06:42:50:272 | DEBUG    | trade_logic.py            | stop_loss_book_profit_core | {} | 
2025-10-18 06:42:55:288 | DEBUG    | trade_logic.py            | stop_loss_book_profit_core | Evaluating open positions for stop-loss/book-profit... | 
2025-10-18 06:42:55:289 | DEBUG    | trade_logic.py            | stop_loss_book_profit_core | {} | 
2025-10-18 06:43:00:309 | DEBUG    | trade_logic.py            | stop_loss_book_profit_core | Evaluating open positions for stop-loss/book-profit... | 
2025-10-18 06:43:00:309 | DEBUG    | trade_logic.py            | stop_loss_book_profit_core | {} | 
2025-10-18 06:43:05:309 | DEBUG    | trade_logic.py            | stop_loss_book_profit_core | Evaluating open positions for stop-loss/book-profit... | 
2025-10-18 06:43:05:310 | DEBUG    | trade_logic.py            | stop_loss_book_profit_core | {} | 
2025-10-18 06:43:10:314 | DEBUG    | trade_logic.py            | stop_loss_book_profit_core | Evaluating open positions for stop-loss/book-profit... | 
2025-10-18 06:43:10:315 | DEBUG    | trade_logic.py            | stop_loss_book_profit_core | {} | 
2025-10-18 06:43:15:319 | DEBUG    | trade_logic.py            | stop_loss_book_profit_core | Evaluating open positions for stop-loss/book-profit... | 
2025-10-18 06:43:15:320 | DEBUG    | trade_logic.py            | stop_loss_book_profit_core | {} | 
2025-10-18 06:43:20:326 | DEBUG    | trade_logic.py            | stop_loss_book_profit_core | Evaluating open positions for stop-loss/book-profit... | 
2025-10-18 06:43:20:328 | DEBUG    | trade_logic.py            | stop_loss_book_profit_core | {} | 
2025-10-18 06:43:25:326 | DEBUG    | trade_logic.py            | stop_loss_book_profit_core | Evaluating open positions for stop-loss/book-profit... | 
2025-10-18 06:43:25:326 | DEBUG    | trade_logic.py            | stop_loss_book_profit_core | {} | 
2025-10-18 06:43:30:327 | DEBUG    | trade_logic.py            | stop_loss_book_profit_core | Evaluating open positions for stop-loss/book-profit... | 
2025-10-18 06:43:30:328 | DEBUG    | trade_logic.py            | stop_loss_book_profit_core | {} | 
2025-10-18 06:43:35:332 | DEBUG    | trade_logic.py            | stop_loss_book_profit_core | Evaluating open positions for stop-loss/book-profit... | 
2025-10-18 06:43:35:332 | DEBUG    | trade_logic.py            | stop_loss_book_profit_core | {} | 
2025-10-18 06:43:40:344 | DEBUG    | trade_logic.py            | stop_loss_book_profit_core | Evaluating open positions for stop-loss/book-profit... | 
2025-10-18 06:43:40:345 | DEBUG    | trade_logic.py            | stop_loss_book_profit_core | {} | 
2025-10-18 06:43:45:349 | DEBUG    | trade_logic.py            | stop_loss_book_profit_core | Evaluating open positions for stop-loss/book-profit... | 
2025-10-18 06:43:45:350 | DEBUG    | trade_logic.py            | stop_loss_book_profit_core | {} | 
2025-10-18 06:43:50:359 | DEBUG    | trade_logic.py            | stop_loss_book_profit_core | Evaluating open positions for stop-loss/book-profit... | 
2025-10-18 06:43:50:360 | DEBUG    | trade_logic.py            | stop_loss_book_profit_core | {} | 
2025-10-18 06:43:55:361 | DEBUG    | trade_logic.py            | stop_loss_book_profit_core | Evaluating open positions for stop-loss/book-profit... | 
2025-10-18 06:43:55:363 | DEBUG    | trade_logic.py            | stop_loss_book_profit_core | {} | 
2025-10-18 06:44:00:375 | DEBUG    | trade_logic.py            | stop_loss_book_profit_core | Evaluating open positions for stop-loss/book-profit... | 
2025-10-18 06:44:00:376 | DEBUG    | trade_logic.py            | stop_loss_book_profit_core | {} | 
2025-10-18 06:44:05:382 | DEBUG    | trade_logic.py            | stop_loss_book_profit_core | Evaluating open positions for stop-loss/book-profit... | 
2025-10-18 06:44:05:383 | DEBUG    | trade_logic.py            | stop_loss_book_profit_core | {} | 
2025-10-18 06:44:10:387 | DEBUG    | trade_logic.py            | stop_loss_book_profit_core | Evaluating open positions for stop-loss/book-profit... | 
2025-10-18 06:44:10:388 | DEBUG    | trade_logic.py            | stop_loss_book_profit_core | {} | 
2025-10-18 06:44:15:397 | DEBUG    | trade_logic.py            | stop_loss_book_profit_core | Evaluating open positions for stop-loss/book-profit... | 
2025-10-18 06:44:15:398 | DEBUG    | trade_logic.py            | stop_loss_book_profit_core | {} | 
2025-10-18 06:44:20:402 | DEBUG    | trade_logic.py            | stop_loss_book_profit_core | Evaluating open positions for stop-loss/book-profit... | 
2025-10-18 06:44:20:403 | DEBUG    | trade_logic.py            | stop_loss_book_profit_core | {} | 
2025-10-18 06:44:25:406 | DEBUG    | trade_logic.py            | stop_loss_book_profit_core | Evaluating open positions for stop-loss/book-profit... | 
2025-10-18 06:44:25:407 | DEBUG    | trade_logic.py            | stop_loss_book_profit_core | {} | 
2025-10-18 06:44:30:423 | DEBUG    | trade_logic.py            | stop_loss_book_profit_core | Evaluating open positions for stop-loss/book-profit... | 
2025-10-18 06:44:30:424 | DEBUG    | trade_logic.py            | stop_loss_book_profit_core | {} | 
2025-10-18 06:44:35:432 | DEBUG    | trade_logic.py            | stop_loss_book_profit_core | Evaluating open positions for stop-loss/book-profit... | 
2025-10-18 06:44:35:433 | DEBUG    | trade_logic.py            | stop_loss_book_profit_core | {} | 
2025-10-18 06:44:40:440 | DEBUG    | trade_logic.py            | stop_loss_book_profit_core | Evaluating open positions for stop-loss/book-profit... | 
2025-10-18 06:44:40:441 | DEBUG    | trade_logic.py            | stop_loss_book_profit_core | {} | 
2025-10-18 06:44:45:446 | DEBUG    | trade_logic.py            | stop_loss_book_profit_core | Evaluating open positions for stop-loss/book-profit... | 
2025-10-18 06:44:45:447 | DEBUG    | trade_logic.py            | stop_loss_book_profit_core | {} | 
2025-10-18 06:44:50:464 | DEBUG    | trade_logic.py            | stop_loss_book_profit_core | Evaluating open positions for stop-loss/book-profit... | 
2025-10-18 06:44:50:464 | DEBUG    | trade_logic.py            | stop_loss_book_profit_core | {} | 
2025-10-18 06:44:55:467 | DEBUG    | trade_logic.py            | stop_loss_book_profit_core | Evaluating open positions for stop-loss/book-profit... | 
2025-10-18 06:44:55:467 | DEBUG    | trade_logic.py            | stop_loss_book_profit_core | {} | 
2025-10-18 06:45:00:478 | DEBUG    | trade_logic.py            | stop_loss_book_profit_core | Evaluating open positions for stop-loss/book-profit... | 
2025-10-18 06:45:00:479 | DEBUG    | trade_logic.py            | stop_loss_book_profit_core | {} | 
2025-10-18 06:45:05:483 | DEBUG    | trade_logic.py            | stop_loss_book_profit_core | Evaluating open positions for stop-loss/book-profit... | 
2025-10-18 06:45:05:483 | DEBUG    | trade_logic.py            | stop_loss_book_profit_core | {} | 
2025-10-18 06:45:10:484 | DEBUG    | trade_logic.py            | stop_loss_book_profit_core | Evaluating open positions for stop-loss/book-profit... | 
2025-10-18 06:45:10:485 | DEBUG    | trade_logic.py            | stop_loss_book_profit_core | {} | 
2025-10-18 06:45:15:499 | DEBUG    | trade_logic.py            | stop_loss_book_profit_core | Evaluating open positions for stop-loss/book-profit... | 
2025-10-18 06:45:15:500 | DEBUG    | trade_logic.py            | stop_loss_book_profit_core | {} | 
2025-10-18 06:45:20:507 | DEBUG    | trade_logic.py            | stop_loss_book_profit_core | Evaluating open positions for stop-loss/book-profit... | 
2025-10-18 06:45:20:508 | DEBUG    | trade_logic.py            | stop_loss_book_profit_core | {} | 
2025-10-18 06:45:25:514 | DEBUG    | trade_logic.py            | stop_loss_book_profit_core | Evaluating open positions for stop-loss/book-profit... | 
2025-10-18 06:45:25:515 | DEBUG    | trade_logic.py            | stop_loss_book_profit_core | {} | 
2025-10-18 06:45:30:516 | DEBUG    | trade_logic.py            | stop_loss_book_profit_core | Evaluating open positions for stop-loss/book-profit... | 
2025-10-18 06:45:30:517 | DEBUG    | trade_logic.py            | stop_loss_book_profit_core | {} | 
2025-10-18 06:45:35:520 | DEBUG    | trade_logic.py            | stop_loss_book_profit_core | Evaluating open positions for stop-loss/book-profit... | 
2025-10-18 06:45:35:521 | DEBUG    | trade_logic.py            | stop_loss_book_profit_core | {} | 
2025-10-18 06:45:40:526 | DEBUG    | trade_logic.py            | stop_loss_book_profit_core | Evaluating open positions for stop-loss/book-profit... | 
2025-10-18 06:45:40:527 | DEBUG    | trade_logic.py            | stop_loss_book_profit_core | {} | 
2025-10-18 06:45:45:528 | DEBUG    | trade_logic.py            | stop_loss_book_profit_core | Evaluating open positions for stop-loss/book-profit... | 
2025-10-18 06:45:45:529 | DEBUG    | trade_logic.py            | stop_loss_book_profit_core | {} | 
2025-10-18 06:45:50:548 | DEBUG    | trade_logic.py            | stop_loss_book_profit_core | Evaluating open positions for stop-loss/book-profit... | 
2025-10-18 06:45:50:549 | DEBUG    | trade_logic.py            | stop_loss_book_profit_core | {} | 
2025-10-18 06:45:55:568 | DEBUG    | trade_logic.py            | stop_loss_book_profit_core | Evaluating open positions for stop-loss/book-profit... | 
2025-10-18 06:45:55:569 | DEBUG    | trade_logic.py            | stop_loss_book_profit_core | {} | 
2025-10-18 06:46:00:586 | DEBUG    | trade_logic.py            | stop_loss_book_profit_core | Evaluating open positions for stop-loss/book-profit... | 
2025-10-18 06:46:00:587 | DEBUG    | trade_logic.py            | stop_loss_book_profit_core | {} | 
2025-10-18 06:46:05:586 | DEBUG    | trade_logic.py            | stop_loss_book_profit_core | Evaluating open positions for stop-loss/book-profit... | 
2025-10-18 06:46:05:587 | DEBUG    | trade_logic.py            | stop_loss_book_profit_core | {} | 
2025-10-18 06:46:10:606 | DEBUG    | trade_logic.py            | stop_loss_book_profit_core | Evaluating open positions for stop-loss/book-profit... | 
2025-10-18 06:46:10:607 | DEBUG    | trade_logic.py            | stop_loss_book_profit_core | {} | 
2025-10-18 06:46:15:626 | DEBUG    | trade_logic.py            | stop_loss_book_profit_core | Evaluating open positions for stop-loss/book-profit... | 
2025-10-18 06:46:15:627 | DEBUG    | trade_logic.py            | stop_loss_book_profit_core | {} | 
2025-10-18 06:46:20:626 | DEBUG    | trade_logic.py            | stop_loss_book_profit_core | Evaluating open positions for stop-loss/book-profit... | 
2025-10-18 06:46:20:628 | DEBUG    | trade_logic.py            | stop_loss_book_profit_core | {} | 
2025-10-18 06:46:25:640 | DEBUG    | trade_logic.py            | stop_loss_book_profit_core | Evaluating open positions for stop-loss/book-profit... | 
2025-10-18 06:46:25:642 | DEBUG    | trade_logic.py            | stop_loss_book_profit_core | {} | 
2025-10-18 06:46:30:659 | DEBUG    | trade_logic.py            | stop_loss_book_profit_core | Evaluating open positions for stop-loss/book-profit... | 
2025-10-18 06:46:30:660 | DEBUG    | trade_logic.py            | stop_loss_book_profit_core | {} | 
2025-10-18 06:46:35:665 | DEBUG    | trade_logic.py            | stop_loss_book_profit_core | Evaluating open positions for stop-loss/book-profit... | 
2025-10-18 06:46:35:666 | DEBUG    | trade_logic.py            | stop_loss_book_profit_core | {} | 
2025-10-18 06:46:40:674 | DEBUG    | trade_logic.py            | stop_loss_book_profit_core | Evaluating open positions for stop-loss/book-profit... | 
2025-10-18 06:46:40:675 | DEBUG    | trade_logic.py            | stop_loss_book_profit_core | {} | 
2025-10-18 06:46:45:678 | DEBUG    | trade_logic.py            | stop_loss_book_profit_core | Evaluating open positions for stop-loss/book-profit... | 
2025-10-18 06:46:45:679 | DEBUG    | trade_logic.py            | stop_loss_book_profit_core | {} | 
2025-10-18 06:46:50:693 | DEBUG    | trade_logic.py            | stop_loss_book_profit_core | Evaluating open positions for stop-loss/book-profit... | 
2025-10-18 06:46:50:705 | DEBUG    | trade_logic.py            | stop_loss_book_profit_core | {} | 
2025-10-18 06:46:55:726 | DEBUG    | trade_logic.py            | stop_loss_book_profit_core | Evaluating open positions for stop-loss/book-profit... | 
2025-10-18 06:46:55:727 | DEBUG    | trade_logic.py            | stop_loss_book_profit_core | {} | 
2025-10-18 06:47:00:742 | DEBUG    | trade_logic.py            | stop_loss_book_profit_core | Evaluating open positions for stop-loss/book-profit... | 
2025-10-18 06:47:00:743 | DEBUG    | trade_logic.py            | stop_loss_book_profit_core | {} | 
2025-10-18 06:47:05:747 | DEBUG    | trade_logic.py            | stop_loss_book_profit_core | Evaluating open positions for stop-loss/book-profit... | 
2025-10-18 06:47:05:748 | DEBUG    | trade_logic.py            | stop_loss_book_profit_core | {} | 
2025-10-18 06:47:10:758 | DEBUG    | trade_logic.py            | stop_loss_book_profit_core | Evaluating open positions for stop-loss/book-profit... | 
2025-10-18 06:47:10:760 | DEBUG    | trade_logic.py            | stop_loss_book_profit_core | {} | 
2025-10-18 06:47:15:772 | DEBUG    | trade_logic.py            | stop_loss_book_profit_core | Evaluating open positions for stop-loss/book-profit... | 
2025-10-18 06:47:15:773 | DEBUG    | trade_logic.py            | stop_loss_book_profit_core | {} | 
2025-10-18 06:47:20:783 | DEBUG    | trade_logic.py            | stop_loss_book_profit_core | Evaluating open positions for stop-loss/book-profit... | 
2025-10-18 06:47:20:785 | DEBUG    | trade_logic.py            | stop_loss_book_profit_core | {} | 
2025-10-18 06:47:25:790 | DEBUG    | trade_logic.py            | stop_loss_book_profit_core | Evaluating open positions for stop-loss/book-profit... | 
2025-10-18 06:47:25:793 | DEBUG    | trade_logic.py            | stop_loss_book_profit_core | {} | 
2025-10-18 06:47:30:804 | DEBUG    | trade_logic.py            | stop_loss_book_profit_core | Evaluating open positions for stop-loss/book-profit... | 
2025-10-18 06:47:30:805 | DEBUG    | trade_logic.py            | stop_loss_book_profit_core | {} | 
2025-10-18 06:47:35:815 | DEBUG    | trade_logic.py            | stop_loss_book_profit_core | Evaluating open positions for stop-loss/book-profit... | 
2025-10-18 06:47:35:816 | DEBUG    | trade_logic.py            | stop_loss_book_profit_core | {} | 
2025-10-18 06:47:40:827 | DEBUG    | trade_logic.py            | stop_loss_book_profit_core | Evaluating open positions for stop-loss/book-profit... | 
2025-10-18 06:47:40:828 | DEBUG    | trade_logic.py            | stop_loss_book_profit_core | {} | 
2025-10-18 06:47:45:841 | DEBUG    | trade_logic.py            | stop_loss_book_profit_core | Evaluating open positions for stop-loss/book-profit... | 
2025-10-18 06:47:45:842 | DEBUG    | trade_logic.py            | stop_loss_book_profit_core | {} | 
2025-10-18 06:47:50:854 | DEBUG    | trade_logic.py            | stop_loss_book_profit_core | Evaluating open positions for stop-loss/book-profit... | 
2025-10-18 06:47:50:855 | DEBUG    | trade_logic.py            | stop_loss_book_profit_core | {} | 
2025-10-18 06:47:55:869 | DEBUG    | trade_logic.py            | stop_loss_book_profit_core | Evaluating open positions for stop-loss/book-profit... | 
2025-10-18 06:47:55:869 | DEBUG    | trade_logic.py            | stop_loss_book_profit_core | {} | 
2025-10-18 06:48:00:879 | DEBUG    | trade_logic.py            | stop_loss_book_profit_core | Evaluating open positions for stop-loss/book-profit... | 
2025-10-18 06:48:00:880 | DEBUG    | trade_logic.py            | stop_loss_book_profit_core | {} | 
2025-10-18 06:48:05:894 | DEBUG    | trade_logic.py            | stop_loss_book_profit_core | Evaluating open positions for stop-loss/book-profit... | 
2025-10-18 06:48:05:894 | DEBUG    | trade_logic.py            | stop_loss_book_profit_core | {} | 
2025-10-18 06:48:10:904 | DEBUG    | trade_logic.py            | stop_loss_book_profit_core | Evaluating open positions for stop-loss/book-profit... | 
2025-10-18 06:48:10:905 | DEBUG    | trade_logic.py            | stop_loss_book_profit_core | {} | 
2025-10-18 06:48:15:923 | DEBUG    | trade_logic.py            | stop_loss_book_profit_core | Evaluating open positions for stop-loss/book-profit... | 
2025-10-18 06:48:15:924 | DEBUG    | trade_logic.py            | stop_loss_book_profit_core | {} | 
2025-10-18 06:48:20:941 | DEBUG    | trade_logic.py            | stop_loss_book_profit_core | Evaluating open positions for stop-loss/book-profit... | 
2025-10-18 06:48:20:941 | DEBUG    | trade_logic.py            | stop_loss_book_profit_core | {} | 
2025-10-18 06:48:25:941 | DEBUG    | trade_logic.py            | stop_loss_book_profit_core | Evaluating open positions for stop-loss/book-profit... | 
2025-10-18 06:48:25:942 | DEBUG    | trade_logic.py            | stop_loss_book_profit_core | {} | 
2025-10-18 06:48:30:949 | DEBUG    | trade_logic.py            | stop_loss_book_profit_core | Evaluating open positions for stop-loss/book-profit... | 
2025-10-18 06:48:30:950 | DEBUG    | trade_logic.py            | stop_loss_book_profit_core | {} | 
2025-10-18 06:48:35:951 | DEBUG    | trade_logic.py            | stop_loss_book_profit_core | Evaluating open positions for stop-loss/book-profit... | 
2025-10-18 06:48:35:952 | DEBUG    | trade_logic.py            | stop_loss_book_profit_core | {} | 
2025-10-18 06:48:40:971 | DEBUG    | trade_logic.py            | stop_loss_book_profit_core | Evaluating open positions for stop-loss/book-profit... | 
2025-10-18 06:48:40:972 | DEBUG    | trade_logic.py            | stop_loss_book_profit_core | {} | 
2025-10-18 06:48:45:980 | DEBUG    | trade_logic.py            | stop_loss_book_profit_core | Evaluating open positions for stop-loss/book-profit... | 
2025-10-18 06:48:45:980 | DEBUG    | trade_logic.py            | stop_loss_book_profit_core | {} | 
2025-10-18 06:48:51:006 | DEBUG    | trade_logic.py            | stop_loss_book_profit_core | Evaluating open positions for stop-loss/book-profit... | 
2025-10-18 06:48:51:008 | DEBUG    | trade_logic.py            | stop_loss_book_profit_core | {} | 
2025-10-18 06:48:56:009 | DEBUG    | trade_logic.py            | stop_loss_book_profit_core | Evaluating open positions for stop-loss/book-profit... | 
2025-10-18 06:48:56:010 | DEBUG    | trade_logic.py            | stop_loss_book_profit_core | {} | 
2025-10-18 06:49:01:014 | DEBUG    | trade_logic.py            | stop_loss_book_profit_core | Evaluating open positions for stop-loss/book-profit... | 
2025-10-18 06:49:01:016 | DEBUG    | trade_logic.py            | stop_loss_book_profit_core | {} | 
2025-10-18 06:49:06:024 | DEBUG    | trade_logic.py            | stop_loss_book_profit_core | Evaluating open positions for stop-loss/book-profit... | 
2025-10-18 06:49:06:025 | DEBUG    | trade_logic.py            | stop_loss_book_profit_core | {} | 
2025-10-18 06:49:11:030 | DEBUG    | trade_logic.py            | stop_loss_book_profit_core | Evaluating open positions for stop-loss/book-profit... | 
2025-10-18 06:49:11:032 | DEBUG    | trade_logic.py            | stop_loss_book_profit_core | {} | 
2025-10-18 06:49:16:041 | DEBUG    | trade_logic.py            | stop_loss_book_profit_core | Evaluating open positions for stop-loss/book-profit... | 
2025-10-18 06:49:16:042 | DEBUG    | trade_logic.py            | stop_loss_book_profit_core | {} | 
2025-10-18 06:49:21:061 | DEBUG    | trade_logic.py            | stop_loss_book_profit_core | Evaluating open positions for stop-loss/book-profit... | 
2025-10-18 06:49:21:063 | DEBUG    | trade_logic.py            | stop_loss_book_profit_core | {} | 
2025-10-18 06:49:26:059 | DEBUG    | trade_logic.py            | stop_loss_book_profit_core | Evaluating open positions for stop-loss/book-profit... | 
2025-10-18 06:49:26:060 | DEBUG    | trade_logic.py            | stop_loss_book_profit_core | {} | 
2025-10-18 06:49:31:078 | DEBUG    | trade_logic.py            | stop_loss_book_profit_core | Evaluating open positions for stop-loss/book-profit... | 
2025-10-18 06:49:31:081 | DEBUG    | trade_logic.py            | stop_loss_book_profit_core | {} | 
2025-10-18 06:49:36:093 | DEBUG    | trade_logic.py            | stop_loss_book_profit_core | Evaluating open positions for stop-loss/book-profit... | 
2025-10-18 06:49:36:094 | DEBUG    | trade_logic.py            | stop_loss_book_profit_core | {} | 
2025-10-18 06:49:41:114 | DEBUG    | trade_logic.py            | stop_loss_book_profit_core | Evaluating open positions for stop-loss/book-profit... | 
2025-10-18 06:49:41:114 | DEBUG    | trade_logic.py            | stop_loss_book_profit_core | {} | 
2025-10-18 06:49:46:135 | DEBUG    | trade_logic.py            | stop_loss_book_profit_core | Evaluating open positions for stop-loss/book-profit... | 
2025-10-18 06:49:46:136 | DEBUG    | trade_logic.py            | stop_loss_book_profit_core | {} | 
2025-10-18 06:49:51:154 | DEBUG    | trade_logic.py            | stop_loss_book_profit_core | Evaluating open positions for stop-loss/book-profit... | 
2025-10-18 06:49:51:155 | DEBUG    | trade_logic.py            | stop_loss_book_profit_core | {} | 
2025-10-18 06:49:56:175 | DEBUG    | trade_logic.py            | stop_loss_book_profit_core | Evaluating open positions for stop-loss/book-profit... | 
2025-10-18 06:49:56:177 | DEBUG    | trade_logic.py            | stop_loss_book_profit_core | {} | 
2025-10-18 06:50:01:179 | DEBUG    | trade_logic.py            | stop_loss_book_profit_core | Evaluating open positions for stop-loss/book-profit... | 
2025-10-18 06:50:01:179 | DEBUG    | trade_logic.py            | stop_loss_book_profit_core | {} | 
2025-10-18 06:50:06:185 | DEBUG    | trade_logic.py            | stop_loss_book_profit_core | Evaluating open positions for stop-loss/book-profit... | 
2025-10-18 06:50:06:185 | DEBUG    | trade_logic.py            | stop_loss_book_profit_core | {} | 
2025-10-18 06:50:11:200 | DEBUG    | trade_logic.py            | stop_loss_book_profit_core | Evaluating open positions for stop-loss/book-profit... | 
2025-10-18 06:50:11:201 | DEBUG    | trade_logic.py            | stop_loss_book_profit_core | {} | 
2025-10-18 06:50:16:204 | DEBUG    | trade_logic.py            | stop_loss_book_profit_core | Evaluating open positions for stop-loss/book-profit... | 
2025-10-18 06:50:16:205 | DEBUG    | trade_logic.py            | stop_loss_book_profit_core | {} | 
2025-10-18 06:50:21:220 | DEBUG    | trade_logic.py            | stop_loss_book_profit_core | Evaluating open positions for stop-loss/book-profit... | 
2025-10-18 06:50:21:220 | DEBUG    | trade_logic.py            | stop_loss_book_profit_core | {} | 
2025-10-18 06:50:26:224 | DEBUG    | trade_logic.py            | stop_loss_book_profit_core | Evaluating open positions for stop-loss/book-profit... | 
2025-10-18 06:50:26:224 | DEBUG    | trade_logic.py            | stop_loss_book_profit_core | {} | 
2025-10-18 06:50:31:240 | DEBUG    | trade_logic.py            | stop_loss_book_profit_core | Evaluating open positions for stop-loss/book-profit... | 
2025-10-18 06:50:31:240 | DEBUG    | trade_logic.py            | stop_loss_book_profit_core | {} | 
2025-10-18 06:50:36:248 | DEBUG    | trade_logic.py            | stop_loss_book_profit_core | Evaluating open positions for stop-loss/book-profit... | 
2025-10-18 06:50:36:249 | DEBUG    | trade_logic.py            | stop_loss_book_profit_core | {} | 
2025-10-18 06:50:41:251 | DEBUG    | trade_logic.py            | stop_loss_book_profit_core | Evaluating open positions for stop-loss/book-profit... | 
2025-10-18 06:50:41:251 | DEBUG    | trade_logic.py            | stop_loss_book_profit_core | {} | 
2025-10-18 06:50:46:252 | DEBUG    | trade_logic.py            | stop_loss_book_profit_core | Evaluating open positions for stop-loss/book-profit... | 
2025-10-18 06:50:46:253 | DEBUG    | trade_logic.py            | stop_loss_book_profit_core | {} | 
2025-10-18 06:50:51:263 | DEBUG    | trade_logic.py            | stop_loss_book_profit_core | Evaluating open positions for stop-loss/book-profit... | 
2025-10-18 06:50:51:264 | DEBUG    | trade_logic.py            | stop_loss_book_profit_core | {} | 
2025-10-18 06:50:56:265 | DEBUG    | trade_logic.py            | stop_loss_book_profit_core | Evaluating open positions for stop-loss/book-profit... | 
2025-10-18 06:50:56:267 | DEBUG    | trade_logic.py            | stop_loss_book_profit_core | {} | 
2025-10-18 06:51:01:267 | DEBUG    | trade_logic.py            | stop_loss_book_profit_core | Evaluating open positions for stop-loss/book-profit... | 
2025-10-18 06:51:01:271 | DEBUG    | trade_logic.py            | stop_loss_book_profit_core | {} | 
2025-10-18 06:51:06:273 | DEBUG    | trade_logic.py            | stop_loss_book_profit_core | Evaluating open positions for stop-loss/book-profit... | 
2025-10-18 06:51:06:274 | DEBUG    | trade_logic.py            | stop_loss_book_profit_core | {} | 
2025-10-18 06:51:11:279 | DEBUG    | trade_logic.py            | stop_loss_book_profit_core | Evaluating open positions for stop-loss/book-profit... | 
2025-10-18 06:51:11:281 | DEBUG    | trade_logic.py            | stop_loss_book_profit_core | {} | 
2025-10-18 06:51:16:288 | DEBUG    | trade_logic.py            | stop_loss_book_profit_core | Evaluating open positions for stop-loss/book-profit... | 
2025-10-18 06:51:16:289 | DEBUG    | trade_logic.py            | stop_loss_book_profit_core | {} | 
2025-10-18 06:51:21:293 | DEBUG    | trade_logic.py            | stop_loss_book_profit_core | Evaluating open positions for stop-loss/book-profit... | 
2025-10-18 06:51:21:294 | DEBUG    | trade_logic.py            | stop_loss_book_profit_core | {} | 
2025-10-18 06:51:26:293 | DEBUG    | trade_logic.py            | stop_loss_book_profit_core | Evaluating open positions for stop-loss/book-profit... | 
2025-10-18 06:51:26:295 | DEBUG    | trade_logic.py            | stop_loss_book_profit_core | {} | 
2025-10-18 06:51:31:317 | DEBUG    | trade_logic.py            | stop_loss_book_profit_core | Evaluating open positions for stop-loss/book-profit... | 
2025-10-18 06:51:31:319 | DEBUG    | trade_logic.py            | stop_loss_book_profit_core | {} | 
2025-10-18 06:51:36:319 | DEBUG    | trade_logic.py            | stop_loss_book_profit_core | Evaluating open positions for stop-loss/book-profit... | 
2025-10-18 06:51:36:321 | DEBUG    | trade_logic.py            | stop_loss_book_profit_core | {} | 
2025-10-18 06:51:41:323 | DEBUG    | trade_logic.py            | stop_loss_book_profit_core | Evaluating open positions for stop-loss/book-profit... | 
2025-10-18 06:51:41:325 | DEBUG    | trade_logic.py            | stop_loss_book_profit_core | {} | 
2025-10-18 06:51:46:338 | DEBUG    | trade_logic.py            | stop_loss_book_profit_core | Evaluating open positions for stop-loss/book-profit... | 
2025-10-18 06:51:46:339 | DEBUG    | trade_logic.py            | stop_loss_book_profit_core | {} | 
2025-10-18 06:51:51:348 | DEBUG    | trade_logic.py            | stop_loss_book_profit_core | Evaluating open positions for stop-loss/book-profit... | 
2025-10-18 06:51:51:350 | DEBUG    | trade_logic.py            | stop_loss_book_profit_core | {} | 
2025-10-18 06:51:56:360 | DEBUG    | trade_logic.py            | stop_loss_book_profit_core | Evaluating open positions for stop-loss/book-profit... | 
2025-10-18 06:51:56:362 | DEBUG    | trade_logic.py            | stop_loss_book_profit_core | {} | 
2025-10-18 06:52:01:375 | DEBUG    | trade_logic.py            | stop_loss_book_profit_core | Evaluating open positions for stop-loss/book-profit... | 
2025-10-18 06:52:01:376 | DEBUG    | trade_logic.py            | stop_loss_book_profit_core | {} | 
2025-10-18 06:52:06:389 | DEBUG    | trade_logic.py            | stop_loss_book_profit_core | Evaluating open positions for stop-loss/book-profit... | 
2025-10-18 06:52:06:390 | DEBUG    | trade_logic.py            | stop_loss_book_profit_core | {} | 
2025-10-18 06:52:11:400 | DEBUG    | trade_logic.py            | stop_loss_book_profit_core | Evaluating open positions for stop-loss/book-profit... | 
2025-10-18 06:52:11:401 | DEBUG    | trade_logic.py            | stop_loss_book_profit_core | {} | 
2025-10-18 06:52:16:409 | DEBUG    | trade_logic.py            | stop_loss_book_profit_core | Evaluating open positions for stop-loss/book-profit... | 
2025-10-18 06:52:16:410 | DEBUG    | trade_logic.py            | stop_loss_book_profit_core | {} | 
2025-10-18 06:52:21:415 | DEBUG    | trade_logic.py            | stop_loss_book_profit_core | Evaluating open positions for stop-loss/book-profit... | 
2025-10-18 06:52:21:416 | DEBUG    | trade_logic.py            | stop_loss_book_profit_core | {} | 
2025-10-18 06:52:26:421 | DEBUG    | trade_logic.py            | stop_loss_book_profit_core | Evaluating open positions for stop-loss/book-profit... | 
2025-10-18 06:52:26:421 | DEBUG    | trade_logic.py            | stop_loss_book_profit_core | {} | 
2025-10-18 06:52:30:244 | INFO     | server.py                 | home_page                 | Rendering home page | 
2025-10-18 06:52:31:423 | DEBUG    | trade_logic.py            | stop_loss_book_profit_core | Evaluating open positions for stop-loss/book-profit... | 
2025-10-18 06:52:31:423 | DEBUG    | trade_logic.py            | stop_loss_book_profit_core | {} | 
2025-10-18 06:52:36:432 | DEBUG    | trade_logic.py            | stop_loss_book_profit_core | Evaluating open positions for stop-loss/book-profit... | 
2025-10-18 06:52:36:432 | DEBUG    | trade_logic.py            | stop_loss_book_profit_core | {} | 
2025-10-18 06:52:41:440 | DEBUG    | trade_logic.py            | stop_loss_book_profit_core | Evaluating open positions for stop-loss/book-profit... | 
2025-10-18 06:52:41:441 | DEBUG    | trade_logic.py            | stop_loss_book_profit_core | {} | 
2025-10-18 06:52:46:453 | DEBUG    | trade_logic.py            | stop_loss_book_profit_core | Evaluating open positions for stop-loss/book-profit... | 
2025-10-18 06:52:46:453 | DEBUG    | trade_logic.py            | stop_loss_book_profit_core | {} | 
2025-10-18 06:52:51:461 | DEBUG    | trade_logic.py            | stop_loss_book_profit_core | Evaluating open positions for stop-loss/book-profit... | 
2025-10-18 06:52:51:462 | DEBUG    | trade_logic.py            | stop_loss_book_profit_core | {} | 
2025-10-18 06:52:56:472 | DEBUG    | trade_logic.py            | stop_loss_book_profit_core | Evaluating open positions for stop-loss/book-profit... | 
2025-10-18 06:52:56:473 | DEBUG    | trade_logic.py            | stop_loss_book_profit_core | {} | 
2025-10-18 06:53:01:488 | DEBUG    | trade_logic.py            | stop_loss_book_profit_core | Evaluating open positions for stop-loss/book-profit... | 
2025-10-18 06:53:01:490 | DEBUG    | trade_logic.py            | stop_loss_book_profit_core | {} | 
2025-10-18 06:53:06:501 | DEBUG    | trade_logic.py            | stop_loss_book_profit_core | Evaluating open positions for stop-loss/book-profit... | 
2025-10-18 06:53:06:502 | DEBUG    | trade_logic.py            | stop_loss_book_profit_core | {} | 
2025-10-18 06:53:11:516 | DEBUG    | trade_logic.py            | stop_loss_book_profit_core | Evaluating open positions for stop-loss/book-profit... | 
2025-10-18 06:53:11:517 | DEBUG    | trade_logic.py            | stop_loss_book_profit_core | {} | 
2025-10-18 06:53:16:520 | DEBUG    | trade_logic.py            | stop_loss_book_profit_core | Evaluating open positions for stop-loss/book-profit... | 
2025-10-18 06:53:16:521 | DEBUG    | trade_logic.py            | stop_loss_book_profit_core | {} | 
2025-10-18 06:53:21:531 | DEBUG    | trade_logic.py            | stop_loss_book_profit_core | Evaluating open positions for stop-loss/book-profit... | 
2025-10-18 06:53:21:532 | DEBUG    | trade_logic.py            | stop_loss_book_profit_core | {} | 
2025-10-18 06:53:26:533 | DEBUG    | trade_logic.py            | stop_loss_book_profit_core | Evaluating open positions for stop-loss/book-profit... | 
2025-10-18 06:53:26:535 | DEBUG    | trade_logic.py            | stop_loss_book_profit_core | {} | 
2025-10-18 06:53:31:543 | DEBUG    | trade_logic.py            | stop_loss_book_profit_core | Evaluating open positions for stop-loss/book-profit... | 
2025-10-18 06:53:31:544 | DEBUG    | trade_logic.py            | stop_loss_book_profit_core | {} | 
2025-10-18 06:53:36:545 | DEBUG    | trade_logic.py            | stop_loss_book_profit_core | Evaluating open positions for stop-loss/book-profit... | 
2025-10-18 06:53:36:546 | DEBUG    | trade_logic.py            | stop_loss_book_profit_core | {} | 
2025-10-18 06:53:41:547 | DEBUG    | trade_logic.py            | stop_loss_book_profit_core | Evaluating open positions for stop-loss/book-profit... | 
2025-10-18 06:53:41:549 | DEBUG    | trade_logic.py            | stop_loss_book_profit_core | {} | 
2025-10-18 06:53:46:558 | DEBUG    | trade_logic.py            | stop_loss_book_profit_core | Evaluating open positions for stop-loss/book-profit... | 
2025-10-18 06:53:46:559 | DEBUG    | trade_logic.py            | stop_loss_book_profit_core | {} | 
2025-10-18 06:53:51:572 | DEBUG    | trade_logic.py            | stop_loss_book_profit_core | Evaluating open positions for stop-loss/book-profit... | 
2025-10-18 06:53:51:573 | DEBUG    | trade_logic.py            | stop_loss_book_profit_core | {} | 
2025-10-18 06:53:56:588 | DEBUG    | trade_logic.py            | stop_loss_book_profit_core | Evaluating open positions for stop-loss/book-profit... | 
2025-10-18 06:53:56:589 | DEBUG    | trade_logic.py            | stop_loss_book_profit_core | {} | 
2025-10-18 06:54:01:601 | DEBUG    | trade_logic.py            | stop_loss_book_profit_core | Evaluating open positions for stop-loss/book-profit... | 
2025-10-18 06:54:01:602 | DEBUG    | trade_logic.py            | stop_loss_book_profit_core | {} | 
2025-10-18 06:54:02:473 | INFO     | server.py                 | home_page                 | Rendering home page | 
2025-10-18 06:54:06:610 | DEBUG    | trade_logic.py            | stop_loss_book_profit_core | Evaluating open positions for stop-loss/book-profit... | 
2025-10-18 06:54:06:610 | DEBUG    | trade_logic.py            | stop_loss_book_profit_core | {} | 
2025-10-18 06:54:11:615 | DEBUG    | trade_logic.py            | stop_loss_book_profit_core | Evaluating open positions for stop-loss/book-profit... | 
2025-10-18 06:54:11:616 | DEBUG    | trade_logic.py            | stop_loss_book_profit_core | {} | 
2025-10-18 06:54:16:621 | DEBUG    | trade_logic.py            | stop_loss_book_profit_core | Evaluating open positions for stop-loss/book-profit... | 
2025-10-18 06:54:16:621 | DEBUG    | trade_logic.py            | stop_loss_book_profit_core | {} | 
2025-10-18 06:54:21:632 | DEBUG    | trade_logic.py            | stop_loss_book_profit_core | Evaluating open positions for stop-loss/book-profit... | 
2025-10-18 06:54:21:633 | DEBUG    | trade_logic.py            | stop_loss_book_profit_core | {} | 
2025-10-18 06:54:26:648 | DEBUG    | trade_logic.py            | stop_loss_book_profit_core | Evaluating open positions for stop-loss/book-profit... | 
2025-10-18 06:54:26:648 | DEBUG    | trade_logic.py            | stop_loss_book_profit_core | {} | 
2025-10-18 06:54:31:664 | DEBUG    | trade_logic.py            | stop_loss_book_profit_core | Evaluating open positions for stop-loss/book-profit... | 
2025-10-18 06:54:31:665 | DEBUG    | trade_logic.py            | stop_loss_book_profit_core | {} | 
2025-10-18 06:54:36:674 | DEBUG    | trade_logic.py            | stop_loss_book_profit_core | Evaluating open positions for stop-loss/book-profit... | 
2025-10-18 06:54:36:675 | DEBUG    | trade_logic.py            | stop_loss_book_profit_core | {} | 
2025-10-18 06:54:41:676 | DEBUG    | trade_logic.py            | stop_loss_book_profit_core | Evaluating open positions for stop-loss/book-profit... | 
2025-10-18 06:54:41:677 | DEBUG    | trade_logic.py            | stop_loss_book_profit_core | {} | 
